,30mer,GNL-Scorer
0,CAGAAAAAAAAACACTGCAACAAGAGGGTA,0.557193075
1,TCAGAAAAAGCAGCGTCAGTGGATTGGCCC,0.63522139
2,CCAGAAAACAACGGCCCAGGAGGGCGGCCA,0.695509615
3,ATACAAAAGGAAGATTGCTGATGAGGGCAG,0.72546584
4,CAATAAAAGTATCAGTGTGTATAGAGGTGA,0.77157668
5,CACCAAACACAAGTGGGAGCAGGCTGGTGA,0.69216565
6,AACGAAACAGTGACGTTCCGTCTCTGGAAT,0.717288255
7,TGGAAAACAGTGTGCAGTTCCAGTTGGAGG,0.71571995
8,CCAGAAACGCCTAAGCCTAGTTGTGGGGAT,0.710300935
9,ACAGAAACTGATGGGCTGGCATTCTGGGCT,0.73040729
10,TGACAAAGACTTCTGTGTCCAGAAGGGCAA,0.644953945
11,CCCCAAAGAGGAGGAGAAGGTGCAAGGCCA,0.71571995
12,AAGGAAAGCAGACTTATGGAGACATGGAAG,0.59293332
13,GAGGAAAGCAGCCAGGACAGCAGTGGGCAG,0.624736035
14,TGGTAAAGCAGTCGCCCCTGCTTGTGGTAG,0.80593125
15,AGCAAAAGGCCACAGTTATTGTCATGGTCA,0.77773055
16,CACAAAAGTAGTCGCCCTCATCCTTGGTGG,0.791907935
17,CTGCAAAGTCTCTGGCAGGGGCGTAGGGCT,0.70685299
18,TCAGAAATAATACCAACAACTGGAGGGAGA,0.520562255
19,CCAGAAATGATGATTGCTGCTCAGGGGCCA,0.8046110000000001
20,TCCAAAATGCTAAGTGTGGAAATGAGGATT,0.6849534300000001
21,ATCCAAATTTCTGGCTGCAAGTGCAGGAGT,0.634481925
22,TTCCAACAAAATGTCAGAATGGATTGGCTC,0.478399715
23,GATGAACAACAGGAACTCGTTGAAAGGGGT,0.54114978
24,TGGTAACACTGAGACAGCTTCTCCTGGGCA,0.6371414950000001
25,CCAGAACAGCAACGGTCGCCATGTTGGAGA,0.61722621
26,CGCCAACAGCAGGAGCAGCGTGCACGGTAC,0.5684462
27,GTCAAACAGCTCACTGATCTGGGCCGGCGT,0.658180695
28,CATGAACATGACTCCCCGGAGGCCTGGGCT,0.5920005
29,CCCAAACCCAGCGGGCCTGGCCCCAGGCAC,0.708280955
30,CAGGAACCCCATGGTCTGGCCAGCTGGTGA,0.54609123
31,CATGAACCGCTGGACCCTGCAGATGGGCTT,0.71514277
32,CCAGAACGATCTCTTCAGCACATCAGGCAA,0.5177364600000001
33,CGGTAACGATTCCACGCTTTACTTTGGTCC,0.69878312
34,CAGAAACGCCTAAGCCTAGTTGTGGGGATC,0.68663393
35,CGGGAACGCGACGCTGCTGCGCACAGGTGC,0.75069219
36,AAACAACGGCCCAGGAGGGCGGCCAGGCGC,0.67729953
37,TAAAAACGTACAGGCCCCTGTCATTGGGGG,0.749745395
38,TGAAAACGTGGACGGCGGCGGACATGGCGG,0.6678195100000001
39,TGGAAACTACTGAATTGTCTTCTTTGGAGA,0.575752405
40,GTGGAACTCAGTGACATTCCAGTTGGGGTC,0.5741841000000001
41,CAGAAACTGATGGGCTGGCATTCTGGGCTT,0.61722621
42,ACAGAACTGGTTGCTGTGGTAGCAGGGAGT,0.610857435
43,AGCCAACTTCACCACCAAGGATGAGGGCGA,0.673926385
44,CAAGAAGAAAATAAGAAGAAGAACAGGAAT,0.379167385
45,CTAAAAGAAACGATCGGTGACTTTTGGCAG,0.6371414950000001
46,ATTGAAGAGAGACAGTACATGCCCTGGGAG,0.578142
47,AGAGAAGAGGAAGCACGTGCTCTCAGGCAC,0.71165807
48,GATGAAGATGAGAAGGAGAAACACAGGTAG,0.56385306
49,GGAAAAGCAGGTACGAGGCCAGGGAGGAGG,0.67234499
50,CTGGAAGCAGTGCTGATGTCTTGCTGGAAA,0.637282475
51,GGCCAAGCATGGAGGAAGGCACTCGGGCTT,0.613728175
52,TCGAAAGCCAGGTAGAACTTGTAGCGGGCC,0.754270875
53,GTTGAAGCGCAGCCGGCAGTCAGGGGGCGG,0.8320196150000001
54,CTCCAAGGACAACCAGAACAGCAACGGTCG,0.684605735
55,GGCCAAGGACAGGCCCCTGGGCCTGGGGAA,0.69410357
56,CTCGAAGGAGACCATCAGCCCCTGGGGGCA,0.673913295
57,CTACAAGGCCAAGGACAGGCCCCTGGGCCT,0.59487124
58,AGCTAAGGCGACAGAGGTGTCTGATGGTGC,0.736514805
59,GCCCAAGGTTCAGAGCCGCCTGGTCGGGGG,0.6159104400000001
60,GTGGAAGTAGCGGCGATAGACCGCGGGGTT,0.6748731800000001
61,TGCAAAGTCTCTGGCAGGGGCGTAGGGCTG,0.53166131
62,TGGAAAGTGCAGAAACAGAAGATGTGGTTG,0.5281495700000001
63,GCTGAAGTGCGCCAGAGATCACAGTGGGAG,0.8049806150000001
64,CCAGAAGTTTGAGCCACAAACCCATGGTCA,0.625353705
65,AGACAATAGTATAAATGTTACATGTGGTCC,0.6944419000000001
66,CTGCAATAGTCACTGGAGCTGTGGTGGCTT,0.7479108250000001
67,TGGAAATATAGAAGCCCTTGGCCATGGTGA,0.716088925
68,CCTGAATCATAGACACCAGGTCTTTGGGTT,0.693733955
69,TAGGAATCGGGTTTCAGCGTGTTGGGGAGG,0.90398431
70,TGACAATGAAGGCCAGCAAGTACGTGGACA,0.694401175
71,CAGGAATGACACCCACCCTACCACAGGGTC,0.722088725
72,TCATAATGACCAGCAAAGAAGTTAAGGATG,0.574283715
73,GTGGAATGACCTGTGGCTGAACGAGGGCTT,0.755123045
74,CATTAATGCATCCTTTGTGATGGTAGGTAC,0.644953945
75,CTCGAATGCCGAGTTCAACTGCGACGGGGA,0.70791134
76,TGTCAATGGGAAGATTCAAAGAAATGGGAC,0.656720455
77,CATCAATGTAGCTGGCATTTATGTAGGTGG,0.77773055
78,TTGGAATGTCTCAGCTCAAAAGTTCGGAGA,0.64734354
79,CCGAAATTGGGCTCCTGCACACAGTGGCCC,0.756056135
80,CGCCACAACAGCAGTAGCGCCACGAGGGCC,0.7001891650000001
81,ATGAACAACAGGAACTCGTTGAAAGGGGTG,0.526612145
82,GGAAACAAGAGACCAGAGCAGGAGTGGTTC,0.6991308150000001
83,GACAACAAGCTCTAACGAGACCAGTGGACC,0.785754065
84,GAAGACAATTCAGTAGTTTCCAAGGGGGTC,0.741653605
85,TCACACACACTGCTGCCCCCGACCAGGCGG,0.673308715
86,CGGTACACATCATTCAGCACCATGAGGTCT,0.65186902
87,CAGAACACCATCTACCTGAACCTGTGGGAC,0.610914535
88,AACTACACCCTCAGCCAGGGGCACAGGGTG,0.651211165
89,CCTCACACCTTGCAGATCCGGATCTGGGCC,0.677988265
90,GTGCACACGGCTGCCACGCCCAGGAGGATC,0.81268151
91,CCGAACACGTCCACGGTCACATGTTGGCTC,0.743335255
92,GGAGACACTCACGGGTTATTATTGGGGTTC,0.84739569
93,GGTAACACTGAGACAGCTTCTCCTGGGCAC,0.83431917
94,AGGCACAGAACAACCCTGTCTGCTGGGATC,0.574076385
95,ATCCACAGACAAGCTGGTCAAGTGTGGCGG,0.76183079
96,TGAGACAGCTTCTCCTGGGCACAGAGGAAC,0.70669892
97,TGTCACAGGATTGGCTGCAGTGACAGGAGG,0.64734354
98,GCTCACAGGCCCAGGACACAGAGCAGGTCA,0.7903396300000001
99,AGTGACAGGGACCTTATGGGCACTGGGAAT,0.700484215
100,TTGGACAGGGCTGTCAGGTCCTTGGGGTGG,0.847284135
101,GGAAACAGGGGCTGGTGGCATGGGTGGTGA,0.77964719
102,ACTTACAGGTGACGTTGAGCTGGATGGTTC,0.72895054
103,TACAACAGTAAGCTCCAAGACCAGTGGTCC,0.833218305
104,AGGCACAGTATATCCTGATTCATCAGGCTT,0.7005957700000001
105,GGAGACAGTGGATGGAGGAGGCTCTGGGAA,0.68183461
106,TGTGACAGTTCTGCAGCCAGGGGCCGGGGA,0.68037786
107,TGCCACATACCTGCTGGGAACGCTGGGTGA,0.49221685000000004
108,ACTTACATAGCTGCACACCACCCCAGGCCG,0.669824015
109,GACTACATGAACATGACTCCCCGGAGGCCT,0.8046110000000001
110,ATGAACATGACTCCCCGGAGGCCTGGGCTC,0.591959135
111,TTACACATGCCATGTGTACCATCAGGGGCT,0.749123245
112,CAGGACATGGAGCTTGTGGAGACCAGGCCT,0.653019975
113,CCACACATGGCCAGCAGCACCACCAGGAGT,0.6706453050000001
114,AGTGACATTCCAGTTGGGGTCTTCTGGAAG,0.678245685
115,TGTAACATTTATACTATTGTCTGTCGGCCG,0.692413705
116,AGCTACCACAACGAAGCAAACATGTGGTAA,0.576419625
117,TGTCACCACAGCTACTGGGTCTCTGGGGCC,0.533229615
118,ACTTACCACATGTTTGCTTCGTTGTGGTAG,0.6926292500000001
119,AACCACCACCAAGGCAATAAGCATGGGCAC,0.5555344950000001
120,TTCCACCACCGCGACCTCGTGAAGGGGCCC,0.653347075
121,ACCCACCACCGTGCCGGAGCCCACAGGTAA,0.67967365
122,AGAGACCAGAGCAGGAGTGGTTCATGGGGC,0.7211380900000001
123,AATGACCAGCAAAGAAGTTAAGGATGGGGC,0.64400331
124,GGACACCAGCTCCTGCAGAGCTGAGGGACC,0.53561921
125,CTTCACCAGCTTCTTGTAGACCAGAGGACC,0.7624484600000001
126,CCCGACCAGGCGGCTCTGAACCTTGGGCTG,0.573350895
127,AGACACCAGGTCTTTGGGTTCTGCAGGCAG,0.659637445
128,GTGTACCAGTACCAGTGTACCACATGGAAA,0.543539375
129,CACGACCAGTGCCCAAAACAGCTTAGGAGA,0.706960705
130,CAGTACCAGTGTACCACATGGAAAGGGGAA,0.658180695
131,CTCCACCCACAGGCTGTGAACAACCGGTCC,0.49751855
132,CAGCACCCAGGTACTCCACGTAGGAGGCGA,0.71018823
133,AGAGACCCAGTAGCTGTGGTGACAGGGGGA,0.588502465
134,ATCCACCCAGTGACCCCTCCCCTCTGGAGG,0.703480485
135,AATCACCCCACGGCCCCAGGACCACGGCAC,0.708280955
136,GAGCACCCTCTTACCTGTGGGCTCCGGCAC,0.7213906250000001
137,CATCACCCTGACCTGGCAGTTGAATGGGGA,0.757554005
138,AGTCACCCTGAGGTGCTGGGCCCTGGGCTT,0.68824475
139,GAGCACCGAGGAGTGAGTAGTCCTGGGGCC,0.64073042
140,TGTGACCGTGGACGTGTTCGGCCGGGGCGG,0.86182177
141,GGGCACCGTGGGGCTCGCCGACGGCGGCGG,0.8571422200000001
142,AAATACCTCAGCGAGTGTGGGCCTGGGGGC,0.61828456
143,GGCGACCTCCAGCCCCAGGCCCCCGGGCCA,0.561584385
144,AAAAACCTGACCTGCTCTGTGTCCTGGGCC,0.68810377
145,CTGTACCTGAGCCTACTGCCTCTCAGGAAG,0.603048825
146,CCTCACCTGCTCCTCAAACTTCGACGGAGA,0.706960705
147,TGCTACCTGGTATTCAGCCTCCAGAGGGGA,0.78600276
148,GGGAACCTGGTGACCATAGAGTGGTGGAAT,0.800180145
149,GGTGACCTGGTGGTTATGGGATCTTGGGTA,0.64546006
150,CCTGACCTGTCAGGTGAAGTTCGCTGGAGC,0.706960705
151,TCTTACCTGTGGGCTCCGGCACGGTGGTGG,0.701068735
152,TACAACCTTCTCGCAAAGGAATTCCGGGCA,0.62190576
153,GGTGACGAAATACCTCAGCGAGTGTGGGCC,0.525759975
154,AGCAACGAGGTCAGCCTCAGCTGCAGGTAT,0.63005107
155,TCACACGATGTGAAGAAGGAAACAGGGTAA,0.582502665
156,CTCTACGCAAAGCACGGCCTGGGGTGGTGT,0.71966825
157,TTCAACGCCGGCGCCATGGAGAACTGGGGA,0.63103462
158,TAGGACGCGCGGTCGGTGAGCAGGCGGCAG,0.66535767
159,CGGTACGCTGCAAAGTCTCTGGCAGGGGCG,0.696164915
160,GCGGACGGGGTGGTGGAGGCCACGGGGGAG,0.756341585
161,GGGGACGGTGGGAAGAGCTATGTCGGGAGC,0.74337662
162,AAAAACGTACAGGCCCCTGTCATTGGGGGT,0.583681935
163,AAGCACGTGCTCTCAGGCACCCTTGGGATA,0.6395310900000001
164,GTCCACGTGGATGAAGGCGCCGCGGGGCAC,0.751400135
165,CGGTACGTGTGCTCGGGTATCCCAAGGGTG,0.6537084750000001
166,AGTGACTACATGAACATGACTCCCCGGAGG,0.498464705
167,GTGAACTACGACGAAGAGAACTGGAGGAAG,0.6200389150000001
168,TTATACTATTGTCTGTCGGCCGGGAGGTTT,0.65191911
169,AGAGACTCACCCAGCGTTCCCAGCAGGTAT,0.7063430350000001
170,TGGAACTCAGTGACATTCCAGTTGGGGTCT,0.7727760100000001
171,AGCCACTCCACGCACGTGCCCTCCAGGTAG,0.684245485
172,AAGAACTCCCCAGTTCATGGTTACTGGTTC,0.70791134
173,TCGAACTCGCTGTCCATCTCATACTGGCTG,0.8107648700000001
174,TTGAACTCGGCATTCGAGCGAAACTGGGGC,0.7146616
175,ACCAACTGAGCCAACATGTGACCGTGGACG,0.749110155
176,CCACACTGCAGAGACTTACAGATGAGGTTC,0.714619085
177,CCACACTGGAACTCTCCACAGAACTGGTTG,0.72895054
178,AGCCACTGGGACGAGCGCCAGGCCCGGGTC,0.78085961
179,GAGAACTGGGGACTGGTGACCTACCGGGAG,0.696011995
180,TCGCACTGTCAGTGGTGTACTCCCAGGAGA,0.69612355
181,CGCCACTGTCCAGGAAACAGGGGCTGGTGG,0.666200475
182,GCAGACTGTTCCTGGCTGAATTTCAGGTAT,0.62524599
183,ACTTACTGTTCTGGTTCACTCCTGTGGGGC,0.833218305
184,AGAGACTTACAGATGAGGTTCCCCAGGCCC,0.59424909
185,CAGCACTTACAGGTGACGTTGAGCTGGATG,0.559646465
186,AGGTACTTGGAGCTGTGATATGTGGGGTAG,0.77470574
187,CTGCACTTTCCAAGAGATTGAACAAGGCAC,0.6861658500000001
188,AACCAGAAATGATGATTGCTGCTCAGGGGC,0.53286
189,AGAGAGAAATTGACATTCACCTGGTGGTAC,0.5917957
190,AGCCAGAAATTTGGATCCATAGCCAGGGCC,0.487527935
191,CTGTAGAACAAGTGCGCAGAATACTGGCCA,0.69348142
192,TACAAGAAGCTGGTGAAGAAATGTAGGTAC,0.5966386850000001
193,ATCAAGAAGTACAGGAGGAGACTCAGGGCA,0.5966386850000001
194,GCGCAGAATACTGGCCAAGCATGGAGGAAG,0.785754065
195,GCCAAGAATCAAGTGGCATGTTACTGGTGC,0.749123245
196,GCGGAGAATCCGAGATATGAGCCGCGGGCG,0.77157668
197,AAGAAGACAATTCAGTAGTTTCCAAGGGGG,0.594501625
198,GGGGAGACACTCACGGGTTATTATTGGGGT,0.755123045
199,GATGAGACAGTTGATGACTTCTGGAGGATG,0.80581033
200,GCCAAGACCCAAACCCAGCGGGCCTGGCCC,0.58825377
201,CGATAGACCGCGGGGTTGCGGTCGAGGAAA,0.75860799
202,ACGAAGACCTGAAAACGTGGACGGCGGCGG,0.763399095
203,CCAAAGACCTGGTGTCTATGATTCAGGACC,0.70791134
204,ACACAGACGGTCCATGGCAGCCCCCGGCCT,0.766889555
205,CAGTAGACGGTGGACCGCAGGTTGGGGTGG,0.81769776
206,AGAGAGACTCAGGGCCTACCTGGAGGGCAC,0.743127925
207,TGCCAGACTTCAACGCCGGCGCCATGGAGA,0.70685299
208,TTGAAGAGAGACAGTACATGCCCTGGGAGG,0.750322575
209,AAGCAGAGAGACTCAGGGCCTACCTGGAGG,0.64484239
210,TGACAGAGATGGATCCCAGCAGACAGGGTT,0.65913133
211,CGTTAGAGCTTGTTGTCACAGTGGTGGGGG,0.763399095
212,TCATAGAGGAACTGGTATTGCTCCTGGTGA,0.763553165
213,CGCCAGAGGCAAAAGCGGAGGACTGGGGCC,0.57646598
214,CTCCAGAGGGGAGGGGTCACTGGGTGGATC,0.80195207
215,TGACAGAGTTAGTGAATGGAGACCAGGTTT,0.648575145
216,GAGCAGAGTTTCCGAGTGGACCTGAGGACC,0.795375065
217,GTGGAGATCCAGATGGAAAACAAGTGGAAA,0.6185821650000001
218,TTACAGATGAGGTTCCCCAGGCCCAGGGGC,0.64865931
219,TTACAGATGATGAAAAGCAGCTGATGGATG,0.639161475
220,ACACAGATGCAGGCTGCAGATGCCCGGAAG,0.728698005
221,TATGAGATGGACAGCGAGTTCGAGGGGGAG,0.7368625
222,GGCCAGCAAGTACGTGGACATCTTGGGCGT,0.660695795
223,AGTCAGCACCCAGGTACTCCACGTAGGAGG,0.65131888
224,CAGCAGCACGCCCACCGGTCGCGACGGGGT,0.59931607
225,CCAGAGCAGATGACGGTGAGCGCCTGGCCG,0.505696135
226,ATGGAGCAGGAGGGGCCCGAGTATTGGGAG,0.74001284
227,CCTCAGCCACCACCAACCCCGCCTCGGCCA,0.69878312
228,CTGCAGCCAGGGGCCGGGGACGGTGGGAAG,0.6452120050000001
229,CGAAAGCCAGGTAGAACTTGTAGCGGGCCA,0.659380025
230,TAGAAGCCCAGGGCCCAGCACCTCAGGGTG,0.62322601
231,GGGAAGCCCATCTGCAGGGTCCAGCGGTTC,0.6975707
232,CACCAGCCCCTGTTTCCTGGACAGTGGCGG,0.73541394
233,AGGGAGCCCTTGAGGTGCACCACCAGGTAC,0.5353617900000001
234,TCGCAGCCGTCGTAGGCGTACTGCTGGTAC,0.711902155
235,CACCAGCCTGCTCCCACTTGTGTTTGGTGA,0.757554005
236,GAACAGCGACGTGGAAGTCTGTGTCGGGAA,0.69878312
237,ACCCAGCGCTGGCCCGGGGGCCTGGGGCTG,0.740102855
238,AGGCAGCGGAGCACTCACCTGGCCAGGTTG,0.6867880000000001
239,AGGCAGCGGCGGCGGCAGAAGCCCTGGCGA,0.625615605
240,GAGGAGCGGGCTGCACCTTGCTGTAGGAGA,0.78747708
241,TCTCAGCGTCACCCGGTAGGAATCGGGTTT,0.733999705
242,CATCAGCGTCGCTCTCCTGCTCTCAGGTAC,0.749745395
243,CACCAGCTCAGTCTTGTCAATGTCGGGGGG,0.49257710000000005
244,CTCCAGCTCCTCCCAGATTGCAGCTGGTGC,0.6025388700000001
245,CACCAGCTGCAATCTGGGAGGAGCTGGAGA,0.505696135
246,GTTCAGCTTCTGAATGATGTAATCAGGACA,0.629825925
247,TTAGAGCTTGTTGTCACAGTGGTGGGGGGT,0.73722275
248,ACCCAGGAAATACATTGCTGCACAAGGTAA,0.51279501
249,ATCTAGGAAGTCTGTGCTCAGTACTGGGGC,0.660695795
250,GCCAAGGACAGGCCCCTGGGCCTGGGGAAC,0.631249525
251,GAGGAGGACAGGGGGTCGAACAGCAGGGAG,0.431197375
252,CCGTAGGACGCGCGGTCGGTGAGCAGGCGG,0.55053606
253,TCGAAGGAGACCATCAGCCCCTGGGGGCAG,0.7766258450000001
254,GAGCAGGAGAGCGACGCTGATGGCTGGGTT,0.6865354650000001
255,CGGTAGGAGAGCGTCCAGTTGAAGAGGTTA,0.63811134
256,TTTGAGGAGCAGGTGAGGGTCTTCAGGAAC,0.6502605300000001
257,GTGCAGGAGCCCAATTTCGGGCACCGGCTG,0.659749
258,ATCCAGGATGTGTTCTGAACCAGCAGGCTT,0.55291629
259,TGAGAGGCAGTAGGCTCAGGTACAGGGGTG,0.6405230900000001
260,ATCCAGGCCAAGACCCAAACCCAGCGGGCC,0.65380694
261,TACGAGGCCAGGGAGGAGGCACTTGGGAAG,0.642082945
262,TTCTAGGCCATCCCTGTCATCAATCGGGCA,0.56839611
263,CCACAGGCCCAAAATCCTCATCCCTGGCAC,0.651571415
264,GGCCAGGCCTGAGGGCGGGTCGCCGGGGTG,0.574446
265,ACGAAGGCCTGAGGTGCACAGGTGTGGTGG,0.733845635
266,TCCGAGGCGGGTGTGGACAGCGGGTGGGAG,0.7456121450000001
267,TCGTAGGCGTACTGCTGGTACCCGCGGAGG,0.7343555900000001
268,GGGGAGGCTGACCCTGTGGTAGGGTGGGTG,0.7421641999999999
269,ATGAAGGGAAAGGACCAAGGGCCAAGGGGT,0.651571415
270,TCACAGGGAAGAATGTCAACATAACGGTTT,0.5557870300000001
271,GCTCAGGGAGCAGTTGTTCCTACTGGGATC,0.659380025
272,ACTCAGGGCAGATTCCGCCTCCTTGGGGAT,0.6657488
273,CAGCAGGGGCAGCAGTAGCAGCAGCGGCAT,0.7343555900000001
274,CAGGAGGGGCCCGAGTATTGGGAGCGGGAG,0.7706305250000001
275,GGCTAGGGTAAGGACCTTGATATAGGGCTG,0.672610615
276,GCCCAGGGTGCAGTACTCACCGCCAGGCCC,0.614557915
277,GCACAGGGTGGTCCTGCGTGGTGTGGGAGG,0.735456455
278,GCTCAGGTACAGGGGTGCTCATGCTGGCAC,0.61828456
279,TGCCAGGTCAGGGTGATGTCAGCAGGGTAG,0.5174839250000001
280,CTGCAGGTCCGTCTGTCACAGGATTGGCTG,0.56950455
281,CCCAAGGTTCAGAGCCGCCTGGTCGGGGGC,0.63932376
282,GGTCAGGTTGGTGCCGTGGTCCTGGGGCCG,0.74347997
283,TTGTAGTAGCCGAGCAGGGTCCTCAGGTCC,0.706600455
284,TGGAAGTAGCGGCGATAGACCGCGGGGTTG,0.59866688
285,AGTGAGTAGTCCTGGGGCCCAGGGAGGTGG,0.798363145
286,CAGAAGTCATCAACTGTCTCATCCCGGGGC,0.71259089
287,ACTCAGTCATCTCCTAAGCTGTTTTGGGCA,0.64171333
288,AGGGAGTCCATGCATCTCACTCGAGGGCCC,0.612126955
289,GAGTAGTCCTGGGGCCCAGGGAGGTGGGGG,0.771328625
290,TTCGAGTCGCCCTCGCACTCCCCGGGGCTG,0.87575046
291,TGGAAGTCGGCTACGTGGACGACACGGAGT,0.6141976650000001
292,GGCCAGTCGGGGGGCCCCTTCACGAGGTCG,0.87887952
293,TAAAAGTCTGATTACTAGATTCATAGGTGT,0.606268135
294,CTGTAGTGAGACACAGCTCCCGTTCGGGGC,0.71571995
295,GAGGAGTGAGTAGTCCTGGGGCCCAGGGAG,0.646410695
296,ACAGAGTGCCACTTAAGCATGAACTGGAGA,0.596381265
297,CTAGAGTGCCAGGGATGAGGATTTTGGGCC,0.722088725
298,GCCCAGTGCCATTGCGGCGGGCCACGGCGA,0.755123045
299,CTGAAGTGCGCCAGAGATCACAGTGGGAGG,0.729897335
300,CCTTAGTGCTGGTGTTGGGCGTACAGGTAC,0.63703378
301,GGACAGTGGCGGGGCCAGGCCTGAGGGCGG,0.749385145
302,TGACAGTGGCTCTTTGTGTTATCTGGGTAA,0.725709925
303,CGGCAGTGTGCGCCTGGATGCCCCAGGGCG,0.8626739400000001
304,TCGAAGTTCATCCAAACCCAGCGCTGGCCC,0.66512665
305,CCCCAGTTCATGGTTACTGGTTCCGGGAAG,0.66512665
306,ACGGAGTTCCAGAGTGTGAGGAGATGGTCT,0.478039465
307,CTGCAGTTCCGTCTGTCACAGGATTGGCTG,0.6116670900000001
308,CAAAAGTTCGGAGAGTGTAGGCTGAGGCTC,0.67205954
309,TGACAGTTCTGCAGCCAGGGGCCGGGGACG,0.65923468
310,GTCCAGTTGAAGAGGTTACTTGCCAGGCTT,0.65313153
311,CAGGAGTTGGAGGACACAGCACATTGGAAA,0.7868549300000001
312,TTCCAGTTGGGGTCTTCTGGAAGTGGGGTG,0.7050406
313,GAAGATAAAGTCACCCTGAGGTGCTGGGCC,0.517339455
314,TGTTATAAATGTGCAGACAGATTTGGGGAG,0.5835196500000001
315,AGGGATAATGGTTCATACTTCTTTCGGATG,0.711288455
316,TCTCATACTGGCTGTCCTTCACCAGGGAGC,0.815462235
317,GCTAATACTTCAATTTGTTTGGAGTGGAAA,0.756083525
318,AACTATAGATTTATATGTACCACCAGGTGA,0.52081479
319,TCTTATAGCATAAAACATATCCATGGGGTT,0.583772185
320,CGACATAGCTCTTCCCACCGTCCCCGGCCC,0.70791134
321,CTGGATAGGGGTCCCTGTCAGGGGCGGTAC,0.85052475
322,TTTGATAGGTCCGGACAAGGTCAATGGAAT,0.791907935
323,TTGGATATAGACCACGGAGATCCTTGGCAG,0.71703572
324,CATTATCACCCACCTAGGCAGATCAGGCTC,0.53166131
325,GGTCATCACGGTGGATACCAGCACGGGGAC,0.627661475
326,TTTAATCAGATGATTATAACCGTGTGGAAC,0.60370668
327,TGCCATCAGCACCGCCTGCTCCAACGGAGT,0.631403595
328,CCCCATCAGCTTCCTAACCTGCAGTGGACG,0.7624484600000001
329,TTTGATCAGGGCTTCAAGGAACCCAGGAAA,0.659637445
330,CTGAATCATAGACACCAGGTCTTTGGGTTC,0.58887144
331,GTTCATCCAAACCCAGCGCTGGCCCGGGGG,0.57912555
332,CGAAATCCCCGTCGCAGTTGAACTCGGCAT,0.6783578800000001
333,CCTCATCCCTGGCACTCTAGAACCCGGCCA,0.549539175
334,CTTCATCCCTTCTGGGGAAGCCTTGGGAAG,0.631353505
335,TCCCATCGAATTGGCAAGGGCCTGGGGTCC,0.66921593
336,CATAATCGCCGTGGCCCGCCGCAATGGCAC,0.637403395
337,TGGCATCGCCTCCCCAGACCAGATTGGCCT,0.6783578800000001
338,GCTCATCTCCAGTTCATGCTTAAGTGGCAC,0.57297168
339,TATGATCTGCGCAAGAAAAGATCCAGGTAA,0.625353705
340,CCCCATCTGCTCACTTGAATTCTGAGGGGC,0.661984525
341,CCTCATCTGTAAGTCTCTGCAGTGTGGCTC,0.6806341300000001
342,AATGATCTGTGCCCGATTGATGACAGGGAT,0.6723580800000001
343,CTTTATCTTCAGGTCTGCTGTGATGGGTCA,0.625146375
344,AGGAATGACACCCACCCTACCACAGGGTCA,0.502074935
345,ATTAATGACGCCTTCAACCTGGCCAGGTGA,0.611915785
346,GTTGATGACTTCTGGAGGATGATCTGGGAG,0.435876925
347,CGGGATGAGACAGTTGATGACTTCTGGAGG,0.69278332
348,ACAGATGAGGTTCCCCAGGCCCAGGGGCCT,0.71044565
349,CAGGATGATGCTTGCCACAGTGCCTGGGGC,0.567093675
350,GTTCATGATGTCCCGCACGGTGGTGGGGAG,0.66287806
351,TACCATGCACCTCCGTACCTTCATGGGGCC,0.6657488
352,TAACATGCCACTTGATTCTTGGCTTGGTGA,0.5886140200000001
353,CAGCATGCCCCAAAGAGGAGGAGAAGGTGC,0.49751855
354,TCGAATGCCGAGTTCAACTGCGACGGGGAT,0.659380025
355,GAAAATGCTCACATGAAGAAGATGAGGCAG,0.6086481300000001
356,GTGGATGCTGACAAAACCTCCCCCGGGTTC,0.76380186
357,ACTCATGCTGGATGGAGTTATCCTTGGTGT,0.79215663
358,TGCCATGGACCGTCTGTGTGCTGGCGGCCG,0.6975707
359,CTTCATGGCCGGCTCATCGAAGCATGGGAA,0.664180495
360,CTCCATGGCGCCGGCGTTGAAGTCTGGCAG,0.7160895650000001
361,GTCAATGGGAAGATTCAAAGAAATGGGACT,0.57682623
362,GGGTATGGGATGGAAGAAAGTGCAGGGCAC,0.624037935
363,TGTGATGGGTCACATGGGCCTTTGGGGAAT,0.76738991
364,TGTCATGGTCACACGATGTGAAGAAGGAAA,0.634767375
365,GTCTATGGTTATGTTGTCAAGCTAAGGCGA,0.644463175
366,CCTGATGTGCTGAAGAGATCGTTCTGGGCT,0.706960705
367,AGTAATGTTCCCAAACATGGCAGCTGGAAA,0.61096899
368,TGTGATGTTGACAGAGTTAGTGAATGGAGA,0.58595061
369,CGCCATGTTGGAGACAGTGGATGGAGGAGG,0.800180145
370,ATACATTACTTACATCAATGTAGCTGGCAT,0.569134935
371,TGGTATTCAGCCTCCAGAGGGGAGGGGTCA,0.799562475
372,AGGAATTCCGGGCATCCCTGTACAAGGGCG,0.7110404
373,TGTCATTCCTGCCCACTGCTGTCCTGGCTG,0.651211165
374,GCCAATTCGATGGGAGGCCCCGAACGGGAG,0.7761622450000001
375,TTTTATTCTGATTGTGGGGCTTTCGGGCAT,0.749264225
376,CTTCATTGAACAGACCCCAGAACCAGGTCT,0.57752433
377,CCCAATTTCGGGCACCGGCTGCCCCGGCCC,0.6414786100000001
378,AGGTATTTCGTCACCGCCGTGTCCCGGCCC,0.731213105
379,TATTATTTCTGAAGTGAATGAAGAGGGGTG,0.6163466400000001
380,CATACAAAAGGAAGATTGCTGATGAGGGCA,0.591476815
381,CATCCAAACCCAGCGCTGGCCCGGGGGCCT,0.6734120650000001
382,GGCACAAAGACGTCCGAGTCCGCCCGGTAG,0.64364306
383,GTGACAAAGACTTCTGTGTCCAGAAGGGCA,0.6152882900000001
384,GGCACAAAGCGCTCGTAGTTGGCACGGTCT,0.61060874
385,GCCACAACAGCAGTAGCGCCACGAGGGCCA,0.6936224
386,TGAACAACAGGAACTCGTTGAAAGGGGTGA,0.7523507700000001
387,GGCGCAACGCGTTGCTCGCTGGGGCGGTGC,0.741915505
388,ACTGCAACGCTATCGCCCAGGGCGGGGAGG,0.731186065
389,GCTCCAACGGAGTTCCAGAGTGTGAGGAGA,0.66968542
390,CCCACAACTAGGCTTAGGCGTTTCTGGAAC,0.725709925
391,TCTTCAACTGGACGCTCTCCTACCGGGCGG,0.766682225
392,TAGCCAACTTCACCACCAAGGATGAGGGCG,0.71700868
393,GCTGCAAGAAAAACGTTAGTCTCTTGGCCT,0.665379185
394,TGGCCAAGCATGGAGGAAGGCACTCGGGCT,0.69216565
395,CAAACAAGCTAGATCAAGAAGTACAGGAGG,0.56010633
396,GTTTCAAGCTTTCCACCTCAAAACTGGTCA,0.65913133
397,AGGCCAAGGACAGGCCCCTGGGCCTGGGGA,0.75730531
398,TCTACAAGGCCAAGGACAGGCCCCTGGGCC,0.8249422550000001
399,TGTACAAGGGCGTGAACAGCGACGTGGAAG,0.869381685
400,TGTTCAATGAAGGGAAAGGACCAAGGGCCA,0.6640683000000001
401,AGGGCAATGAGCAGAGTTTCCGAGTGGACC,0.7700083750000001
402,ACCTCAATGTGACGGGCTATTACCGGGTGA,0.647091005
403,AAGACAATTCAGTAGTTTCCAAGGGGGTCA,0.708619285
404,TGTGCACAATCATCGCACTGTCAGTGGTGT,0.65959493
405,CTCTCACACTATTCAGGTGATCTCTGGCTG,0.6229641100000001
406,AAGGCACAGAACAACCCTGTCTGCTGGGAT,0.673926385
407,CCACCACAGATGCCCACTTCTGGAAGGTTC,0.6723580800000001
408,AATTCACAGTAATGTTCCCAAACATGGCAG,0.5967916050000001
409,TTGTCACAGTGGTGGGGGGTGCACTGGTTC,0.664437915
410,CTGCCACATACCTGCTGGGAACGCTGGGTG,0.603048825
411,ATTACACATGCCATGTGTACCATCAGGGGC,0.567093675
412,TGATCACCAAACACAAGTGGGAGCAGGCTG,0.62164834
413,CTCCCACCACAGCAGCACGCCCACCGGTCG,0.6657488
414,CTGTCACCACAGCTACTGGGTCTCTGGGGC,0.580693855
415,AAACCACCACCAAGGCAATAAGCATGGGCA,0.61696879
416,TTTCCACCACCGCGACCTCGTGAAGGGGCC,0.64532356
417,GGGACACCAGCTCCTGCAGAGCTGAGGGAC,0.806179945
418,AATTCACCAGCTGGCCAGACCATGGGGTTC,0.571881055
419,GGTTCACCAGGCAGGCTGTCAGGCTGGTCA,0.583822915
420,AGGTCACCAGTCCCCAGTTCTCCATGGCGC,0.736514805
421,GTGGCACCATCCTCTACAAGGCCAAGGACA,0.602998735
422,AGAACACCATCTACCTGAACCTGTGGGACC,0.5699644150000001
423,CAACCACCCCACCCACCACCGTGCCGGAGC,0.69410357
424,AAGCCACCCCGGCGACCCGCCCTCAGGCCT,0.708280955
425,AGGCCACCCCTTCCAGACTGTCCGAGGCAG,0.76844826
426,TGACCACCCGCTCCTTGTTGCTGCTGGAGG,0.703480485
427,ACTACACCCTCAGCCAGGGGCACAGGGTGG,0.593302935
428,AAGTCACCCTGAGGTGCTGGGCCCTGGGCT,0.712960505
429,GGACCACCCTGTGCCCCTGGCTGAGGGTGT,0.69410357
430,TGAGCACCGAGGAGTGAGTAGTCCTGGGGC,0.69772477
431,CACTCACCGGGGAGGCTGACCCTGTGGTAG,0.7046576600000001
432,CCAGCACCGTCCGTTTCACCTGCAAGGAGG,0.6867880000000001
433,TGTGCACCTCAGGCCTTCGTGTCCTGGCAC,0.73556801
434,CTCACACCTTGCAGATCCGGATCTGGGCCC,0.7213906250000001
435,AGGACACGAAGGCCTGAGGTGCACAGGTGT,0.62790556
436,GTCACACGATGTGAAGAAGGAAACAGGGTA,0.62164834
437,ACTCCACGCACGTGCCCTCCAGGTAGGCCC,0.64532356
438,GCAGCACGCCCACCGGTCGCGACGGGGTTG,0.7480230200000001
439,CCAACACGCGCAGATCCACCTCCTCGGCAG,0.703480485
440,CGTGCACGCTGCTCCTGCTGTTGGCGGCCG,0.749591325
441,AAAGCACGGCCTGAGCCTCTCCGTAGGACG,0.76392278
442,CCCGCACGGTGGTGGGGAGTTGGATGGACC,0.74817709
443,GAAGCACGTGCTCTCAGGCACCCTTGGGAT,0.72127907
444,AGAGCACGTGCTTCCTCTTCTCTCGGGTCA,0.75912231
445,CGTCCACGTGGATGAAGGCGCCGCGGGGCA,0.707101685
446,CAGCCACTCACCTGCCCACAGCAGGGGCAG,0.702127085
447,GGAGCACTCACCTGGCCAGGTTGAAGGCGT,0.632461945
448,CCCACACTCTCCTTACCCCATCTCAGGGTG,0.604107175
449,CACACACTGCTGCCCCCGACCAGGCGGCTC,0.58485911
450,AAGGCACTGCTGTGCCAGTCTTGCAGGTGT,0.61722621
451,ATGGCACTGGGCCGGGCCCAGATCCGGATC,0.7384445350000001
452,TGGTCACTGTGATTGCTCATGAGCTGGCCC,0.5293619900000001
453,ACCCCACTTCCAGAAGACCCCAACTGGAAT,0.64400331
454,GAGGCACTTGGGAAGTCGTCCACGTGGATG,0.6474882550000001
455,CTTCCAGAAAACAACGGCCCAGGAGGGCGG,0.5741841000000001
456,ACCCCAGAACCAGGTCTTCTGCCAAGGATC,0.604107175
457,CCATCAGAGATGGCAGACAGCAGCAGGACT,0.576573695
458,AGACCAGAGCAGGAGTGGTTCATGGGGCCA,0.63811134
459,GCGCCAGAGGCAAAAGCGGAGGACTGGGGC,0.610857435
460,GCGCCAGAGTGACAGGGACCTTATGGGCAC,0.7211380900000001
461,TCTCCAGATATGACCATGGGTTTGTGGCTC,0.677393515
462,TGACCAGCAAAGAAGTTAAGGATGGGGCCC,0.562494775
463,AGGCCAGCAAGTACGTGGACATCTTGGGCG,0.499086855
464,TTCACAGCAATTTAGATGAACAACAGGAAC,0.44080901
465,TCTTCAGCACATCAGGCAATGAGTGGGTCC,0.56839611
466,CCAGCAGCACCACCAGGAGTACAAGGGTCA,0.712960505
467,ATACCAGCACGGGGACCCTTTCCCAGGAGC,0.69410357
468,CCAGCAGCACTTCGTGGGAGTCCATGGATA,0.54629856
469,CCTCCAGCAGCAACAAGGAGCGGGTGGTCA,0.5765606050000001
470,CGAACAGCAGGGAGTTCTCCCGGTAGGTCA,0.6405230900000001
471,AAAGCAGCCAGGACAGCAGTGGGCAGGAAT,0.664180495
472,TCTGCAGCCAGGGGCCGGGGACGGTGGGAA,0.707068535
473,TGGACAGCGAGTTCGAGGGGGAGTTGGCAG,0.64894476
474,TGATCAGCGCCGTACACGTCAAGCCGGCGG,0.663122145
475,AACCCAGCGCTGGCCCGGGGGCCTGGGGCT,0.707222605
476,TGGACAGCGTAGCTCCGGCGCCAGTGGAAG,0.748532975
477,GTCTCAGCGTCACCCGGTAGGAATCGGGTT,0.66657009
478,CACCCAGCGTTCCCAGCAGGTATGTGGCAG,0.803664845
479,CCACCAGCTCAGTCTTGTCAATGTCGGGGG,0.7213906250000001
480,TCCCCAGCTCTCTGTGCATGTGACAGGTGA,0.71982232
481,CAGGCAGCTCTTCCCCTTTCCATGTGGTAC,0.75645314
482,GCGGCAGCTGCCCCCAGCAAGCGTAGGTGA,0.7389044
483,TGGGCAGCTGGCTTACCAAGTTCCAGGTGG,0.67751531
484,ATTGCAGCTGGTGCCAGGACACGAAGGCCT,0.653849455
485,ATCTCAGCTGTTTGCACACTGCAGAGGCCT,0.8476443850000001
486,AGTCCAGCTTACCAGAGCAGATGACGGTGA,0.672817945
487,TCCCCAGGCCCAGGGGCCTGTCCTTGGCCT,0.741315275
488,GCCCCAGGCCCCCGGGCCAGCGCTGGGTTT,0.6251056500000001
489,ACCCCAGGCCCTTGCCAATTCGATGGGAGG,0.631146175
490,GGGCCAGGCCTGAGGGCGGGTCGCCGGGGT,0.6562603300000001
491,GGGTCAGGCTGAACTCATGCTGGATGGAGT,0.6027914050000001
492,TGCTCAGGGAGCAGTTGTTCCTACTGGGAT,0.73556801
493,GACTCAGGGCAGATTCCGCCTCCTTGGGGA,0.66469045
494,GCCCCAGGGCGGGGGCCAGTCGGGGGGCCC,0.81316268
495,GGCACAGGGTGGTCCTGCGTGGTGTGGGAG,0.7706305250000001
496,AAAGCAGGTACGAGGCCAGGGAGGAGGCAC,0.7706305250000001
497,GGTTCAGGTAGATGGTGTTCTGGTAGGCAA,0.672610615
498,CTGCCAGGTCAGGGTGATGTCAGCAGGGTA,0.71982232
499,GCCACAGGTCATTCCACCACTCTATGGTCA,0.672817945
500,CTGTCAGGTGAAGTTCGCTGGAGCTGGTGT,0.696164915
501,AGGTCAGGTTGGTGCCGTGGTCCTGGGGCC,0.749745395
502,CGGACAGTCTGGAAGGGGTGGCCTAGGTAA,0.58044132
503,GTGCCAGTCTTGCAGGTGTCCCGAGGGCAG,0.566263935
504,CACCCAGTGACCCCTCCCCTCTGGAGGCTG,0.771946295
505,GCTCCAGTGACTATTGCAGCTCCAAGGACA,0.69278332
506,CTGACAGTGCGATGATTGTGCACACGGCTG,0.54009143
507,GAGACAGTGGATGGAGGAGGCTCTGGGAAG,0.74469239
508,TGGACAGTGGCGGGGCCAGGCCTGAGGGCG,0.823855365
509,GTGACAGTGGCTCTTTGTGTTATCTGGGTA,0.6487006750000001
510,AAAACAGTGTGCAGTTCCAGTTGGAGGCTG,0.661984525
511,TCCCCAGTTCATGGTTACTGGTTCCGGGAA,0.645571615
512,GTGACAGTTCTGCAGCCAGGGGCCGGGGAC,0.63932376
513,CGCACAGTTGCTGTGTGGCTTCGATGGAAA,0.626603125
514,ATTCCAGTTGGGGTCTTCTGGAAGTGGGGT,0.7183658150000001
515,TGCTCATAATCACCCCACGGCCCCAGGACC,0.646269715
516,CATTCATACCTGAAAGATGTCAGTTGGACA,0.6163466400000001
517,ATCTCATACTGGCTGTCCTTCACCAGGGAG,0.6116670900000001
518,TCAACATCACGCTTATCCACCCCAAGGACC,0.612126955
519,CGGTCATCACGGTGGATACCAGCACGGGGA,0.69216565
520,AGCCCATCAGTTTCTGTGGGGTCAGGGACA,0.66526763
521,GGGGCATCCAGGCGCACACTGCCGAGGAGG,0.83896557
522,CATGCATCCATCCTCGTCCACTGCAGGTTA,0.7409456600000001
523,ACTTCATCCCTTCTGGGGAAGCCTTGGGAA,0.602638485
524,GCATCATCCTGACCCTTGTACTCCTGGTGG,0.63703378
525,CTCCCATCGAATTGGCAAGGGCCTGGGGTC,0.763553165
526,TGAGCATCGTAGACGCCAGGAGGAGGGATA,0.743127925
527,ACCCCATCTCAGGGTGAGGGGCTCAGGCAG,0.7398873100000001
528,TGGGCATCTGTGGTGGTGCCTCTTGGGAAG,0.76344161
529,GGTTCATGATGTCCCGCACGGTGGTGGGGA,0.8247881850000001
530,CTACCATGCACCTCCGTACCTTCATGGGGC,0.755123045
531,TACACATGCCATGTGTACCATCAGGGGCTG,0.763399095
532,TGCCCATGCTTATTGCCTTGGTGGTGGTTT,0.763399095
533,CCAGCATGGCATCAATTCCAATGTAGGTAC,0.74937578
534,CCAACATGGCGACCGTTGCTGTTCTGGTTG,0.721030375
535,TTCTCATGGCGGCAGTCCAGGCGAAGGTTT,0.72447832
536,GGTTCATGGGGCCATTGGAGGAGCTGGTGT,0.6141976650000001
537,AGTTCATGGTTACTGGTTCCGGGAAGGAGC,0.747807475
538,CCAACATGTGACCGTGGACGTGTTCGGCCG,0.799716545
539,AGATCATTAATGACGCCTTCAACCTGGCCA,0.597489705
540,AATACATTAATGCATCCTTTGTGATGGTAG,0.63209233
541,CCGACATTGACAAGACTGAGCTGGTGGAGC,0.61909212
542,GTTCCATTGCTCCTCTCGTTGTCTAGGTAA,0.65938875
543,GTAACATTGGAATCGGGGTCAAGGAGGAAG,0.7368625
544,CCTACATTGGAATTGATGCCATGCTGGAAG,0.673445215
545,TCCTCATTTCCACACTTAGCATTTTGGACA,0.70191154
546,TCATCCAAACCCAGCGCTGGCCCGGGGGCC,0.777323945
547,GTCGCCAACCCCGTCGCGACCGGTGGGCGT,0.52057162
548,CCATCCAACTCCCCACCACCGTGCGGGACA,0.674624485
549,GGCACCAAGGCTCGTCCCAGAAGGAGGTGA,0.707276125
550,GTTTCCAAGGGGGTCAAAGAAACTGGGATT,0.7380749200000001
551,TGGTCCAAGGTGGTGGCCGAGGCGGGGTTG,0.821917445
552,ATTTCCAAGTCCCTGGGCATCCTGGGGATC,0.765536155
553,GTCACCACAGCTACTGGGTCTCTGGGGCCC,0.76328754
554,AATTCCACCACACCTGTGCACCTCAGGCCT,0.6700681
555,GGCACCACCACAGATGCCCACTTCTGGAAG,0.7409456600000001
556,TTTTCCACCACCGCGACCTCGTGAAGGGGC,0.76930043
557,AGCACCACCAGGAGTACAAGGGTCAGGATG,0.61055865
558,AGGACCACCCTGTGCCCCTGGCTGAGGGTG,0.80593125
559,GCATCCACCGTGTGGAAGGAGATGAGGTCG,0.71450753
560,GCTGCCACGCCCAGGAGGATCCCCAGGATG,0.6866350800000001
561,GATTCCACGCTTTACTTTGGTCCAAGGTGG,0.74937578
562,TCGTCCACGTGGATGAAGGCGCCGCGGGGC,0.795375065
563,TATTCCACTAAAGCCTGATGAATCAGGATA,0.714773155
564,ACAGCCACTCACCTGCCCACAGCAGGGGCA,0.661520925
565,ACATCCACTTTGCCCTCTGCTTCCAGGCCT,0.77773055
566,GCTTCCAGAAAACAACGGCCCAGGAGGGCG,0.62956414
567,TTCCCCAGAACTACCTGAAGAAGCAGGTCA,0.563346945
568,CCTTCCAGAAGTGGGCATCTGTGGTGGTGC,0.77757648
569,GAGACCAGAGCAGGAGTGGTTCATGGGGCC,0.6936224
570,AGCGCCAGAGTGACAGGGACCTTATGGGCA,0.6120154
571,ATGACCAGCAAAGAAGTTAAGGATGGGGCC,0.58220388
572,AATGCCAGCCCATCAGTTTCTGTGGGGTCA,0.76183079
573,AAACCCAGCGCTGGCCCGGGGGCCTGGGGC,0.654340225
574,CACACCAGGATCCACCCCAACCTGCGGTCC,0.779966075
575,AGCCCCAGGCCCCCGGGCCAGCGCTGGGTT,0.86747441
576,GACCCCAGGCCCTTGCCAATTCGATGGGAG,0.72447832
577,GCATCCAGGCGCACACTGCCGAGGAGGTGG,0.741915505
578,GGAGCCAGGGCGGCCGCCAACAGCAGGAGC,0.7606417
579,TGCCCCAGGGCGGGGGCCAGTCGGGGGGCC,0.87908685
580,AGACCCAGTAGCTGTGGTGACAGGGGGACC,0.83165
581,TGTGCCAGTCTTGCAGGTGTCCCGAGGGCA,0.88043001
582,AGTACCAGTGTACCACATGGAAAGGGGAAG,0.807992595
583,GTGCCCATAAGGTCCCTGTCACTCTGGCGC,0.575392155
584,TCTCCCATCAGAGTGAAGACCCACAGGAGG,0.51264209
585,CAGCCCATCAGTTTCTGTGGGGTCAGGGAC,0.58331232
586,CCTCCCATCGAATTGGCAAGGGCCTGGGGT,0.572471325
587,ACTTCCATGTACCGGGGCTCCCCGAGGCCG,0.847143155
588,AGGACCATTCGAAAAATGCCCAGCAGGCCT,0.58693352
589,TCTACCCAAGATCCCATAACCACCAGGTCA,0.5161314
590,AAGACCCACAGGAGGAAAGCAGCCAGGACA,0.588361485
591,CCTCCCCACCATCACCATGGCCAAGGGCTT,0.604107175
592,CACGCCCACCGGTCGCGACGGGGTTGGCGA,0.59785932
593,TCCTCCCAGATTGCAGCTGGTGCCAGGACA,0.658180695
594,TGGACCCAGCATGCCCCAAAGAGGAGGAGA,0.641559285
595,CAGGCCCAGGACACAGAGCAGGTCAGGTTT,0.610857435
596,CCACCCCAGGGCGCCTCAGTCCTCAGGATG,0.74001284
597,ATGCCCCAGGGCGGGGGCCAGTCGGGGGGC,0.8568896850000001
598,GAGACCCAGTAGCTGTGGTGACAGGGGGAC,0.672713965
599,CAATCCCAGTTTCTTTGACCCCCTTGGAAA,0.645571615
600,TGTGCCCATCACATCCATCAGAGATGGCAG,0.61096899
601,GGGCCCCATCCTTAACTTCTTTGCTGGTCA,0.645571615
602,CCTCCCCATTCAACTGCCAGGTCAGGGTGA,0.61117632
603,TCTTCCCATTGACATAGGCAAGTAGGGACA,0.558948365
604,CTGACCCCACAGAAACTGATGGGCTGGCAT,0.43612946
605,GTTTCCCCACAGGGGCCCTGGCTATGGATC,0.69410357
606,AGGGCCCCAGAGACCCAGTAGCTGTGGTGA,0.68809068
607,TGGGCCCCAGGACTACTCACTCCTCGGTGC,0.593518715
608,GGATCCCCAGGATGCCCAGGGACTTGGAAA,0.6547004750000001
609,CCGCCCCCAGGCCCACACTCGCTGAGGTAT,0.7731456250000001
610,GATGCCCCAGGGCGGGGGCCAGTCGGGGGG,0.6452120050000001
611,TCCTCCCCATTCAACTGCCAGGTCAGGGTG,0.5886140200000001
612,GCTGCCCCCACCTCCCTGGGCCCCAGGACT,0.609048625
613,GGGCCCCCCGACTGGCCCCCGCCCTGGGGC,0.71765787
614,TTCCCCCCCTAGACAAATAGTAGAAGGAAC,0.54004134
615,TGGTCCCCCTGTCACCACAGCTACTGGGTC,0.5841418
616,GGCCCCCCGACTGGCCCCCGCCCTGGGGCA,0.76392278
617,CCAACCCCGCCTCGGCCACCACCTTGGACC,0.778100165
618,AGGCCCCCGGGCCAGCGCTGGGTTTGGATG,0.752874455
619,CCTCCCCCGGGTTCCTCTGTGCCCAGGAGA,0.7732996950000001
620,CTGACCCCTCCCCCCACAGTGGTTCGGGAA,0.74817709
621,GTCACCCCTGGGGCAGGTACAGCGAGGTTA,0.75978953
622,GGTCCCCCTGTCACCACAGCTACTGGGTCT,0.74337662
623,TCTTCCCCTTTCCATGTGGTACACTGGTAC,0.66937
624,GCCCCCCGACTGGCCCCCGCCCTGGGGCAT,0.76376871
625,GCTCCCCGAGGCCGGGCCGGGACACGGCGG,0.7160895650000001
626,ATGTCCCGCACGGTGGTGGGGAGTTGGATG,0.593302935
627,TGGCCCCGCCACTGTCCAGGAAACAGGGGC,0.631146175
628,GGTACCCGCGGAGGAGTCGCCCGTCGGACC,0.736514805
629,CCCACCCGCTGTCCACACCCGCCTCGGAGA,0.6657488
630,GATGCCCGGAATTCCTTTGCGAGAAGGTTG,0.65843323
631,CACACCCTACCCACTCCCAAAATCAGGTGA,0.48789755
632,GTGTCCCTACTTGCCTATGTCAATGGGAAG,0.54114978
633,TGACCCCTCCCCCCACAGTGGTTCGGGAAC,0.561584385
634,CCTCCCCTCTGGAGGCTGAATACCAGGTAG,0.41701999
635,ATCACCCTGACCTGGCAGTTGAATGGGGAG,0.5684462
636,TGCTCCCTGAGCATCGTAGACGCCAGGAGG,0.658180695
637,GAAGCCCTGGCGACCTCCAGCCCCAGGCCC,0.644228455
638,CAGCCCCTGTTTCCTGGACAGTGGCGGGGC,0.7766258450000001
639,TTTTCCCTTCAGAAAACAAGATTTTGGTAA,0.596998935
640,GGGTCCGACGGGCGACTCCTCCGCGGGTAC,0.656016245
641,AGGCCCGAGCACCCTCTTACCTGTGGGCTC,0.60649677
642,AGCACCGAGGAGTGAGTAGTCCTGGGGCCC,0.800180145
643,ATCTCCGAGGCGGGTGTGGACAGCGGGTGG,0.639212205
644,TGGACCGCAGGTTGGGGTGGATCCTGGTGT,0.736514805
645,GGCCCCGCCACTGTCCAGGAAACAGGGGCT,0.54609123
646,ACTGCCGCCATGAGAATAACACCAAGGATA,0.58882135
647,TGGCCCGCCGCAATGGCACTGGGCCGGGCC,0.687734795
648,TGCCCCGCGGCGCCTTCATCCACGTGGACG,0.8083622100000001
649,CCACCCGCTCCTTGTTGCTGCTGGAGGAGG,0.7910557650000001
650,CCTTCCGCTGAGCCTGATCTGCCTAGGTGG,0.79215663
651,GGGCCCGGCCCAGTGCCATTGCGGCGGGCC,0.76376871
652,GGCACCGGCTGCCCCGGCCCGCCCCGGCCG,0.741315275
653,TCGGCCGGGGCGGGCCGGGGCAGCCGGTGC,0.69617428
654,TAGCCCGTCACATTGAGGTTCAGCAGGACC,0.5033065400000001
655,ACCGCCGTGTCCCGGCCCGGCCTCGGGGAG,0.7164585400000001
656,TTACCCTAGCCAACTTCACCACCAAGGATG,0.716088925
657,CCCACCTAGGCAGATCAGGCTCAGCGGAAG,0.738430805
658,AGGACCTCAAACAGAAGCTTCCCAAGGCTT,0.71259089
659,TGCACCTCAAGGGCTCCCTGGTGAAGGACA,0.722088725
660,TTCTCCTCACTAGACTTGACCCACAGGCCC,0.52707201
661,ACACCCTCAGCCAGGGGCACAGGGTGGTCC,0.73213286
662,GCGACCTCATCTCCTTCCACACGGTGGATG,0.681792095
663,TCCTCCTCCAGCAGCAACAAGGAGCGGGTG,0.68022379
664,TCCACCTCCTCGGCAGTGTGCGCCTGGATG,0.6354654750000001
665,TTCTCCTCCTCTTTGGGGCATGCTGGGTCC,0.62128809
666,CTGACCTCCTGCAGGTGGTCCCACAGGTTC,0.651211165
667,ATCACCTCCTTCTGGGACGAGCCTTGGTGC,0.7409456600000001
668,CTGCCCTCGGGACACCTGCAAGACTGGCAC,0.695804665
669,CCGGCCTCGGGGAGCCCCGGTACATGGAAG,0.795036995
670,AAGACCTGAAAACGTGGACGGCGGCGGACA,0.7964334150000001
671,TGTCCCTGACCCCACAGAAACTGATGGGCT,0.673516045
672,TCATCCTGACCCTTGTACTCCTGGTGGTGC,0.763399095
673,AAAACCTGACCTGCTCTGTGTCCTGGGCCT,0.63703378
674,TCACCCTGACCTGGCAGTTGAATGGGGAGG,0.7760081750000001
675,GCATCCTGAGGACTGAGGCGCCCTGGGGTG,0.6936224
676,AAGGCCTGAGGTGCACAGGTGTGGTGGAAT,0.73025322
677,ATATCCTGATTCATCAGGCTTTAGTGGAAT,0.7113784700000001
678,GGGTCCTGCTGAACCTCAATGTGACGGGCT,0.62630434
679,TGCTCCTGCTGTTGGCGGCCGCCCTGGCTC,0.651211165
680,GTGACCTGCTTCTTCAGGTAGTTCTGGGGA,0.655890715
681,AAGGCCTGGAAGCAGAGGGCAAAGTGGATG,0.76077244
682,GTGTCCTGGCACCAGCTGCAATCTGGGAGG,0.721030375
683,TCCTCCTGGCGTCTACGATGCTCAGGGAGC,0.791907935
684,CTGTCCTGGCTGCTTTCCTCCTGTGGGTCT,0.77773055
685,CGCTCCTGGGAACACTTACTGTTCTGGTTC,0.7871074650000001
686,TTCTCCTGGGCACAGAGGAACCCGGGGGAG,0.765677135
687,GCATCCTGGGGATCCTCCTGGGCGTGGCAG,0.836347365
688,TAGTCCTGGGGCCCAGGGAGGTGGGGGCAG,0.794031905
689,GGGGCCTGGGGCTGGAGGTCGCCAGGGCTT,0.7917963800000001
690,GCTACCTGGTATTCAGCCTCCAGAGGGGAG,0.747807475
691,GTGACCTGGTGGTTATGGGATCTTGGGTAG,0.692675605
692,TGAACCTGTGGGACCACCTGCAGGAGGTCA,0.869381685
693,AGCCCCTGTTTCCTGGACAGTGGCGGGGCC,0.666200475
694,CTCTCCTTACCCCATCTCAGGGTGAGGGGC,0.585547845
695,CTGTCCTTCACCAGGGAGCCCTTGAGGTGC,0.692269
696,GGCCCCTTCACGAGGTCGCGGTGGTGGAAA,0.65923468
697,ACAACCTTCTCGCAAAGGAATTCCGGGCAT,0.526819475
698,ACCACCTTGGACCAAAGTAAAGCGTGGAAT,0.711955675
699,GAAGCCTTGGGAAGCTTCTGTTTGAGGTCC,0.809308365
700,TCATCCTTGGTGGTGAAGTTGGCTAGGGTA,0.653019975
701,TTATCCTTGGTGTTATTCTCATGGCGGCAG,0.7809535950000001
702,GTGACGAAATACCTCAGCGAGTGTGGGCCT,0.66512665
703,GGGTCGAACAGCAGGGAGTTCTCCCGGTAG,0.62260386
704,CCAGCGAACTTCACCTGACAGGTCAGGTTG,0.597489705
705,TGAACGAAGACCTGAAAACGTGGACGGCGG,0.6861658500000001
706,TCATCGAAGCATGGGAAGGACTTCCGGGCA,0.678245685
707,GAGGCGAAGCCCTCGTTCAGCCACAGGTCA,0.64865931
708,GACTCGAAGGAGACCATCAGCCCCTGGGGG,0.691070545
709,CCGTCGAAGTTTGAGGAGCAGGTGAGGGTC,0.6849534300000001
710,CCCCCGACATTGACAAGACTGAGCTGGTGG,0.66381088
711,TCACCGACCGCGCGTCCTACGGAGAGGCTC,0.713275925
712,GTGGCGACCTCATCTCCTTCCACACGGTGG,0.65913133
713,TCGCCGACGGCGGCGGCGGGCGGGCGGCGC,0.84103628
714,GTCGCGACGGGGTTGGCGACGCCCAGGGCA,0.71018938
715,CTAACGAGACCAGTGGACCCTCTGTGGCTA,0.8106108000000001
716,AATCCGAGATATGAGCCGCGGGCGCGGTGG,0.643741525
717,TCCCCGAGATGGGGGTCTACCTGGTGGGCC,0.710146865
718,GTGGCGAGCCCAGACAGTCTGCAGAGGACG,0.8247881850000001
719,TCGGCGAGCCCCACGGTGCCCCCATGGCGC,0.69842287
720,CATTCGAGCGAAACTGGGGCTGATAGGTAA,0.64484239
721,GCCCCGAGGCCGCCCCCTGACTGCCGGCTG,0.83444009
722,TGAACGAGGGCTTCGCCTCCTACGTGGAGT,0.85052475
723,GCTCCGAGGTCTATGGCCCCATGAAGGTAC,0.8107648700000001
724,ACTTCGAGTCGCCCTCGCACTCCCCGGGGC,0.72447832
725,CTTTCGAGTGAGCCCAGGCCTCCGGGGAGT,0.847284135
726,AGCCCGAGTGCCTTCCTCCATGCTTGGCCA,0.7525048400000001
727,CTGGCGATGATGTCATAGAGGAACTGGTAT,0.48646958500000004
728,ACGGCGATTATGCCCTGAACGTGACGGGCC,0.634481925
729,AGTGCGCAGAATACTGGCCAAGCATGGAGG,0.64400331
730,GCTTCGCAGCCCCGGGGAGTGCGAGGGCGA,0.763670245
731,GAAGCGCAGCCGGCAGTCAGGGGGCGGCCT,0.6745936050000001
732,GTCCCGCAGGCTCTCACACTATTCAGGTGA,0.74469239
733,GCCCCGCCACTGTCCAGGAAACAGGGGCTG,0.6159637
734,CCGGCGCCATGGAGAACTGGGGACTGGTGA,0.635825725
735,GCGCCGCCCGCCCGCCGCCGCCGTCGGCGA,0.74601264
736,TTCACGCCCTTGTACAGGGATGCCCGGAAT,0.564948165
737,GGCTCGCCGACGGCGGCGGCGGGCGGGCGG,0.6914769150000001
738,GGCCCGCCGCAATGGCACTGGGCCGGGCCC,0.6867880000000001
739,TCAACGCCGGCGCCATGGAGAACTGGGGAC,0.58621251
740,ATGGCGCCGGCGTTGAAGTCTGGCAGGCCA,0.67249906
741,TCAGCGCCGTACACGTCAAGCCGGCGGCCG,0.72362615
742,GCTTCGCCTCCTACGTGGAGTACCTGGGTG,0.53430344
743,CACCCGCCTCGGAGATCAACACGCCGGCCC,0.6539610100000001
744,TGTGCGCCTGGATGCCCCAGGGCGGGGGCC,0.712577825
745,CCTCCGCCTTACCTAGACAACGAGAGGAGC,0.6795256900000001
746,TGTTCGCGCCATGGGGGCACCGTGGGGCTC,0.66641602
747,CCACCGCGCCCGCGGCTCATATCTCGGATT,0.626673955
748,CCCGCGCGGGTCTGAGTCGGAGCCAGGGCG,0.74337662
749,GCGGCGCGGGTGGCGCCGAGGCCGGGGGCT,0.7188350450000001
750,CGGGCGCGGTGGATGGAGCAGGAGGGGCCC,0.7186099
751,ACCGCGCGTCCTACGGAGAGGCTCAGGCCG,0.61611777
752,GCAACGCGTTGCGCCAGAGCTTCTCGGTGA,0.782779715
753,GCAACGCTATCGCCCAGGGCGGGGAGGAGG,0.60132645
754,AAAGCGCTCGTAGTTGGCACGGTCTGGGCC,0.530308785
755,AACACGCTGAAACCCGATTCCTACCGGGTG,0.706960705
756,GCGGCGCTGATCACCAAACACAAGTGGGAG,0.71366845
757,ACGGCGCTGATCACCTACGCTTGCTGGGGG,0.659749
758,CAGCCGCTGATGTTGAAGCGCAGCCGGCAG,0.558948365
759,GGTACGCTGCAAAGTCTCTGGCAGGGGCGT,0.72941414
760,TACTCGCTGCGGTAGAAGCCCGCCAGGTCA,0.587303135
761,AGTTCGCTGGAGCTGGTGTGACTACGGAGA,0.67381483
762,ACGTCGCTGTTCACGCCCTTGTACAGGGAT,0.68810377
763,TCCACGCTTTACTTTGGTCCAAGGTGGTGG,0.699491065
764,TTCCCGGAACCAGTAACCATGAACTGGGGA,0.49257710000000005
765,ACCACGGCACCAACCTGACCTGTCAGGTGA,0.61696879
766,GCTCCGGCACGGTGGTGGGTGGGGTGGTTG,0.629933755
767,CAGCCGGCAGTCAGGGGGCGGCCTCGGGGC,0.665637245
768,GGCCCGGCCCAGTGCCATTGCGGCGGGCCA,0.631146175
769,CTCCCGGCCCGGTACTCACCCGCGCGGGTC,0.700811315
770,ACCCCGGCGACCCGCCCTCAGGCCTGGCCC,0.729320155
771,ACGGCGGCGGCGGGCGGGCGGCGCGGGTGG,0.77798861
772,GCGGCGGCGGGCGGGCGGCGCGGGTGGCGC,0.76583942
773,GGGCCGGCGTGTTGATCTCCGAGGCGGGTG,0.742275755
774,TGCTCGGCTACTACAACCAGAGCAAGGGCG,0.6098605500000001
775,TGGCCGGCTCATCGAAGCATGGGAAGGACT,0.624037935
776,CTGCCGGCTGCGCTTCAACATCAGCGGCTG,0.82878745
777,GGAGCGGGAGACACAGAAAGCCAAGGGCAA,0.626553035
778,GACGCGGGAGCGGTACGTGTGCTCGGGTAT,0.703480485
779,TGGTCGGGGGCAGCAGTGTGTGTGAGGGCA,0.756341585
780,AGATCGGGGGTGTTCCCTGCTCACAGGCCC,0.7732996950000001
781,TCGCCGGGGTGGCTTCTGGGGTAGAGGTAG,0.7343555900000001
782,CGGACGGGGTGGTGGAGGCCACGGGGGAGC,0.781567295
783,AGGGCGGGTCGCCGGGGTGGCTTCTGGGGT,0.8111344850000001
784,GAATCGGGTTTCAGCGTGTTGGGGAGGCGG,0.704432515
785,TCCACGGTCACATGTTGGCTCAGTTGGTGG,0.47027222
786,GGTACGGTCTCAGCGTCACCCGGTAGGAAT,0.56950455
787,GGCACGGTCTGGGCCCAGCACCACCGGCAC,0.561584385
788,TCCTCGGTGCTCATAATCACCCCACGGCCC,0.596998935
789,TAGACGGTGGACCGCAGGTTGGGGTGGATC,0.7088773450000001
790,CGACCGGTGGGCGTGCTGCTGTGGTGGGAG,0.724623035
791,AAAACGTACAGGCCCCTGTCATTGGGGGTG,0.6734120650000001
792,AGACCGTACCTCACCCCCAATGACAGGGGC,0.544237475
793,TAGGCGTACTGCTGGTACCCGCGGAGGAGT,0.715934855
794,TCCACGTAGCCGACTTCCATGTACCGGGGC,0.64865931
795,AGGACGTATTCAAGCAGGGCCTGGCGGTGA,0.7337334400000001
796,ATGGCGTCAAACAGCTCACTGATCTGGGCC,0.644953945
797,GCAGCGTCAGTGGATTGGCCCCACAGGAGT,0.646410695
798,GGCTCGTCCCAGAAGGAGGTGATGTGGACA,0.69095323
799,GCACCGTCCGTTTCACCTGCAAGGAGGCCA,0.7523507700000001
800,ACCGCGTGATGGCAGTGGATGCACTGGCCT,0.55542678
801,AGTTCGTGCGCTTCGACAGCGACGCGGAGA,0.799562475
802,CCGCCGTGTCCCGGCCCGGCCTCGGGGAGC,0.819050285
803,GGTACGTGTGCTCGGGTATCCCAAGGGTGC,0.848496555
804,TGGACGTGTTCGGCCGGGGCGGGCCGGGGC,0.7194620700000001
805,GTCACGTTCAGGGCATAATCGCCGTGGCCC,0.715934855
806,ACCTCGTTGCTATCTACCACAAGCAGGGGC,0.6045588500000001
807,CTCTCGTTGTCTAGGTAAGGCGGAGGGTAC,0.65313153
808,TCTGCTACACATGTGTAATTTGTTTGGGCA,0.63077656
809,GCTTCTACCGCAGCGAGTACATGGAGGGCA,0.78091287
810,GGGCCTACCTGGAGGGCACGTGCGTGGAGT,0.7901855600000001
811,TGGACTACGAGGAGGCAGCGGCGGCGGCAG,0.790695515
812,CCGTCTACTGCAACGCTATCGCCCAGGGCG,0.80128485
813,TTACCTAGACAACGAGAGGAGCAATGGAAC,0.655890715
814,GTCACTAGCAAGCCATAACAAAACAGGACT,0.644953945
815,AGAGCTATGTCGGGAGCAGCAGTGTGGCGA,0.798363145
816,TCAGCTCAAAAGTTCGGAGAGTGTAGGCTG,0.6229641100000001
817,GAAGCTCAACTACACCCTCAGCCAGGGGCA,0.604107175
818,TCTCCTCACACTCTGGAACTCCGTTGGAGC,0.6371414950000001
819,CCTGCTCACCGACCGCGCGTCCTACGGAGA,0.6466393300000001
820,CCCACTCACCTTTGGGAAGCATGTTGGACA,0.6371414950000001
821,TCTGCTCACTTGAATTCTGAGGGGCGGGTA,0.596637535
822,GCACCTCAGGGTGACTTTATCTTCAGGTCT,0.6158736850000001
823,CCAGCTCAGTCTTGTCAATGTCGGGGGGCT,0.72941414
824,GTGACTCATATCCAATTCACCAGCTGGCCA,0.50100722
825,CGCCCTCATCCTTGGTGGTGAAGTTGGCTA,0.554268815
826,CCCTCTCCAACCAGCCCTATATCAAGGTCC,0.598319185
827,AACTCTCCACAGAACTGGTTGCTGTGGTAG,0.650358995
828,GGATCTCCACTTGACCCTGACACTTGGAAT,0.61696879
829,CAGCCTCCAGAGGGGAGGGGTCACTGGGTG,0.665637245
830,CCTCCTCCAGCAGCAACAAGGAGCGGGTGG,0.59195041
831,AGAGCTCCCACTCACTGGTCCATCAGGTTT,0.54609123
832,CGCACTCCCCGGGGCTGCGAAGCCTGGCAA,0.659500945
833,GTGGCTCCGCAGATACCTGAAGAACGGGAA,0.6867880000000001
834,TGGGCTCCGGCACGGTGGTGGGTGGGGTGG,0.7374846500000001
835,TCAGCTCCTCCCCATTCAACTGCCAGGTCA,0.605181
836,ATTGCTCCTCTCGTTGTCTAGGTAAGGCGG,0.705644935
837,GCTTCTCCTGGGCACAGAGGAACCCGGGGG,0.757554005
838,TGGCCTCCTTGCAGGTGAAACGGACGGTGC,0.605181
839,CCCGCTCCTTGTTGCTGCTGGAGGAGGACA,0.742275755
840,CTGCCTCGGACAGTCTGGAAGGGGTGGCCT,0.60396858
841,TGAACTCGGCATTCGAGCGAAACTGGGGCT,0.71982232
842,CTACCTCTACCCCAGAAGCCACCCCGGCGA,0.566263935
843,AAGTCTCTACGCAAAGCACGGCCTGGGGTG,0.6371414950000001
844,GAGCCTCTCCGTAGGACGCGCGGTCGGTGA,0.53166131
845,GCTCCTCTCGTTGTCTAGGTAAGGCGGAGG,0.5634916600000001
846,GGATCTCTCTTCTTCATGTTGTGTAGGCAT,0.537909165
847,CACACTCTGGAACTCCGTTGGAGCAGGCGG,0.66287806
848,AAGTCTCTGGCAGGGGCGTAGGGCTGGTAA,0.6533895900000001
849,CTCTCTGAAATAAATGGAGATGCAGGGTCC,0.54582933
850,AGACCTGAAGATAAAGTCACCCTGAGGTGC,0.60622178
851,GCAGCTGACAACCAGGAGAAGATCGGGGGT,0.435876925
852,GTCCCTGACCCCACAGAAACTGATGGGCTG,0.5209318700000001
853,GGTGCTGACTATGCGGAGCCCACCTGGAAC,0.5174839250000001
854,CTGCCTGAGCCCCTCACCCTGAGATGGGGT,0.6865354650000001
855,TCCGCTGAGCCTGATCTGCCTAGGTGGGTG,0.623933955
856,AGGCCTGAGGGCGGGTCGCCGGGGTGGCTT,0.69002041
857,GGCGCTGATCACCTACGCTTGCTGGGGGCA,0.743591525
858,CGGGCTGCACCTTGCTGTAGGAGATGGCGT,0.5353617900000001
859,GCTCCTGCAGAGCTGAGGGACCCCAGGCCC,0.65145986
860,AGTTCTGCAGCCAGGGGCCGGGGACGGTGG,0.70191218
861,CTTTCTGCCTCGGACAGTCTGGAAGGGGTG,0.664180495
862,CCATCTGCTCACTTGAATTCTGAGGGGCGG,0.7611326900000001
863,CAGGCTGCTCAGGGCGGCCTCCCAGGGCAT,0.7969571
864,GGTCCTGCTGAACCTCAATGTGACGGGCTA,0.696164915
865,GCTACTGCTGCCCCTGCTGTGGGCAGGTGA,0.77173139
866,CCTGCTGCTGTCTGCCATCTCTGATGGATG,0.75912231
867,CGTGCTGCTGTGGTGGGAGCCCTTCGGGGG,0.806334015
868,TGACCTGCTTCTTCAGGTAGTTCTGGGGAA,0.672817945
869,CATGCTGGAAGGCCTGGAAGCAGAGGGCAA,0.582573495
870,TCAACTGGACGCTCTCCTACCGGGCGGACT,0.6192043150000001
871,AAGTCTGGCAGGCCAATCTGGTCTGGGGAG,0.69878312
872,AGCGCTGGCCCGGGGGCCTGGGGCTGGAGG,0.70671265
873,GTCACTGGCTACATTTGATGGTTCTGGAAG,0.6373940300000001
874,GCTGCTGGCTGCCACATACCTGCTGGGAAC,0.65000311
875,GCAGCTGGCTTACCAAGTTCCAGGTGGGCT,0.705490865
876,GCTCCTGGGAAAGGGTCCCCGTGCTGGTAT,0.73556801
877,GCCACTGGGACGAGCGCCAGGCCCGGGTCC,0.7153501
878,TCTCCTGGGCACAGAGGAACCCGGGGGAGG,0.770837855
879,AGAACTGGGGACTGGTGACCTACCGGGAGA,0.724519685
880,GCTTCTGGGGTAGAGGTAGCCATAAGGCAC,0.74337662
881,GGGCCTGGGGTCCCTCAGCTCTGCAGGAGC,0.7024221350000001
882,TACACTGGTACTGGTACACAGTTCTGGGCT,0.754424945
883,CGTGCTGGTATCCACCGTGATGACCGGGAA,0.6867880000000001
884,CTACCTGGTATTCAGCCTCCAGAGGGGAGG,0.742275755
885,CAGGCTGGTGAAGCAGAGAGACTCAGGGCC,0.625494685
886,AGGGCTGGTTGGAGAGGGTGACGCGGGAGC,0.69772477
887,TGCTCTGGTTGTAGTAGCCGAGCAGGGTCC,0.69146755
888,TCACCTGTCACATGCACAGAGAGCTGGGGA,0.588361485
889,GCCCCTGTCATTGGGGGTGAGGTACGGTCT,0.6025388700000001
890,AGCCCTGTCCAACATGCTTCCCAAAGGTGA,0.6371414950000001
891,TACGCTGTCCACATCACCTCCTTCTGGGAC,0.6371414950000001
892,ACATCTGTCCGGGACAGAGGCAGCAGGGAC,0.616716255
893,TCAACTGTCTCATCCCGGGGCCCTAGGAGT,0.547407
894,TGTTCTGTGCCTTGTTCAATCTCTTGGAAA,0.592319385
895,GCTGCTGTGGTGGGAGCCCTTCGGGGGGCG,0.8285349150000001
896,CTTACTGTTCTGGTTCACTCCTGTGGGGCC,0.659749
897,GCCCCTGTTTCCTGGACAGTGGCGGGGCCA,0.727845835
898,TCTCCTTACCCCATCTCAGGGTGAGGGGCT,0.6604471000000001
899,CCCTCTTACCTGTGGGCTCCGGCACGGTGG,0.658878795
900,GGAGCTTACTGTTGTAGCCACAGAGGGTCC,0.6163466400000001
901,TTTTCTTAGAGACTTCCTTCATACAGGAGT,0.716088925
902,CGAACTTCACCTGACAGGTCAGGTTGGTGC,0.62128809
903,GTACCTTCATGGGGCCATAGACCTCGGAGC,0.640481725
904,AAATCTTCCACACAGATTCCCCAAAGGCCC,0.726768275
905,AGTGCTTCCAGAAAACAACGGCCCAGGAGG,0.67955657
906,GAACCTTCCAGAAGTGGGCATCTGTGGTGG,0.7397332400000001
907,GAAGCTTCCCAAGGCTTCCCCAGAAGGGAT,0.65913133
908,ACGACTTCCCAAGTGCCTCCTCCCTGGCCT,0.722088725
909,AGTCCTTCCCATGCTTCGATGAGCCGGCCA,0.50664677
910,CATGCTTCGATGAGCCGGCCATGAAGGCCG,0.721030375
911,CGGGCTTCTACCGCAGCGAGTACATGGAGG,0.623677685
912,AGGGCTTCTATATTTCCAAGTCCCTGGGCA,0.6535913950000001
913,GCAACTTCTTCAGTGGTCCCATTGTGGTGC,0.866252625
914,GTTACTTGCCAGGCTTCGCAGCCCCGGGGA,0.651211165
915,GACCCTTGCCCAGTACCTGAGAGCAGGAGA,0.673308715
916,ATGTCTTGCTGGAAACTTCCTGAGAGGCAG,0.714619085
917,GGGACTTGGAAATATAGAAGCCCTTGGCCA,0.686625715
918,TGTCCTTGGAGCTGCAATAGTCACTGGAGC,0.72915787
919,GATCCTTGGCAGAAGACCTGGTTCTGGGGT,0.8107648700000001
920,TTGGCTTGGTGACCTGGTGGTTATGGGATC,0.8249422550000001
921,CATCCTTGGTGGTGAAGTTGGCTAGGGTAA,0.8107648700000001
922,CAGTCTTGTCAATGTCGGGGGGCTGGGAGC,0.643895595
923,GGAGCTTGTGGAGACCAGGCCTGCAGGGGA,0.73040729
924,AGAGCTTGTTGTCACAGTGGTGGGGGGTGC,0.817472615
925,GGCTCTTTCTTGACACATCTGTCCGGGACA,0.63209233
926,TCACCTTTGGGAAGCATGTTGGACAGGGCT,0.653019975
927,TCCTCTTTGGGGCATGCTGGGTCCAGGTGG,0.801032315
928,CGAGGAAAAGCAGGTACGAGGCCAGGGAGG,0.550373775
929,CCAGGAAACAGGGGCTGGTGGCATGGGTGG,0.603746925
930,TCCAGAAACGCCTAAGCCTAGTTGTGGGGA,0.7867008600000001
931,CTCGGAAACTCTGCTCATTGCCCTTGGCTT,0.646269715
932,GCTGGAAACTTCCTGAGAGGCAGTAGGCTC,0.630524025
933,GGAGGAAAGCAGCCAGGACAGCAGTGGGCA,0.847143155
934,TTCAGAAATAATACCAACAACTGGAGGGAG,0.69464923
935,ACCAGAAATGATGATTGCTGCTCAGGGGCC,0.711288455
936,GCCAGAAATTTGGATCCATAGCCAGGGCCC,0.70191154
937,CAGGGAACACCCCCGATCTTCTCCTGGTTG,0.755123045
938,CCCGGAACCAGTAACCATGAACTGGGGAGT,0.763399095
939,TCATGAACCGCTGGACCCTGCAGATGGGCT,0.7110404
940,ACCTGAACCTGTGGGACCACCTGCAGGAGG,0.673516045
941,ACAAGAACGCCAACAGCTCCCCCGTGGCCT,0.894607395
942,CACAGAACTGGTTGCTGTGGTAGCAGGGAG,0.7525048400000001
943,CATCGAAGCATGGGAAGGACTTCCGGGCAT,0.5884611
944,CATCGAAGCCACACAGCAACTGTGCGGTCC,0.694401175
945,TGTTGAAGCGCAGCCGGCAGTCAGGGGGCG,0.795090255
946,TGGTGAAGGACAGCCAGTATGAGATGGACA,0.694555245
947,ACTCGAAGGAGACCATCAGCCCCTGGGGGC,0.77773055
948,TCAAGAAGTACAGGAGGAGACTCAGGGCAG,0.8107648700000001
949,AGTGGAAGTAGCGGCGATAGACCGCGGGGT,0.813000395
950,GCTTGAAGTAGCTCAGGCTGCTCAGGGCGG,0.8107648700000001
951,TTGGGAAGTCGTCCACGTGGATGAAGGCGC,0.791907935
952,CTAGGAAGTCTGTGCTCAGTACTGGGGCGA,0.84739569
953,TCTGGAAGTGGGGTGCTGGGACCTGGGCAG,0.744584675
954,CGTCGAAGTTTGAGGAGCAGGTGAGGGTCT,0.714980485
955,CGGAGAATCCGAGATATGAGCCGCGGGCGC,0.51264209
956,GTAGGAATCGGGTTTCAGCGTGTTGGGGAG,0.550166445
957,GGTGGAATGACCTGTGGCTGAACGAGGGCT,0.78418576
958,TGCTGAATGATGTGTACCGCGTGATGGCAG,0.7349458600000001
959,AGTTGAATGGGGAGGAGCTGATCCAGGACA,0.801032315
960,GGTGGAATTCTACAATGGCAGCTGGGGTGG,0.686521735
961,TGGGGAATTTGCAGAAAGACCTCATGGTGC,0.568283915
962,AGCTGACAACCAGGAGAAGATCGGGGGTGT,0.7068066350000001
963,CTACGACAAGAACTCCCCAGTTCATGGTTA,0.546054475
964,CACAGACAAGCTGGTCAAGTGTGGCGGCAT,0.697326615
965,AGAAGACAATTCAGTAGTTTCCAAGGGGGT,0.608786725
966,TCTGGACACAGAAGTCTTTGTCACAGGTAA,0.58992979
967,TCTTGACACATCTGTCCGGGACAGAGGCAG,0.602894755
968,GGGAGACACTCACGGGTTATTATTGGGGTT,0.5209318700000001
969,CAATGACACTCAGGCTGCTGTTCTTGGCTC,0.61828456
970,TAGGGACACTTCATAGTATTTATAAGGTTT,0.560006715
971,GAGTGACAGGGACCTTATGGGCACTGGGAA,0.697480685
972,GTTGGACAGGGCTGTCAGGTCCTTGGGGTG,0.64078051
973,TGGTGACAGGGGGACCACTGGTCTTGGAGC,0.725835455
974,ACCTGACAGGTCAGGTTGGTGCCGTGGTCC,0.696268265
975,AGGTGACCAGCCTGACAGCCTGCCTGGTGA,0.5696455300000001
976,CCCCGACCAGGCGGCTCTGAACCTTGGGCT,0.71765787
977,CAGAGACCCAGTAGCTGTGGTGACAGGGGG,0.61696879
978,CAAGGACCCCCACTCACCTGATTTTGGGAG,0.712960505
979,GCTGGACCCTGCAGATGGGCTTCCCGGTCA,0.59487124
980,TGATGACCGGGAAGCCCATCTGCAGGGTCC,0.7386970700000001
981,TCGCGACCGGTGGGCGTGCTGCTGTGGTGG,0.81929898
982,ATGTGACCGTGGACGTGTTCGGCCGGGGCG,0.700965385
983,TGGCGACCTCCAGCCCCAGGCCCCCGGGCC,0.76392278
984,TAAGGACCTTGATATAGGGCTGGTTGGAGA,0.606412605
985,CGTAGACGCCAGGAGGAGGGATAATGGTTC,0.642082945
986,GAGCGACGCTGATGGCTGGGTTCATGGTGC,0.59487124
987,GGCGGACGGGGTGGTGGAGGCCACGGGGGA,0.8205114
988,TCGCGACGGGGTTGGCGACGCCCAGGGCAG,0.78747708
989,CGGGGACGGTGGGAAGAGCTATGTCGGGAG,0.69772477
990,TGATGACGTCAGTGGCCTCCTTGCAGGTGA,0.749745395
991,CAAAGACGTCCGAGTCCGCCCGGTAGGAGA,0.630087825
992,TGCAGACTGTCTGGGCTCGCCACCTGGACC,0.63932376
993,AGCAGACTTATGGAGACATGGAAGTGGAGA,0.71366845
994,TAGAGACTTCCTTCATACAGGAGTTGGAGG,0.515184605
995,AAGAGAGACAGTACATGCCCTGGGAGGCCG,0.61081492
996,TGTGGAGACCAGGCCTGCAGGGGATGGAAC,0.502074935
997,GCCAGAGACCATCTCCTCACACTCTGGAAC,0.522500175
998,CAGAGAGACTCAGGGCCTACCTGGAGGGCA,0.620520085
999,TGTGGAGAGTTCCAGTGTGGCCCGTGGCAC,0.743591525
1000,CACGGAGATCCTTGGCAGAAGACCTGGTTC,0.47266181500000004
1001,GTATGAGATGGACAGCGAGTTCGAGGGGGA,0.71165807
1002,GACAGAGATGGATCCCAGCAGACAGGGTTG,0.577823115
1003,CCCCGAGATGGGGGTCTACCTGGTGGGCCA,0.66287806
1004,CTGAGAGCAGGAGAGCGACGCTGATGGCTG,0.703480485
1005,TGGTGAGCCACTGGGACGAGCGCCAGGCCC,0.511695935
1006,CGGGGAGCCCCGGTACATGGAAGTCGGCTA,0.631146175
1007,GCCTGAGCCCCTCACCCTGAGATGGGGTAA,0.7149887
1008,GCCTGAGCCTCTCCGTAGGACGCGCGGTCG,0.6157563699999999
1009,CGGTGAGCGCCTGGCCGCCCTCCTGGGCCG,0.778100165
1010,TTTTGAGCTGAGACATTCCAAGGTAGGTAA,0.68198753
1011,GTTAGAGCTTGTTGTCACAGTGGTGGGGGG,0.57682623
1012,CAAGGAGGAAGTGCTCCTGGGAAAGGGTCC,0.61696879
1013,CCAGGAGGATCCCCAGGATGCCCAGGGACT,0.712960505
1014,TCTGGAGGATGATCTGGGAGCAAAAGGCCA,0.483341165
1015,CTGAGAGGCAGTAGGCTCAGGTACAGGGGT,0.5841418
1016,GTACGAGGCCAGGGAGGAGGCACTTGGGAA,0.6783578800000001
1017,AGCAGAGGGCAAAGTGGATGTCTATGGTTA,0.76860233
1018,CCACGAGGGCCAAAACCACCACCAAGGCAA,0.73556801
1019,AGGTGAGGGTCTTCAGGAACCCCATGGTCT,0.68699533
1020,CCTTGAGGTGCACCACCAGGTACTCGGTGG,0.724519685
1021,GACAGAGGTGTCTGATGGTGCAAGTGGAGG,0.694952495
1022,GCAGGAGTCAGTGACGGTACAGGAGGGTTT,0.5209318700000001
1023,CAGGGAGTCCATGCATCTCACTCGAGGGCC,0.673772315
1024,CTTCGAGTCGCCCTCGCACTCCCCGGGGCT,0.70322795
1025,ACCTGAGTCTGCATCTAAACCCCATGGATA,0.50832279
1026,TCCAGAGTGTGAGGAGATGGTCTCTGGCCT,0.706960705
1027,GGGGGAGTTGGCAGATGACCTGGCGGGCTT,0.6487006750000001
1028,GGTGGATAAGCGTGATGTTGAACTCGGCCT,0.621044005
1029,GGGCGATAGCGTTGCAGTAGACGGTGGACC,0.7513587700000001
1030,CCTTGATATAGGGCTGGTTGGAGAGGGTGA,0.71452062
1031,CTCAGATATCCAGGTGATGCTAAGTGGCTC,0.7700083750000001
1032,CCGAGATATGAGCCGCGGGCGCGGTGGATG,0.766785575
1033,AGCTGATCCAGGACATGGAGCTTGTGGAGA,0.62509192
1034,TACAGATGAGGTTCCCCAGGCCCAGGGGCC,0.745643025
1035,GGTGGATGCTGACAAAACCTCCCCCGGGTT,0.71259089
1036,GGATGATGCTTGCCACAGTGCCTGGGGCCA,0.70669892
1037,ATGAGATGGACAGCGAGTTCGAGGGGGAGT,0.845827385
1038,TGCAGATGGGCTTCCCGGTCATCACGGTGG,0.75876206
1039,TAAGGATGGGGCCCGTCACGTTCAGGGCAT,0.843817005
1040,CTGTGATGGGTCACATGGGCCTTTGGGGAA,0.73040729
1041,GGTAGATGGTGTTCTGGTAGGCAAAGGTGT,0.72915787
1042,GGGCGATGTAATCGCAGCCGTCGTAGGCGT,0.796587485
1043,CAAAGATGTCCAAAATGCTAAGTGTGGAAA,0.7702609100000001
1044,GCGTGATGTTGAACTCGGCCTTCATGGCCG,0.692675605
1045,CGGCGATTATGCCCTGAACGTGACGGGCCC,0.630524025
1046,ACAGGATTGGCTGCAGTGACAGGAGGGTCA,0.5855903600000001
1047,TACTGCAACGCTATCGCCCAGGGCGGGGAG,0.6682557100000001
1048,GGCTGCAAGTGCAGGAGTCAGTGACGGTAC,0.76330063
1049,GTTTGCACACTGCAGAGGCCTGCTGGGCAT,0.62128809
1050,CCTTGCACCTTCTCCTCCTCTTTGGGGCAT,0.77757648
1051,AGCAGCACGCCCACCGGTCGCGACGGGGTT,0.8045170150000001
1052,GAGAGCACGTGCTTCCTCTTCTCTCGGGTC,0.77773055
1053,GATGGCAGACAGCAGCAGGACTACTGGCTG,0.63703378
1054,AGATGCAGACTCAGGTTTAGATACAGGCTC,0.612126955
1055,TGAGGCAGAGACAAAGAGCGAGCAGGGCTG,0.61648762
1056,GCCAGCAGCACCACCAGGAGTACAAGGGTC,0.553858475
1057,CACTGCAGCCAATCCTGTGACAGACGGACC,0.65913133
1058,CACTGCAGCCAATCCTGTGACAGACGGACC,0.65913133
1059,TCAGGCAGCCCCTGATGGTACACATGGCAT,0.602431155
1060,CTTTGCAGCGTACCGCCCCTGACAGGGACC,0.7110404
1061,GGGGGCAGCTGCCGCCGCTGCCCTGGGCGT,0.7504434950000001
1062,TCTTGCAGCTGGATCCCCACAACTAGGCTT,0.591701715
1063,CCACGCAGGACCACCCTGTGCCCCTGGCTG,0.721030375
1064,TGGAGCAGGAGGGGCCCGAGTATTGGGAGC,0.618998135
1065,AAGTGCAGGAGTCAGTGACGGTACAGGAGG,0.77773055
1066,AGAAGCAGGCATCCAATGGTGTCTTGGTAT,0.725709925
1067,TCTGGCAGGGGCGTAGGGCTGGTAAGGCTT,0.7430163700000001
1068,CCGAGCAGGGTCCTCAGGTCCACTCGGAAA,0.728838985
1069,CCTTGCAGGTGAAACGGACGGTGCTGGAGC,0.8107648700000001
1070,TCCTGCAGGTGGTCCCACAGGTTCAGGTAG,0.710300935
1071,TCTTGCAGGTGTCCCGAGGGCAGAAGGTGA,0.7052846850000001
1072,GCCGGCAGTCAGGGGGCGGCCTCGGGGCGC,0.83790722
1073,TACAGCAGTGCTTCCAGAAAACAACGGCCC,0.75271217
1074,CCCAGCATCGTACCTGGCTCACAGTGGAGT,0.7867008600000001
1075,CTGAGCATCGTAGACGCCAGGAGGAGGGAT,0.6563138500000001
1076,TGCAGCATCTACATCTATCTCTAAAGGAAC,0.617914945
1077,GTGGGCATCTGTGGTGGTGCCTCTTGGGAA,0.69348142
1078,GGAAGCATGTTGGACAGGGCTGTCAGGTCC,0.6294656750000001
1079,CGTCGCCAACCCCGTCGCGACCGGTGGGCG,0.702127085
1080,CACAGCCACTCACCTGCCCACAGCAGGGGC,0.6025388700000001
1081,GGCCGCCAGCACACAGACGGTCCATGGCAG,0.706960705
1082,GAATGCCAGCCCATCAGTTTCTGTGGGGTC,0.7211380900000001
1083,GTCTGCCATCTCTGATGGATGTGATGGGCA,0.50726444
1084,GGCTGCCATGGACCGTCTGTGTGCTGGCGG,0.71165807
1085,GGTCGCCATGTTGGAGACAGTGGATGGAGG,0.58595061
1086,TCCAGCCCAAGGTTCAGAGCCGCCTGGTCG,0.635825725
1087,AGAAGCCCAGGGCCCAGCACCTCAGGGTGA,0.66908519
1088,TGGTGCCCATGCTTATTGCCTTGGTGGTGG,0.622004225
1089,GGATGCCCCAGGGCGGGGGCCAGTCGGGGG,0.6216577050000001
1090,ACTGGCCCCCGCCCTGGGGCATCCAGGCGC,0.670437715
1091,GCCCGCCCCGGCCGAACACGTCCACGGTCA,0.75069219
1092,GGGGGCCCCTTCACGAGGTCGCGGTGGTGG,0.6975707
1093,GCTGGCCCGGGGGCCTGGGGCTGGAGGTCG,0.800442045
1094,CCAGGCCCTGCTTGAATACGTCCTCGGACA,0.76380186
1095,CCAGGCCCTTGCCAATTCGATGGGAGGCCC,0.72809837
1096,TGGCGCCGAGGCCGGGGGCTGCCATGGACC,0.6939920150000001
1097,CGCCGCCGCCGTCGGCGAGCCCCACGGTGC,0.708280955
1098,TATCGCCGCTACTTCCACTGGCGCCGGAGC,0.651571415
1099,CAACGCCGGCGCCATGGAGAACTGGGGACT,0.8666222400000001
1100,TGGTGCCGTGGTCCTGGGGCCGTGGGGTGA,0.756341585
1101,CACCGCCGTGTCCCGGCCCGGCCTCGGGGA,0.8205114
1102,CCCAGCCTCATACCAAGACACCATTGGATG,0.6229641100000001
1103,CGGGGCCTCCCATCGAATTGGCAAGGGCCT,0.6371414950000001
1104,CTTCGCCTCCTACGTGGAGTACCTGGGTGC,0.65131888
1105,TTCCGCCTCCTTGGGGATCCCAGTAGGAAC,0.6025388700000001
1106,AGCTGCCTGCAGAACCCAAAGACCTGGTGT,0.55771676
1107,GTGCGCCTGGATGCCCCAGGGCGGGGGCCA,0.795500595
1108,TCAGGCCTGGCCCCGCCACTGTCCAGGAAA,0.7541902250000001
1109,GGGGGCCTGGGGCTGGAGGTCGCCAGGGCT,0.639212205
1110,AGGGGCCTGTCCTTGGCCTTGTAGAGGATG,0.7908032300000001
1111,AACAGCGACGTGGAAGTCTGTGTCGGGAAT,0.611915785
1112,TCTGGCGCAACGCGTTGCTCGCTGGGGCGG,0.73541394
1113,AAGTGCGCCAGAGATCACAGTGGGAGGCCC,0.590849545
1114,GTGTGCGCCTGGATGCCCCAGGGCGGGGGC,0.631146175
1115,GGCGGCGCGGGTGGCGCCGAGGCCGGGGGC,0.785908775
1116,GCGGGCGCGGTGGATGGAGCAGGAGGGGCC,0.757554005
1117,ATCTGCGCGTGTTGGACTACGAGGAGGCAG,0.70788046
1118,CGGGGCGCTATCGCGCCCCCCGAAGGGCTC,0.700965385
1119,CCAGGCGCTCACCGTCATCTGCTCTGGTAA,0.73556801
1120,GACGGCGGCGGCGGGCGGGCGGCGCGGGTG,0.69602021
1121,TGACGCGGGAGCGGTACGTGTGCTCGGGTA,0.663122145
1122,AGTGGCGGGGCCAGGCCTGAGGGCGGGTCG,0.752874455
1123,CGGCGCGGGTGGCGCCGAGGCCGGGGGCTG,0.847765305
1124,AGGGGCGGTACGCTGCAAAGTCTCTGGCAG,0.6539610100000001
1125,TCCAGCGGTTCATGATGTCCCGCACGGTGG,0.65843323
1126,AGCAGCGTCGCGTTCCCGTTCTTCAGGTAT,0.585138685
1127,TGCTGCTACTGCTGCCCCTGCTGTGGGCAG,0.674624485
1128,ACAAGCTAGATCAAGAAGTACAGGAGGAGA,0.670776045
1129,AGAAGCTCAACTACACCCTCAGCCAGGGGC,0.644953945
1130,ACCAGCTCAGTCTTGTCAATGTCGGGGGGC,0.705346395
1131,TCAAGCTCATGTTTGACCGCTCCGAGGTCT,0.7822560300000001
1132,CCTGGCTCCGACTCAGACCCGCGCGGGTGA,0.76449996
1133,GTGGGCTCCGCATAGTCAGCACCCAGGTAC,0.73146564
1134,GTGGGCTCCGGCACGGTGGTGGGTGGGGTG,0.6731971600000001
1135,CGTTGCTCGCTGGGGCGGTGCCGGTGGTGC,0.819050285
1136,AAGCGCTCGTAGTTGGCACGGTCTGGGCCC,0.8107648700000001
1137,GGATGCTCTCCAGCTTCCTGTCCGAGGACG,0.84739569
1138,GGACGCTCTCCTACCGGGCGGACTCGGACG,0.7052846850000001
1139,ACACGCTGAAACCCGATTCCTACCGGGTGA,0.677988265
1140,GGCAGCTGACAACCAGGAGAAGATCGGGGG,0.69216565
1141,AACAGCTGAGATGTGGTGACCCCTTGGCCC,0.597838015
1142,CGGCGCTGATCACCAAACACAAGTGGGAGC,0.58220388
1143,CGGCGCTGATCACCTACGCTTGCTGGGGGC,0.607110705
1144,ATTGGCTGCAGGTCCGTCTGTCACAGGATT,0.755123045
1145,AGATGCTGCAGTTCCGTCTGTCACAGGATT,0.7409456600000001
1146,CAGCGCTGCCTGTTCGCGCCATGGGGGCAC,0.7539106250000001
1147,AGGTGCTGCGAGTTCTCGAAAGCCAGGTAG,0.53020107
1148,TCAGGCTGCTCAGGGCGGCCTCCCAGGGCA,0.66538855
1149,TTCTGCTGGAAACTGAGGTGCCACGGGCCA,0.725709925
1150,CCATGCTGGAAGGCCTGGAAGCAGAGGGCA,0.709088515
1151,ATGGGCTGGCATTCTGGGCTTCAGAGGTAC,0.80955245
1152,TGCTGCTGGCCATGTGTGGTCCTCTGGTCT,0.7398873100000001
1153,TGCTGCTGGCTGCCACATACCTGCTGGGAA,0.710300935
1154,GCCCGCTGGGTTTGGGTCTTGGCCTGGATA,0.78553916
1155,TCAGGCTGGTCACCTTCTGCCCTCGGGACA,0.77773055
1156,TAGGGCTGGTTGGAGAGGGTGACGCGGGAG,0.76077244
1157,TCTGGCTGTGAAGTGGGGTCCGACGGGCGA,0.7146616
1158,TGGAGCTGTGATATGTGGGGTAGATGGTAG,0.65327251
1159,TGCTGCTGTGGTGGGAGCCCTTCGGGGGGC,0.918161695
1160,CGTCGCTGTTCACGCCCTTGTACAGGGATG,0.743127925
1161,TGGAGCTTACTGTTGTAGCCACAGAGGGTC,0.616702525
1162,ACGTGCTTCCTCTTCTCTCGGGTCAGGCTG,0.597489705
1163,CAGAGCTTCTCGGTGATATAATCCAGGTGC,0.679304035
1164,CCCTGCTTGAATACGTCCTCGGACAGGAAG,0.65313153
1165,CTTGGCTTGGTGACCTGGTGGTTATGGGAT,0.68294305
1166,CCCTGCTTGTGGTAGATAGCAACGAGGTCA,0.7558309900000001
1167,TAGAGCTTGTTGTCACAGTGGTGGGGGGTG,0.70069912
1168,AGCGGCTTTCTGCCTCGGACAGTCTGGAAG,0.52900174
1169,TCGAGGAAAAGCAGGTACGAGGCCAGGGAG,0.58331232
1170,TCCAGGAAACAGGGGCTGGTGGCATGGGTG,0.5407895300000001
1171,GATGGGAAACTTGCTGAATACCCGTGGAAT,0.7347917900000001
1172,GAAGGGAAAGGACCAAGGGCCAAGGGGTCA,0.6528659050000001
1173,TCCCGGAACCAGTAACCATGAACTGGGGAG,0.597489705
1174,TTCGGGAACCTGGTGACCATAGAGTGGTGG,0.6327595500000001
1175,CAATGGAACTATTATTCACATAAAAGGTAA,0.55495755
1176,GGATGGAAGAAAGTGCAGGGCACGAGGACG,0.65191911
1177,GACAGGAAGCTGGAGAGCATCCTGAGGACT,0.7513587700000001
1178,TCCGGGAAGGAGCCATTATATCCAGGGACT,0.739643225
1179,TCTAGGAAGTCTGTGCTCAGTACTGGGGCG,0.585701915
1180,TTCTGGAAGTGGGGTGCTGGGACCTGGGCA,0.728698005
1181,GGTAGGAATCGGGTTTCAGCGTGTTGGGGA,0.716088925
1182,TGGTGGAATTCTACAATGGCAGCTGGGGTG,0.58693352
1183,CATTGGAATTGATGCCATGCTGGAAGGCCT,0.65313153
1184,TGTTGGACAGGGCTGTCAGGTCCTTGGGGT,0.745643025
1185,AGGAGGACAGGGGGTCGAACAGCAGGGAGT,0.6294334
1186,ACCTGGACCCAGCATGCCCCAAAGAGGAGG,0.7760081750000001
1187,AGGCGGACGGGGTGGTGGAGGCCACGGGGG,0.67715506
1188,CCGAGGACGTATTCAAGCAGGGCCTGGCGG,0.65202309
1189,TGTTGGACTACGAGGAGGCAGCGGCGGCGG,0.80955245
1190,CCATGGACTCCCACGAAGTGCTGCTGGCTG,0.7398873100000001
1191,AGCTGGAGAGCATCCTGAGGACTGAGGCGC,0.80113078
1192,AGCAGGAGAGCGACGCTGATGGCTGGGTTC,0.544378455
1193,GGAGGGAGATCCCAGAAAACCTGATGGACC,0.645161275
1194,TGGTGGAGCCCACCGAGTACCTGGTGGTGC,0.75735857
1195,TCAAGGAGGAAGTGCTCCTGGGAAAGGGTC,0.72895054
1196,CCCAGGAGGATCCCCAGGATGCCCAGGGAC,0.672457695
1197,TGGTGGAGGCCACGGGGGAGCTGTTGGCGT,0.700812465
1198,CCGAGGAGGTGGATCTGCGCGTGTTGGACT,0.77773055
1199,TGCAGGAGTCAGTGACGGTACAGGAGGGTT,0.7277381199999999
1200,AGCAGGAGTGGTTCATGGGGCCATTGGAGG,0.7162299050000001
1201,AGGGGGAGTTGGCAGATGACCTGGCGGGCT,0.713768065
1202,AGCTGGATCCCCACAACTAGGCTTAGGCGT,0.61187442
1203,CAAAGGATGCATTAATGTATTTGCTGGTTT,0.606127155
1204,TTAAGGATGGGGCCCGTCACGTTCAGGGCA,0.7336027
1205,CACAGGATTGGCTGCAGTGACAGGAGGGTC,0.80774006
1206,ACTGGGATTGTGGTCTGCCCCCAGGGGCTG,0.809308365
1207,CCTGGGCACAGAGGAACCCGGGGGAGGTTT,0.658026625
1208,TCCTGGCACCAGCTGCAATCTGGGAGGAGC,0.63916969
1209,TGGGGGCACCGTGGGGCTCGCCGACGGCGG,0.67967365
1210,ATGAGGCAGAGACAAAGAGCGAGCAGGGCT,0.64400331
1211,CCTAGGCAGATCAGGCTCAGCGGAAGGCAC,0.543539375
1212,ATGTGGCAGCCAGCAGCACTTCGTGGGAGT,0.735315475
1213,CCGGGGCAGCCGGTGCCCGAAATTGGGCTC,0.66767853
1214,TGGGGGCAGCTGCCGCCGCTGCCCTGGGCG,0.6455809800000001
1215,CGCAGGCAGGGCCCACTCACCTTTGGGAAG,0.644228455
1216,GAGAGGCAGTAGGCTCAGGTACAGGGGTGC,0.672713965
1217,AGCCGGCAGTCAGGGGGCGGCCTCGGGGCG,0.735315475
1218,TGGCGGCAGTCCAGGCGAAGGTTTTGGTTC,0.620674155
1219,CCTGGGCATCCTGGGGATCCTCCTGGGCGT,0.7211380900000001
1220,TGGTGGCATGGGTGGTGAGCCACTGGGACG,0.66287806
1221,TCCAGGCCAAGACCCAAACCCAGCGGGCCT,0.635825725
1222,TCTAGGCCATCCCTGTCATCAATCGGGCAC,0.61696879
1223,TACAGGCCCCTGTCATTGGGGGTGAGGTAC,0.601578985
1224,CAGTGGCCCGCTACAAGTTCTACCTGGCTT,0.67355741
1225,GCCAGGCCCGCTGGGTTTGGGTCTTGGCCT,0.703480485
1226,TCTGGGCCCGGCCCAGTGCCATTGCGGCGG,0.74947977
1227,TCCCGGCCCGGTACTCACCCGCGCGGGTCT,0.6893031000000001
1228,TGGTGGCCGAGGCGGGGTTGGTGGTGGCTG,0.8807996250000001
1229,TGGCGGCCGCCGGCTTGACGTGTACGGCGC,0.71514277
1230,TCTGGGCCGGCGTGTTGATCTCCGAGGCGG,0.8429648350000001
1231,GAGTGGCCGGGTTCTAGAGTGCCAGGGATG,0.79215663
1232,TCGGGGCCTCCCATCGAATTGGCAAGGGCC,0.71982232
1233,GCCAGGCCTGAGGGCGGGTCGCCGGGGTGG,0.81929898
1234,GATTGGCCTGCCAGACTTCAACGCCGGCGC,0.75912231
1235,TTCTGGCCTTTGGATTTGCCCTTCTGGACA,0.622158295
1236,CTGGGGCGAAGGAAAGCAGACTTATGGAGA,0.684605735
1237,GGTTGGCGACGCCCAGGGCAGCGGCGGCAG,0.72592547
1238,TAGCGGCGATAGACCGCGGGGTTGCGGTCG,0.6975707
1239,CCTGGGCGATAGCGTTGCAGTAGACGGTGG,0.5211844050000001
1240,CTCTGGCGCAACGCGTTGCTCGCTGGGGCG,0.54609123
1241,TCCAGGCGCACACTGCCGAGGAGGTGGATC,0.548326755
1242,TTGTGGCGCCAGAGGCAAAAGCGGAGGACT,0.667984325
1243,GGGCGGCGCGGGTGGCGCCGAGGCCGGGGG,0.683055245
1244,TCGGGGCGCTATCGCGCCCCCCGAAGGGCT,0.712960505
1245,AGCCGGCGGCCGCCAGCACACAGACGGTCC,0.7623544750000001
1246,ACCAGGCGGCTCTGAACCTTGGGCTGGAAA,0.71982232
1247,CAGTGGCGGGGCCAGGCCTGAGGGCGGGTC,0.855573915
1248,CCGAGGCGGGGTTGGTGGTGGCTGAGGCGG,0.7720872750000001
1249,GAGGGGCGGGTAACATTGGAATCGGGGTCA,0.72955512
1250,CCGAGGCGGGTGTGGACAGCGGGTGGGAGG,0.757554005
1251,GGCCGGCGTGTTGATCTCCGAGGCGGGTGT,0.68198753
1252,TGTTGGCGTTCTTGTTCTTCTCCTGGGAGT,0.70721324
1253,AAAAGGCTAATACTTCAATTTGTTTGGAGT,0.51279501
1254,GCTCGGCTACTACAACCAGAGCAAGGGCGG,0.58992979
1255,TGTTGGCTCAGTTGGTGGTAGTAGCGGACC,0.602894755
1256,AAGTGGCTCCAATTCCAAGTGTCAGGGTCA,0.58992979
1257,CCCTGGCTCCGACTCAGACCCGCGCGGGTG,0.67220401
1258,TGTGGGCTCCGGCACGGTGGTGGGTGGGGT,0.70055878
1259,GTGGGGCTCGCCGACGGCGGCGGCGGGCGG,0.6544479400000001
1260,GGGAGGCTGACCCTGTGGTAGGGTGGGTGT,0.5684462
1261,TGGTGGCTGAGGCGGACGGGGTGGTGGAGG,0.7341030550000001
1262,CCCTGGCTGCAGAACTGTCACACAGGGCCT,0.625146375
1263,GGCTGGCTGCTACTGACCTCCTGCAGGTGG,0.706960705
1264,GTCAGGCTGGTCACCTTCTGCCCTCGGGAC,0.697480685
1265,CTCTGGCTGTGAAGTGGGGTCCGACGGGCG,0.636083145
1266,GTGGGGCTTTCGGGCATCTTTGATGGGAAA,0.658180695
1267,TGCAGGGAAACAAGAGACCAGAGCAGGAGT,0.560006715
1268,TGAAGGGAAAGGACCAAGGGCCAAGGGGTC,0.5520865500000001
1269,TTCCGGGAAGGAGCCATTATATCCAGGGAC,0.579088795
1270,ACTTGGGACCGCACAGTTGCTGTGTGGCTT,0.67220401
1271,GCTGGGGAGATTTGTAACTGTATTTGGTAC,0.61564854
1272,GGCTGGGAGCCTCCCACACCACGCAGGACC,0.735315475
1273,ACCGGGGAGGCTGACCCTGTGGTAGGGTGG,0.677055445
1274,TTATGGGATCTTGGGTAGACGTCGTGGATG,0.57692958
1275,AACTGGGATTGTGGTCTGCCCCCAGGGGCT,0.58887144
1276,CGCGGGGCACAAAGCGCTCGTAGTTGGCAC,0.65000311
1277,CCAGGGGCACAGGGTGGTCCTGCGTGGTGT,0.733845635
1278,CTCAGGGCAGATTCCGCCTCCTTGGGGATC,0.79200256
1279,GCCGGGGCAGCCGGTGCCCGAAATTGGGCT,0.70191218
1280,CCCTGGGCATCCTGGGGATCCTCCTGGGCG,0.712960505
1281,TCAGGGGCCACTAAAAGAAACGATCGGTGA,0.54004134
1282,CCTGGGGCCAGGCCCGCTGGGTTTGGGTCT,0.741315275
1283,TTTAGGGCCATTAGTTTCATAAGGAGGACC,0.562494775
1284,TCTGGGGCCCTCGAGTGAGATGCATGGACT,0.631146175
1285,CACAGGGCCTCCCACTGTGATCTCTGGCGC,0.679926185
1286,CAGCGGGCCTGGCCCCAGGCACTGTGGCAA,0.69289115
1287,ACCCGGGCCTGGCGCTCGTCCCAGTGGCTC,0.69289115
1288,GGGCGGGCGGCGCGGGTGGCGCCGAGGCCG,0.833476365
1289,TGAGGGGCGGGTAACATTGGAATCGGGGTC,0.7291992350000001
1290,TGTTGGGCGTACAGGTACCTACATTGGAAT,0.7213906250000001
1291,ACCGGGGCTCCCCGAGGCCGGGCCGGGACA,0.74817709
1292,CGTGGGGCTCGCCGACGGCGGCGGCGGGCG,0.76271036
1293,GACAGGGCTGTCAGGTCCTTGGGGTGGATA,0.78000744
1294,AGATGGGCTTCCCGGTCATCACGGTGGATA,0.819410535
1295,TGTGGGGCTTTCGGGCATCTTTGATGGGAA,0.73556801
1296,CACCGGGGAGGCTGACCCTGTGGTAGGGTG,0.6547004750000001
1297,AACTGGGGAGTTCTTGTCGTAGTAGGGTAT,0.64520264
1298,GCCTGGGGCCAGGCCCGCTGGGTTTGGGTC,0.659500945
1299,TCGGGGGGCCCCTTCACGAGGTCGCGGTGG,0.630141085
1300,CTGAGGGGCGGGTAACATTGGAATCGGGGT,0.6405230900000001
1301,CGCTGGGGCGGTGCCGGTGGTGCTGGGCCC,0.7160895650000001
1302,GTGAGGGGCTCAGGCAGCCCCTGATGGTAC,0.712960505
1303,TCGAGGGGGAGTTGGCAGATGACCTGGCGG,0.53430344
1304,GGTCGGGGGCAGCAGTGTGTGTGAGGGCAT,0.749745395
1305,TTCGGGGGGCGCGATAGCGCCCCGAGGCCG,0.852444855
1306,AAGAGGGGTGTGACCTGCTTCTTCAGGTAG,0.75912231
1307,AGGCGGGGTTGGTGGTGGCTGAGGCGGACG,0.68557558
1308,GTCAGGGTCAAGTGGAGATCCAGATGGAAA,0.588361485
1309,AGGAGGGTCACTGGCTACATTTGATGGTTC,0.522500175
1310,TCTCGGGTCAGGCTGAACTCATGCTGGATG,0.6371414950000001
1311,GGGCGGGTCGCCGGGGTGGCTTCTGGGGTA,0.63235039
1312,TTGTGGGTGGAGGTGTCGTTCTCTGGGGCT,0.64078051
1313,GCTGGGGTGGCACCATCCTCTACAAGGCCA,0.66287806
1314,AGGCGGGTGTGGACAGCGGGTGGGAGGAGG,0.67114566
1315,CCATGGGTTTGTGGCTCAAACTTCTGGCCT,0.592319385
1316,ACCCGGTAATAGCCCGTCACATTGAGGTTC,0.6673621750000001
1317,GTGAGGTACGGTCTCAGCGTCACCCGGTAG,0.6682557100000001
1318,TGGTGGTAGTAGCGGACCCGGGCCTGGCGC,0.71452062
1319,AGGGGGTCAAAGAAACTGGGATTGTGGTCT,0.664166765
1320,TCGGGGTCAAGGAGGAAGTGCTCCTGGGAA,0.655890715
1321,ATGTGGTCCTCCTTATGAAACTAATGGCCC,0.612126955
1322,TTGAGGTCCTGAATCATAGACACCAGGTCT,0.66381088
1323,CAACGGTCGCCATGTTGGAGACAGTGGATG,0.69491113
1324,GGCGGGTCGCCGGGGTGGCTTCTGGGGTAG,0.819050285
1325,CGCGGGTCTGAGTCGGAGCCAGGGCGGCCG,0.78432674
1326,TTGTGGTCTGCCCCCAGGGGCTGATGGTCT,0.7917963800000001
1327,CCATGGTCTGGCCAGCTGGTGAATTGGATA,0.695804665
1328,CTGGGGTCTGTTCAATGAAGGGAAAGGACC,0.64254307
1329,GCCTGGTGAACCAAAACCTTCGCCTGGACT,0.66381088
1330,TTCAGGTGATCTCTGGCTGTGAAGTGGGGT,0.76183079
1331,TGGTGGTGCACCTCAAGGGCTCCCTGGTGA,0.6700681
1332,TACTGGTGCCCATGCTTATTGCCTTGGTGG,0.70791134
1333,AGCTGGTGGAGCCCACCGAGTACCTGGTGG,0.60482075
1334,TGTGGGTGGAGGTGTCGTTCTCTGGGGCTC,0.861573075
1335,GAGGGGTGGCAGACACTCACCGAGTGGTCT,0.71700868
1336,GGGTGGTGGCCACTACACAGATGCAGGCTG,0.69612355
1337,AGGTGGTGGCCGAGGCGGGGTTGGTGGTGG,0.819050285
1338,TGGTGGTGGCTGAGGCGGACGGGGTGGTGG,0.67448589
1339,GACCGGTGGGCGTGCTGCTGTGGTGGGAGC,0.78085961
1340,GGGAGGTGGGGGCAGCTGACAACCAGGAGA,0.62837505
1341,CCAAGGTGGTGGCCGAGGCGGGGTTGGTGG,0.7194620700000001
1342,GGTTGGTGGTGGCTGAGGCGGACGGGGTGG,0.774949825
1343,GCACGGTGGTGGGTGGGGTGGTTGTGGGTG,0.83790722
1344,CACAGGTGTGGTGGAATTCTACAATGGCAG,0.820141785
1345,TTTTGGTTCACCAGGCAGGCTGTCAGGCTG,0.5407895300000001
1346,CCAAGGTTCAGAGCCGCCTGGTCGGGGGCA,0.777323945
1347,CACAGGTTCAGGTAGATGGTGTTCTGGTAG,0.59424909
1348,GGAAGGTTCCATCCCCTGCAGGCCTGGTCT,0.5407895300000001
1349,GCGGGGTTGCGGTCGAGGAAAAGCAGGTAC,0.576213445
1350,ACCAGTAACATGCCACTTGATTCTTGGCTT,0.646269715
1351,AAACGTACAGGCCCCTGTCATTGGGGGTGA,0.82948555
1352,CCCGGTACATGGAAGTCGGCTACGTGGACG,0.643741525
1353,CCATGTACCGGGGCTCCCCGAGGCCGGGCC,0.725217785
1354,GACCGTACCTCACCCCCAATGACAGGGGCC,0.6058791
1355,TGGAGTACCTGGGTGCTGACTATGCGGAGC,0.590489295
1356,CCGAGTACCTGGTGGTGCACCTCAAGGGCT,0.640481725
1357,GCAAGTACGTGGACATCTTGGGCGTGGTGT,0.7986156799999999
1358,ACTTGTACTTAACTCCTAGGGCCCCGGGAT,0.74937578
1359,AGAGGTACTTGGAGCTGTGATATGTGGGGT,0.7986156799999999
1360,TCTTGTAGACCAGAGGACCACACATGGCCA,0.69216565
1361,TGCAGTAGACGGTGGACCGCAGGTTGGGGT,0.7063430350000001
1362,ATGTGTAGCAGAAATCTTATATCGCGGTGT,0.6676147100000001
1363,CCACGTAGCCGACTTCCATGTACCGGGGCT,0.673308715
1364,TGAAGTAGCTCAGGCTGCTCAGGGCGGCCT,0.742973855
1365,CAATGTAGCTGGCATTTATGTAGGTGGACC,0.714619085
1366,TCTGGTAGGCAAAGGTGTGGAGGTAGGACT,0.72895054
1367,AAAAGTAGTCGCCCTCATCCTTGGTGGTGA,0.861573075
1368,ATTTGTATCTTTCAGAGCATTCCACGGGTA,0.5835196500000001
1369,CCTGGTATTCAGCCTCCAGAGGGGAGGGGT,0.75115144
1370,TGGCGTCAAACAGCTCACTGATCTGGGCCG,0.58992979
1371,CGGGGTCAAGGAGGAAGTGCTCCTGGGAAA,0.660695795
1372,ACCTGTCACATGCACAGAGAGCTGGGGAGA,0.7068066350000001
1373,TTTCGTCACCGCCGTGTCCCGGCCCGGCCT,0.616716255
1374,GTTCGTCAGAAAAAGCAGCGTCAGTGGATT,0.644359195
1375,TGATGTCAGCAGGGTAGAAGCCCAGGGCCC,0.6395310900000001
1376,TTTTGTCAGCATCCACCGTGTGGAAGGAGA,0.5684462
1377,GGTTGTCAGCTGCCCCCACCTCCCTGGGCC,0.7164585400000001
1378,TGGGGTCAGGGACAGTGGACTCGAAGGAGA,0.55917351
1379,AGAAGTCATCAACTGTCTCATCCCGGGGCC,0.659749
1380,TTTGGTCCAAGGTGGTGGCCGAGGCGGGGT,0.6157563699999999
1381,CTGTGTCCAGAAGGGCAAATCCAAAGGCCA,0.6076961000000001
1382,CACTGTCCAGGAAACAGGGGCTGGTGGCAT,0.706947615
1383,GGTGGTCCCACAGGTTCAGGTAGATGGTGT,0.61696879
1384,AGTGGTCCCATTGTGGTGCACTGCAGGTAA,0.613728175
1385,TCCTGTCCGAGGACGTATTCAAGCAGGGCC,0.6867880000000001
1386,CTGTGTCCTCCAACTCCTGTATGAAGGAAG,0.73556801
1387,CCCTGTCCTCCTCCAGCAGCAACAAGGAGC,0.733999705
1388,AATGGTCCTGGCTCAGCCTCCAACTGGAAC,0.757554005
1389,AGTAGTCCTGGGGCCCAGGGAGGTGGGGGC,0.6678195100000001
1390,GCCTGTCCTTGGCCTTGTAGAGGATGGTGC,0.605181
1391,CGTAGTCGAACTCACTGACAATGAAGGCCA,0.651571415
1392,TGCGGTCGAGGAAAAGCAGGTACGAGGCCA,0.729045165
1393,GGGCGTCGCCAACCCCGTCGCGACCGGTGG,0.64532356
1394,CGAGGTCGCGGTGGTGGAAAAGCACGGCCT,0.62030518
1395,CATCGTCGTCCTCTGCAGACTGTCTGGGCT,0.53430344
1396,TACTGTCTCTCTTCAATCAGGAAGAGGGTG,0.548064855
1397,TCAGGTCTGCTGTGATGGGTCACATGGGCC,0.554268815
1398,GACCGTCTGTGTGCTGGCGGCCGCCGGCTT,0.7211380900000001
1399,TGGGGTCTTCTGGAAGTGGGGTGCTGGGAC,0.62190576
1400,TGTAGTGAGACACAGCTCCCGTTCGGGGCC,0.673926385
1401,AGGAGTGAGTAGTCCTGGGGCCCAGGGAGG,0.603048825
1402,GCTTGTGATACTTCATCCCTTCTGGGGAAG,0.7152367550000001
1403,TCAGGTGATCTCTGGCTGTGAAGTGGGGTC,0.554268815
1404,TGAGGTGCACCACCAGGTACTCGGTGGGCT,0.701018645
1405,TACCGTGCACGCTGCTCCTGCTGTTGGCGG,0.679926185
1406,GCCAGTGCATCCACTGCCATCACGCGGTAC,0.63806125
1407,GTTGGTGCCGTGGTCCTGGGGCCGTGGGGT,0.702268065
1408,CACAGTGCCTGGGGCCAGGCCCGCTGGGTT,0.62322601
1409,CCGTGTGGAACTCTCTGAAATAAATGGAGA,0.5211844050000001
1410,CGACGTGGAAGTCTGTGTCGGGAATGGGAA,0.6027914050000001
1411,CCGAGTGGACCTGAGGACCCTGCTCGGCTA,0.65000311
1412,AAACGTGGACGGCGGCGGACATGGCGGCGC,0.625461535
1413,GACCGTGGACGTGTTCGGCCGGGGCGGGCC,0.6157563699999999
1414,CTACGTGGAGAAGCAGGCATCCAATGGTGT,0.64073042
1415,TGCTGTGGATGATGATGACGTCAGTGGCCT,0.7070591700000001
1416,CGCCGTGGCCCGCCGCAATGGCACTGGGCC,0.708280955
1417,ACCTGTGGGCTCCGGCACGGTGGTGGGTGG,0.71514277
1418,CACCGTGGGGCTCGCCGACGGCGGCGGCGG,0.871319605
1419,GAGTGTGGGTACCTACCATCACAAAGGATG,0.73556801
1420,GGTGGTGGGTGGGGTGGTTGTGGGTGGAGG,0.8178422300000001
1421,CAGGGTGGTCCTGCGTGGTGTGGGAGGCTC,0.6997529650000001
1422,CCTGGTGGTGCTGCTGGCCATGTGTGGTCC,0.827219145
1423,CACGGTGGTGGGTGGGGTGGTTGTGGGTGG,0.8205114
1424,AGGAGTGGTTCATGGGGCCATTGGAGGAGC,0.83826747
1425,CTCTGTGTCCTGGGCCTGTGAGCAGGGAAC,0.512804375
1426,AGAGGTGTCTGATGGTGCAAGTGGAGGTAC,0.592165315
1427,CCCTGTGTGACAGTTCTGCAGCCAGGGGCC,0.58887144
1428,TGCAGTGTGCAAACAGCTGAGATGTGGTGA,0.727845835
1429,CACTGTGTGCAGGAGCCCAATTTCGGGCAC,0.620674155
1430,GGCAGTGTGCGCCTGGATGCCCCAGGGCGG,0.735315475
1431,TCAAGTGTGGCGGCATAAGCCTGCTGGTTC,0.71165807
1432,GGACGTGTTCGGCCGGGGCGGGCCGGGGCA,0.62983529
1433,TCTCGTTAGAGCTTGTTGTCACAGTGGTGG,0.70069912
1434,CAAGGTTCAGAGCCGCCTGGTCGGGGGCAG,0.82948555
1435,AGCGGTTCATGATGTCCCGCACGGTGGTGG,0.763399095
1436,GTTTGTTCCCTTAGTGCTGGTGTTGGGCGT,0.69216565
1437,GTCTGTTCCTTCTACTATTTGTCTAGGGGG,0.67955657
1438,GTGAGTTCGACTACGTGGAGAAGCAGGCAT,0.57646598
1439,CCGGGTTCTAGAGTGCCAGGGATGAGGATT,0.7986156799999999
1440,GGGAGTTCTTGTCGTAGTAGGGTATGGGAT,0.666200475
1441,GCGTGTTGATCTCCGAGGCGGGTGTGGACA,0.69095323
1442,CCTCGTTGCTATCTACCACAAGCAGGGGCG,0.644953945
1443,ACGCGTTGCTCGCTGGGGCGGTGCCGGTGG,0.69842287
1444,CCTTGTTGCTGCTGGAGGAGGACAGGGGGT,0.553858475
1445,GACCGTTGCTGTTCTGGTTGTCCTTGGAGC,0.7409456600000001
1446,GCGTGTTGGACTACGAGGAGGCAGCGGCGG,0.72794545
1447,CTCCGTTGGAGCAGGCGGTGCTGATGGCAT,0.73520776
1448,CGGGGTTGGCGACGCCCAGGGCAGCGGCGG,0.889927845
1449,TCCAGTTGGGGTCTTCTGGAAGTGGGGTGC,0.75129242
1450,CTCAGTTGGTGGTAGTAGCGGACCCGGGCC,0.643895595
1451,CTCTGTTTATTCCCAGTGCCCATAAGGTCC,0.54546908
1452,TCGGGTTTCAGCGTGTTGGGGAGGCGGTAA,0.596277285
1453,ATGCTAAAGCACTGATTATATTCCTGGTGT,0.70191154
1454,AAGATAAAGTCACCCTGAGGTGCTGGGCCC,0.6814863
1455,GTGGTAAAGTCTCTACGCAAAGCACGGCCT,0.585701915
1456,GTTATAAATGTGCAGACAGATTTGGGGAGT,0.842342685
1457,CGGGTAACATTGGAATCGGGGTCAAGGAGG,0.60867901
1458,TTCCTAACCTGCAGTGGACGAGGATGGATG,0.7063430350000001
1459,GCATTAACTCTCCGTCGAAGTTTGAGGAGC,0.779966075
1460,AGGGTAAGGACCTTGATATAGGGCTGGTTG,0.747807475
1461,CTGGTAAGGCTTTCGAGTGAGCCCAGGCCT,0.8107648700000001
1462,CTGCTACACATGTGTAATTTGTTTGGGCAC,0.608786725
1463,CTGCTACCACAGCAACCAGTTCTGTGGAGA,0.73541394
1464,ACCCTACCACAGGGTCAGCCTCCCCGGTGA,0.59487124
1465,CGGGTACCAGCAGTACGCCTACGACGGCTG,0.6893031000000001
1466,CCAGTACCAGTGTACCACATGGAAAGGGGA,0.544738705
1467,CTTCTACCGCAGCGAGTACATGGAGGGCAA,0.733999705
1468,CATGTACCGGGGCTCCCCGAGGCCGGGCCG,0.752874455
1469,ACCGTACCTCACCCCCAATGACAGGGGCCT,0.819410535
1470,GAAATACCTCAGCGAGTGTGGGCCTGGGGG,0.64894476
1471,TCTTTACCTGCAGTGCACCACAATGGGACC,0.7103423
1472,CGAGTACCTGGTGGTGCACCTCAAGGGCTC,0.806334015
1473,CAACTACGAGCGCTTTGTGCCCCGCGGCGC,0.75896824
1474,GCGGTACGCTGCAAAGTCTCTGGCAGGGGC,0.635825725
1475,TGAATACGTCCTCGGACAGGAAGCTGGAGA,0.733999705
1476,CGTCTACTGCAACGCTATCGCCCAGGGCGG,0.673926385
1477,GCGCTACTGCTGTTGTGGCGCCAGAGGCAA,0.672713965
1478,AGAATACTGGCCAAGCATGGAGGAAGGCAC,0.66287806
1479,GGACTACTGGCTGATAGATGTAAGAGGTAA,0.751400135
1480,TTCCTACTGGGATCCCCAAGGAGGCGGAAT,0.6651135850000001
1481,CTTGTACTTAACTCCTAGGGCCCCGGGATG,0.574694055
1482,TTCATACTTCTTTCGGATGGAGAGAGGAAG,0.71366845
1483,GAGGTACTTGGAGCTGTGATATGTGGGGTA,0.578030445
1484,TGAGTAGAAAAAAGAAAAAGCAACTGGAAG,0.45004494500000003
1485,GCAGTAGACGGTGGACCGCAGGTTGGGGTG,0.536358675
1486,ACCATAGAGTGGTGGAATGACCTGTGGCTG,0.7766258450000001
1487,CTTATAGCATAAAACATATCCATGGGGTTT,0.6629587100000001
1488,CACGTAGCCGACTTCCATGTACCGGGGCTC,0.75896824
1489,TGGCTAGGGTAAGGACCTTGATATAGGGCT,0.73556801
1490,ATGTTATAAATGTGCAGACAGATTTGGGGA,0.6163466400000001
1491,CATTTATACTATTGTCTGTCGGCCGGGAGG,0.498257375
1492,TTCTTATAGCATAAAACATATCCATGGGGT,0.7207684750000001
1493,CCATTATATCCAGGGACTCTCCAGTGGCCA,0.83296577
1494,GAGTTATCCTTGGTGTTATTCTCATGGCGG,0.693733955
1495,ACGCTATCGCCCAGGGCGGGGAGGAGGAGT,0.803304595
1496,ACTTTATCTTCAGGTCTGCTGTGATGGGTC,0.692675605
1497,TTTGTATCTTTCAGAGCATTCCACGGGTAT,0.796587485
1498,AGGGTATGGGATGGAAGAAAGTGCAGGGCA,0.75271217
1499,TTCATATGTACTCCACTGTGAGCCAGGTAC,0.643895595
1500,CTGGTATTCAGCCTCCAGAGGGGAGGGGTC,0.45918253000000003
1501,GTGTTATTCTCATGGCGGCAGTCCAGGCGA,0.5895695400000001
1502,TTTTTATTCTGATTGTGGGGCTTTCGGGCA,0.56121477
1503,TGCTTATTGCCTTGGTGGTGGTTTTGGCCC,0.65938875
1504,GTATTATTTCTGAAGTGAATGAAGAGGGGT,0.64118967
1505,CACCTCAAAACTGGTCACATTATTAGGCAA,0.50170532
1506,AAGCTCAACTACACCCTCAGCCAGGGGCAC,0.634327855
1507,CTCTTCAACTGGACGCTCTCCTACCGGGCG,0.6604471000000001
1508,CTGTTCAATGAAGGGAAAGGACCAAGGGCC,0.7585001600000001
1509,AAGGTCAATGGAATGAAAACCTCCCGGCCG,0.662715775
1510,AACCTCAATGTGACGGGCTATTACCGGGTG,0.7868549300000001
1511,GATGTCACAATAATCAGAAACACCAGGAAT,0.568026495
1512,ACGGTCACATGTTGGCTCAGTTGGTGGTAG,0.681792095
1513,CAGGTCACCAAGCCAAGAATCAAGTGGCAT,0.68022379
1514,CAATTCACCAGCTGGCCAGACCATGGGGTT,0.73626611
1515,GTACTCACCCGCGCGGGTCTGAGTCGGAGC,0.74887519
1516,CACTTCACCTCGGATTGCAGAGGAAGGAGC,0.57752433
1517,GTCATCACGGTGGATACCAGCACGGGGACC,0.7735973
1518,CTGCTCACTTGAATTCTGAGGGGCGGGTAA,0.533933825
1519,CACTTCAGAAATAATACCAACAACTGGAGG,0.55384911
1520,CTCTTCAGCACATCAGGCAATGAGTGGGTC,0.68022379
1521,GAGTTCAGCCTGACCCGAGAGAAGAGGAAG,0.75715124
1522,AGACTCAGCTGCAGAGAGACCACTCGGTGA,0.53968109
1523,GTTGTCAGCTGCCCCCACCTCCCTGGGCCC,0.73626611
1524,CAGATCAGGCTCAGCGGAAGGCACTGGTCT,0.7575126400000001
1525,CAGGTCAGGTTGGTGCCGTGGTCCTGGGGC,0.721030375
1526,AGACTCAGGTTTAGATACAGGCTCAGGCCA,0.6535913950000001
1527,CAGCTCAGTCTTGTCAATGTCGGGGGGCTG,0.80329523
1528,GAAGTCATCAACTGTCTCATCCCGGGGCCC,0.62015047
1529,GCCCTCATCAGAACAATGACACTCAGGCTG,0.498464705
1530,TTCATCCAAACCCAGCGCTGGCCCGGGGGC,0.61828456
1531,TCCATCCAACTCCCCACCACCGTGCGGGAC,0.59059701
1532,AGTTTCCAAGGGGGTCAAAGAAACTGGGAT,0.51145185
1533,TTGGTCCAAGGTGGTGGCCGAGGCGGGGTT,0.6260931700000001
1534,TATTTCCAAGTCCCTGGGCATCCTGGGGAT,0.6039956200000001
1535,CTTTTCCACAGCGGCTTTCTGCCTCGGACA,0.61828456
1536,TCATTCCACCACTCTATGGTCACCAGGTTC,0.5033065400000001
1537,AGCCTCCAGAGGGGAGGGGTCACTGGGTGG,0.6156579050000001
1538,CAGCTCCAGCGAACTTCACCTGACAGGTCA,0.625146375
1539,CTCCTCCATCCACTGTCTCCAACATGGCGA,0.625146375
1540,ACGGTCCATGGCAGCCCCCGGCCTCGGCGC,0.725835455
1541,CCTTTCCATGTGGTACACTGGTACTGGTAC,0.6833033000000001
1542,ATCTTCCCATTGACATAGGCAAGTAGGGAC,0.5035590750000001
1543,CCAGTCCCCAGTTCTCCATGGCGCCGGCGT,0.6657488
1544,GCGTTCCCGTTCTTCAGGTATCTGCGGAGC,0.753212525
1545,AGTGTCCCTACTTGCCTATGTCAATGGGAA,0.7213906250000001
1546,GGGGTCCCTCAGCTCTGCAGGAGCTGGTGT,0.605181
1547,GGGGTCCGACGGGCGACTCCTCCGCGGGTA,0.79680303
1548,CCTGTCCGAGGACGTATTCAAGCAGGGCCT,0.659380025
1549,GATCTCCGAGGCGGGTGTGGACAGCGGGTG,0.78732301
1550,TGGCTCCGCAGATACCTGAAGAACGGGAAC,0.450306845
1551,TAGCTCCGGCGCCAGTGGAAGTAGCGGCGA,0.68110336
1552,ACTCTCCGTCGAAGTTTGAGGAGCAGGTGA,0.50594867
1553,TTGTTCCTACTGGGATCCCCAAGGAGGCGG,0.624992305
1554,CTTCTCCTCCTCTTTGGGGCATGCTGGGTC,0.566263935
1555,ACCATCCTCTACAAGGCCAAGGACAGGCCC,0.506754485
1556,GTGGTCCTCTGGTCTACAAGAAGCTGGTGA,0.506754485
1557,AACTTCCTGAGAGGCAGTAGGCTCAGGTAC,0.6395310900000001
1558,AGCATCCTGAGGACTGAGGCGCCCTGGGGT,0.636083145
1559,TGTTTCCTGGACAGTGGCGGGGCCAGGCCT,0.69591238
1560,CGTGTCCTGGCACCAGCTGCAATCTGGGAG,0.710089765
1561,CTCCTCCTGGCGTCTACGATGCTCAGGGAG,0.59220783
1562,GCTGTCCTGGCTGCTTTCCTCCTGTGGGTC,0.7671458250000001
1563,CTTCTCCTGGGCACAGAGGAACCCGGGGGA,0.67381483
1564,GTAGTCCTGGGGCCCAGGGAGGTGGGGGCA,0.7230547300000001
1565,GCTTTCGAGTGAGCCCAGGCCTCCGGGGAG,0.61722621
1566,GGCTTCGCAGCCCCGGGGAGTGCGAGGGCG,0.633270145
1567,GGGCTCGCCGACGGCGGCGGCGGGCGGGCG,0.785754705
1568,CTGTTCGCGCCATGGGGGCACCGTGGGGCT,0.72607954
1569,GGACTCGGACGTCTTTGTGCCTTATGGCTA,0.651571415
1570,GAACTCGGCATTCGAGCGAAACTGGGGCTG,0.6159637
1571,ATCGTCGTCCTCTGCAGACTGTCTGGGCTC,0.65131888
1572,GACCTCGTGAAGGGGCCCCCCGACTGGCCC,0.653501145
1573,GCCCTCGTGGCGCTACTGCTGTTGTGGCGC,0.71044565
1574,CCTCTCGTTGTCTAGGTAAGGCGGAGGGTA,0.70439576
1575,AGTCTCTACGCAAAGCACGGCCTGGGGTGG,0.739489155
1576,TTGATCTAGCTTGTTTGTGGCCACTGGAGA,0.70191154
1577,GCGGTCTATCGCCGCTACTTCCACTGGCGC,0.73026631
1578,CTGGTCTCCACAAGCTCCATGTCCTGGATC,0.62630434
1579,GGGTTCTCCATCCACTGCTTGAAAAGGCCA,0.65913133
1580,AAAGTCTCTACGCAAAGCACGGCCTGGGGT,0.666200475
1581,ACTGTCTCTCTTCAATCAGGAAGAGGGTGT,0.7005957700000001
1582,CAGTTCTCTTCGTCGTAGTTCACCCGGTAA,0.643895595
1583,ACTCTCTGAAATAAATGGAGATGCAGGGTC,0.49871724
1584,ATCATCTGAAGACTCATCTGATTCAGGCTC,0.71259089
1585,CACTTCTGACTACCAAAATGTAAAAGGTTT,0.66381088
1586,GCTTTCTGCCTCGGACAGTCTGGAAGGGGT,0.602431155
1587,TGGATCTGCGCGTGTTGGACTACGAGGAGG,0.614043595
1588,CCCATCTGCTCACTTGAATTCTGAGGGGCG,0.726768275
1589,CAGGTCTGCTGTGATGGGTCACATGGGCCT,0.6700681
1590,GAAGTCTGGCAGGCCAATCTGGTCTGGGGA,0.7761622450000001
1591,TGGTTCTGGGGTCTGTTCAATGAAGGGAAA,0.6708978400000001
1592,GTGTTCTGGTAGGCAAAGGTGTGGAGGTAG,0.795375065
1593,TTGCTCTGGTTGTAGTAGCCGAGCAGGGTC,0.6297182100000001
1594,TCCGTCTGTCACAGGATTGGCTGCAGGGAC,0.796587485
1595,ATGATCTGTGCCCGATTGATGACAGGGATG,0.6000202800000001
1596,AGGGTCTTCAGGAACCCCATGGTCTGGCCA,0.53006009
1597,CAGGTCTTCTGCCAAGGATCTCCGTGGTCT,0.76314656
1598,GGGGTCTTCTGGAAGTGGGGTGCTGGGACC,0.526612145
1599,ATTGTCTTCTTTGGAGACTTCTGCTGGTGC,0.66512665
1600,TCAGTCTTGTCAATGTCGGGGGGCTGGGAG,0.58225397
1601,TGGATCTTTAATTGCAGCTACGTGTGGATT,0.741653605
1602,TGGCTCTTTCTTGACACATCTGTCCGGGAC,0.6861658500000001
1603,ATGATGAAAAGCAGCTGATGGATGTGGAGC,0.667154845
1604,AGTATGAACCATTATCCCTCCTCCTGGCGT,0.63209233
1605,GCCCTGAACGAAGACCTGAAAACGTGGACG,0.538224585
1606,CGGGTGAACTACGACGAAGAGAACTGGAGG,0.630524025
1607,CTTGTGAACTTGTGTTGTTGCAGTTGGATA,0.58331232
1608,ATGTTGAAGCGCAGCCGGCAGTCAGGGGGC,0.68774352
1609,AGCTTGAAGTAGCTCAGGCTGCTCAGGGCG,0.678245685
1610,GCGTTGAAGTCTGGCAGGCCAATCTGGTCT,0.64364306
1611,CAGCTGACAACCAGGAGAAGATCGGGGGTG,0.7290038
1612,GTGATGACCGGGAAGCCCATCTGCAGGGTC,0.67821341
1613,CATGTGACCGTGGACGTGTTCGGCCGGGGC,0.659019775
1614,TGTTTGACGCCATCTCCTACAGCAAGGTGC,0.661520925
1615,TGATTGACGTGCAGATTCCAGAGACGGAAC,0.714773155
1616,TACATGACTGCACACCAAAAGAAAAGGCTA,0.6708978400000001
1617,TTGATGACTTCTGGAGGATGATCTGGGAGC,0.8107648700000001
1618,GTAGTGAGACACAGCTCCCGTTCGGGGCCT,0.77757648
1619,AGTATGAGATGGACAGCGAGTTCGAGGGGG,0.65812624
1620,CCCCTGAGCAGCAATCATCATTTCTGGTTT,0.693733955
1621,TCCCTGAGCATCGTAGACGCCAGGAGGAGG,0.747653405
1622,TGCCTGAGCCCCTCACCCTGAGATGGGGTA,0.6874861
1623,GATATGAGCCGCGGGCGCGGTGGATGGAGC,0.7158408700000001
1624,CCGCTGAGCCTGATCTGCCTAGGTGGGTGA,0.65913133
1625,ACGGTGAGCGCCTGGCCGCCCTCCTGGGCC,0.703120235
1626,TGGCTGAGGCGGACGGGGTGGTGGAGGCCA,0.8520846049999999
1627,AAACTGAGGTGCCACGGGCCACACTGGAAC,0.76824208
1628,ACCTTGATATAGGGCTGGTTGGAGAGGGTG,0.596277285
1629,GCGCTGATCACCTACGCTTGCTGGGGGCAG,0.76314656
1630,CAGGTGATCTCTGGCTGTGAAGTGGGGTCC,0.68133223
1631,TTGCTGATGAGGGCAGACTGTTCCTGGCTG,0.76330063
1632,GAATTGATGCCATGCTGGAAGGCCTGGAAG,0.52900174
1633,AGGATGATGCTTGCCACAGTGCCTGGGGCC,0.76330063
1634,GCTGTGATGGGTCACATGGGCCTTTGGGGA,0.7017999850000001
1635,TTCATGATGTCCCGCACGGTGGTGGGGAGT,0.727485585
1636,GAGGTGATGTGGACAGCGTAGCTCCGGCGC,0.69242307
1637,CACTTGATTCTTGGCTTGGTGACCTGGTGG,0.58225397
1638,CTACTGCAACGCTATCGCCCAGGGCGGGGA,0.624992305
1639,GAGCTGCAATAGTCACTGGAGCTGTGGTGG,0.574539985
1640,ATTGTGCACACGGCTGCCACGCCCAGGAGG,0.583889265
1641,TGTTTGCACACTGCAGAGGCCTGCTGGGCA,0.566263935
1642,GAGGTGCACCACCAGGTACTCGGTGGGCTC,0.6025388700000001
1643,ACCATGCACCTCCGTACCTTCATGGGGCCA,0.67220401
1644,GCCTTGCACCTTCTCCTCCTCTTTGGGGCA,0.604107175
1645,CTCCTGCACTTGCAGCCAGAAATTTGGATC,0.56950455
1646,CATCTGCAGCCTGCATCTGTGTAGTGGCCA,0.75776891
1647,ACTTTGCAGCGTACCGCCCCTGACAGGGAC,0.6865354650000001
1648,GCGTTGCAGTAGACGGTGGACCGCAGGTTG,0.636083145
1649,TGGCTGCAGTGACAGGAGGGTCACTGGCTA,0.636083145
1650,CCCATGCCACCAGCCCCTGTTTCCTGGACA,0.69410357
1651,AGAATGCCAGCCCATCAGTTTCTGTGGGGT,0.68809068
1652,CTGGTGCCAGGACACGAAGGCCTGAGGTGC,0.79200256
1653,TACTTGCCAGGCTTCGCAGCCCCGGGGAGT,0.806179945
1654,AGGATGCCCCATCACTCACCGGGGAGGCTG,0.68663393
1655,TCTGTGCCCGATTGATGACAGGGATGGCCT,0.626345705
1656,ACATTGCCCTCCATGTACTCGCTGCGGTAG,0.7212365550000001
1657,CGAATGCCGAGTTCAACTGCGACGGGGATT,0.775310075
1658,TTGGTGCCGTGGTCCTGGGGCCGTGGGGTG,0.678867835
1659,TTTCTGCCTCGGACAGTCTGGAAGGGGTGG,0.78948746
1660,ACAGTGCCTGGGGCCAGGCCCGCTGGGTTT,0.70085383
1661,AGTGTGCGCCTGGATGCCCCAGGGCGGGGG,0.733845635
1662,ACTATGCGGAGCCCACCTGGAACTTGGTAA,0.71514277
1663,ACCGTGCGGGACATCATGAACCGCTGGACC,0.625494685
1664,GCTTTGCGTAGAGACTTTACCACTTGGAAA,0.57682623
1665,TGGCTGCTACTGACCTCCTGCAGGTGGTCC,0.624992305
1666,CTGCTGCTACTGCTGCCCCTGCTGTGGGCA,0.6879497
1667,TGATTGCTCATGAGCTGGCCCACCAGGTAG,0.484449605
1668,CTCCTGCTCCATCCACCGCGCCCGCGGCTC,0.61707214
1669,TTGTTGCTGCTGGAGGAGGACAGGGGGTCG,0.67114566
1670,TTTCTGCTGGAAACTGAGGTGCCACGGGCC,0.64546006
1671,TAGATGCTGGCGATGATGTCATAGAGGAAC,0.729302585
1672,GTGCTGCTGTGGTGGGAGCCCTTCGGGGGG,0.6502605300000001
1673,CCTCTGCTTCCAGGCCTTCCAGCATGGCAT,0.63932376
1674,ACTCTGGAACTCCGTTGGAGCAGGCGGTGC,0.47250774500000003
1675,CTTCTGGAAGGTTCCATCCCCTGCAGGCCT,0.64651841
1676,GACGTGGAAGTCTGTGTCGGGAATGGGAAT,0.5977384
1677,GTGGTGGAATTCTACAATGGCAGCTGGGGT,0.54582933
1678,TACGTGGACATCTTGGGCGTGGTGTGGAAC,0.658026625
1679,ACCGTGGACGTGTTCGGCCGGGGCGGGCCG,0.6260931700000001
1680,TGGTTGGAGAGGGTGACGCGGGAGCGGTAC,0.67114566
1681,CCACTGGAGAGTCCCTGGATATAATGGCTC,0.53561921
1682,GAATTGGAGCCACTTAGCATCACCTGGATA,0.576573695
1683,GTGCTGGAGCCCTTAAAAACGTACAGGCCC,0.61117632
1684,TACCTGGAGGGCACGTGCGTGGAGTGGCTC,0.746720585
1685,CTTCTGGATAGGGGTCCCTGTCAGGGGCGG,0.75776891
1686,TCCCTGGATATAATGGCTCCTTCCCGGAAC,0.678605935
1687,AGCCTGGCAAGTAACCTCTTCAACTGGACG,0.5886140200000001
1688,TCCTTGGCAGAAGACCTGGTTCTGGGGTCT,0.673913295
1689,TATGTGGCAGCCAGCAGCACTTCGTGGGAG,0.724572945
1690,CTGGTGGCATGGGTGGTGAGCCACTGGGAC,0.54629856
1691,GCCGTGGCCCGCCGCAATGGCACTGGGCCG,0.6783578800000001
1692,TTCATGGCCGGCTCATCGAAGCATGGGAAG,0.550995925
1693,GGAGTGGCCGGGTTCTAGAGTGCCAGGGAT,0.48803853
1694,TCAGTGGCCTCCTTGCAGGTGAAACGGACG,0.54609123
1695,GCTCTGGCGCAACGCGTTGCTCGCTGGGGC,0.782779715
1696,CTGTTGGCGTTCTTGTTCTTCTCCTGGGAG,0.70721324
1697,GCCCTGGCTATGGATCCAAATTTCTGGCTG,0.639783625
1698,TTTGTGGCTCAAACTTCTGGCCTTTGGATT,0.70721324
1699,TAAGTGGCTCCAATTCCAAGTGTCAGGGTC,0.591003615
1700,CCCCTGGCTGCAGAACTGTCACACAGGGCC,0.674067365
1701,CAGCTGGCTTACCAAGTTCCAGGTGGGCTC,0.69146755
1702,TTTCTGGGATCTCCCTCCAGTTGTTGGTAT,0.5841418
1703,AAACTGGGATTGTGGTCTGCCCCCAGGGGC,0.651571415
1704,GTTTTGGGCACTGGTCGTGGTTGCTGGAGT,0.679926185
1705,GAACTGGGGAGTTCTTGTCGTAGTAGGGTA,0.672610615
1706,TCTTTGGGGCATGCTGGGTCCAGGTGGCGA,0.732787285
1707,TTCATGGGGCCATAGACCTCGGAGCGGTCA,0.78948746
1708,TCGCTGGGGCGGTGCCGGTGGTGCTGGGCC,0.707222605
1709,GCCGTGGGGTGATTATGAGCACCGAGGAGT,0.7768783800000001
1710,TCCATGGGGTTTAGATGCAGACTCAGGTTT,0.62560624
1711,GTTGTGGGTGGAGGTGTCGTTCTCTGGGGC,0.79215663
1712,ACACTGGTACTGGTACACAGTTCTGGGCTC,0.50832279
1713,GTGCTGGTATCCACCGTGATGACCGGGAAG,0.435876925
1714,AGGCTGGTGAAGCAGAGAGACTCAGGGCCT,0.706960705
1715,TTGGTGGTGAAGTTGGCTAGGGTAAGGACC,0.576573695
1716,ACGGTGGTGGGGAGTTGGATGGACCGGTTG,0.5103935
1717,GGGTTGGTGGTGGCTGAGGCGGACGGGGTG,0.62503482
1718,ATAATGGTTCATACTTCTTTCGGATGGAGA,0.5967916050000001
1719,GGGCTGTAACACCAGCTCCTCCAATGGCCC,0.646269715
1720,ATGATGTAATCAGGACATCGTTTGTGGTCA,0.70175747
1721,CATGTGTAATTTGTTTGGGCACGAAGGTTG,0.53286
1722,CCCTTGTACTCCTGGTGGTGCTGCTGGCCA,0.5895695400000001
1723,GGCATGTACTGTCTCTCTTCAATCAGGAAG,0.597489705
1724,CTGTTGTAGCCACAGAGGGTCCACTGGTCT,0.69242307
1725,AACTTGTAGCGGGCCACTGTGTGCAGGAGC,0.7916554
1726,AGGTTGTAGGAATACCTGCAGCTGAGGCTG,0.72425342
1727,AGGGTGTAGTTGAGCTTCTTGCTGTGGATG,0.77157668
1728,CACCTGTCACATGCACAGAGAGCTGGGGAG,0.49246938500000004
1729,TCATTGTCAGTGAGTTCGACTACGTGGAGA,0.5856888250000001
1730,ACGCTGTCCACATCACCTCCTTCTGGGACG,0.70791134
1731,CTGGTGTCCCTGCTGCCTCTGTCCCGGACA,0.73626611
1732,CATCTGTCCGGGACAGAGGCAGCAGGGACA,0.659019775
1733,TTCTTGTCGTAGTAGGGTATGGGATGGAAG,0.68037786
1734,TCTGTGTCTCCCGCTCCCAATACTCGGGCC,0.67569831
1735,CCTGTGTGACAGTTCTGCAGCCAGGGGCCG,0.681792095
1736,ATCGTGTGACCATGACAATAACTGTGGCCT,0.763399095
1737,TGCTTGTGATACTTCATCCCTTCTGGGGAA,0.698413505
1738,ACCTTGTGCAGCAATGTATTTCCTGGGTTC,0.726768275
1739,AGTCTGTGCTCAGTACTGGGGCGAAGGAAA,0.622856395
1740,CTGATGTGCTGAAGAGATCGTTCTGGGCTG,0.726768275
1741,CGGGTGTGGACAGCGGGTGGGAGGAGGCCA,0.86000477
1742,TGTTTGTGGCCACTGGAGAGTCCCTGGATA,0.672457695
1743,CTGTTGTGGCGCCAGAGGCAAAAGCGGAGG,0.78912721
1744,TACCTGTGGGCTCCGGCACGGTGGTGGGTG,0.946516465
1745,TAGCTGTGGTGACAGGGGGACCACTGGTCT,0.7540646950000001
1746,GAGATGTGGTGACCCCTTGGCCCTTGGTCC,0.791907935
1747,CTGCTGTGGTGGGAGCCCTTCGGGGGGCGC,0.82697045
1748,CATCTGTGGTGGTGCCTCTTGGGAAGGAGC,0.743127925
1749,ATGATGTGTACCGCGTGATGGCAGTGGATG,0.861573075
1750,GCTCTGTGTCCTGGGCCTGTGAGCAGGGAA,0.75730531
1751,GCCCTGTGTGACAGTTCTGCAGCCAGGGGC,0.738327455
1752,CCACTGTGTGCAGGAGCCCAATTTCGGGCA,0.848496555
1753,GTGTTGTTCAGCGCCAGAGTGACAGGGACC,0.658878795
1754,GTCATGTTCATGTAGTCACTTTGAAGGAGT,0.63209233
1755,GGGGTGTTCCCTGCTCACAGGCCCAGGACA,0.5788401000000001
1756,TGTTTGTTCCCTTAGTGCTGGTGTTGGGCG,0.646269715
1757,CAGTTGTTCCTACTGGGATCCCCAAGGAGG,0.69348142
1758,GACGTGTTCGGCCGGGGCGGGCCGGGGCAG,0.829233015
1759,ATGGTGTTCTGGTAGGCAAAGGTGTGGAGG,0.6327595500000001
1760,TTACTGTTCTGGTTCACTCCTGTGGGGCCA,0.7001891650000001
1761,TCCTTGTTGCTGCTGGAGGAGGACAGGGGG,0.64364306
1762,CTCCTTACCCCATCTCAGGGTGAGGGGCTC,0.65791891
1763,GTCTTTACCTGCAGTGCACCACAATGGGAC,0.755123045
1764,GGTTTTAGGGCCATTAGTTTCATAAGGAGG,0.78553916
1765,GGCTTTAGTGGAATACAATCAGTTTGGAGA,0.72415007
1766,ACATTTATACTATTGTCTGTCGGCCGGGAG,0.569134935
1767,TGTTTTATGCTATAAGAACAATTCAGGTAA,0.7207684750000001
1768,TTTGTTATGGCTTGCTAGTGACAGTGGCTC,0.738430805
1769,CCATTTATTTCAGAGAGTTCCACACGGTTA,0.6861658500000001
1770,ACTATTCAACTGACTATGAGTTTCTGGTAA,0.456302165
1771,CCAATTCACCAGCTGGCCAGACCATGGGGT,0.583889265
1772,GGTTTTCATTCCATTGACCTTGTCCGGACC,0.629825925
1773,ATATTTCCAAGTCCCTGGGCATCCTGGGGA,0.59487124
1774,CCAATTCCAAGTGTCAGGGTCAAGTGGAGA,0.634613305
1775,GCAGTTCCAGTTGGAGGCTGAGCCAGGACC,0.67355741
1776,AAGCTTCCCAAGGCTTCCCCAGAAGGGATG,0.61696879
1777,GCTCTTCCCACCGTCCCCGGCCCCTGGCTG,0.69410357
1778,GGAATTCCGGGCATCCCTGTACAAGGGCGT,0.78747708
1779,CAGCTTCCTAACCTGCAGTGGACGAGGATG,0.671398195
1780,GGTATTCCTACAACCTTCTCGCAAAGGAAT,0.70721324
1781,AACCTTCCTGTTGGGGCAGGGTGGTGGCCA,0.875999155
1782,AGACTTCCTTCATACAGGAGTTGGAGGACA,0.65742814
1783,GGAATTCCTTTGCGAGAAGGTTGTAGGAAT,0.754424945
1784,GGCTTTCGAGTGAGCCCAGGCCTCCGGGGA,0.703480485
1785,CCAATTCGATGGGAGGCCCCGAACGGGAGC,0.664180495
1786,CCTGTTCGCGCCATGGGGGCACCGTGGGGC,0.74947977
1787,CCCGTTCGGGGCCTCCCATCGAATTGGCAA,0.752874455
1788,GGAATTCTACAATGGCAGCTGGGGTGGCAC,0.53993736
1789,GGGCTTCTATATTTCCAAGTCCCTGGGCAT,0.56157502
1790,CCCCTTCTCTATCCACAGACAAGCTGGTCA,0.38866522000000003
1791,TGAATTCTGAGGGGCGGGTAACATTGGAAT,0.6786153
1792,TCCTTTCTGCAGATTTCCAGCCCAAGGTTC,0.578142
1793,GGCATTCTGGGCTTCAGAGGTACTTGGAGC,0.69591238
1794,CTGGTTCTGGGGTCTGTTCAATGAAGGGAA,0.74469239
1795,CCAGTTCTGTGGAGAGTTCCAGTGTGGCCC,0.727845835
1796,CAGTTTCTGTGGGGTCAGGGACAGTGGACT,0.68689135
1797,CAACTTCTTCTCAGTTCAAGTAACAGGTAA,0.5293619900000001
1798,GTACTTCTTGATCTAGCTTGTTTGTGGCCA,0.78600276
1799,TTGATTCTTGGCTTGGTGACCTGGTGGTTA,0.647695585
1800,GGAGTTCTTGTCGTAGTAGGGTATGGGATG,0.71633762
1801,GATGTTGAACTCGGCCTTCATGGCCGGCTC,0.56950455
1802,GATGTTGAAGCGCAGCCGGCAGTCAGGGGG,0.536358675
1803,TTCTTTGAATCTTCCCATTGACATAGGCAA,0.58992979
1804,CCACTTGACCCTGACACTTGGAATTGGAGC,0.6025388700000001
1805,GGCCTTGCACCTTCTCCTCCTCTTTGGGGC,0.6657488
1806,GTTGTTGCAGTTGGATATAGACCACGGAGA,0.57934133
1807,ATGCTTGCCACAGTGCCTGGGGCCAGGCCC,0.631146175
1808,TTACTTGCCAGGCTTCGCAGCCCCGGGGAG,0.598319185
1809,CTCGTTGCTATCTACCACAAGCAGGGGCGA,0.69527138
1810,CTTGTTGCTGCTGGAGGAGGACAGGGGGTC,0.875999155
1811,CATGTTGGAGACAGTGGATGGAGGAGGCTC,0.74322255
1812,ATCCTTGGCAGAAGACCTGGTTCTGGGGTC,0.6657488
1813,TACTTTGGTCCAAGGTGGTGGCCGAGGCGG,0.7343555900000001
1814,TCAGTTGGTGGTAGTAGCGGACCCGGGCCT,0.777979245
1815,GGGGTTGGTGGTGGCTGAGGCGGACGGGGT,0.724519685
1816,TATGTTGTCAAGCTAAGGCGACAGAGGTGT,0.6217516900000001
1817,AAGGTTGTCCAACTGACATCTTTCAGGTAT,0.6371414950000001
1818,ATGCTTGTGATACTTCATCCCTTCTGGGGA,0.645571615
1819,TACCTTGTGCAGCAATGTATTTCCTGGGTT,0.592319385
1820,GAGCTTGTGGAGACCAGGCCTGCAGGGGAT,0.62503482
1821,GGTGTTGTTCAGCGCCAGAGTGACAGGGAC,0.4868392
1822,ACGCTTTACTTTGGTCCAAGGTGGTGGCCG,0.634327855
1823,AGATTTTATACAAAACAACAAGCAAGGCTA,0.62477676
1824,CTCTTTTCACAATGGAGTGTACGAGGGAGA,0.726768275
1825,TATGTTTCCAACAAAATGTCAGAATGGATT,0.578755935
1826,TGCTTTTCCTCGACCGCAACCCCGCGGTCT,0.75735857
1827,TGGCTTTCGAGAACTCGCAGCACCTGGATT,0.64734354
1828,ATTATTTCTGAAGTGAATGAAGAGGGGTGT,0.82684953
1829,CATGTTTGACCGCTCCGAGGTCTATGGCCC,0.73626611
1830,CACCTTTGGGAAGCATGTTGGACAGGGCTG,0.7525048400000001
