,30mer,GNL-Scorer
0,CCTTACAGGGCGCTCCATATTCGCAGGTGC,0.74803262
1,ACCTTCTCAATTAAATCTGACGTCTGGGGT,0.60242179
2,TCGGCATGATTGCCAACTCCGTGGTGGTCT,0.7964334150000001
3,ATAGTTTCTTTGGTCCCACGCCTGCGGCAC,0.84739569
4,CTTACCCACTACTATGATGATGCCCGGACC,0.560006715
5,ATGTGCGCACCTGCATCCCCAAAGTGGAGC,0.68663393
6,TTCCTGTAGGAGCACTGTCGACCCTGGCAT,0.75382061
7,TGGCCAAGCCGTGGAGTGCTGCCAAGGGGA,0.684245485
8,GCTTGCGATGCCGGTACATCCAAAAGGCCA,0.69591238
9,CAGTAGTGGTTGACGAACTCGGTGGGGCGC,0.817472615
10,GCAATTGCTGTGGACCGCTACCTCCGGGTC,0.7732996950000001
11,TCATGGGCTCCTCGGTGTACATCACGGTGG,0.668138395
12,TGGAGACACAGGACGCGCTGTACGTGGCGC,0.653347075
13,CTTGGAAATGTTCACCGGTGCCGGCGGTTG,0.738430805
14,TCGAAACTGACGCTCAGGAGATCGCGGAAA,0.63831867
15,CCGTGTTCACGAGCCGCGCGCTCAAGGCGC,0.69842287
16,AGTTGTACTCCAGCGCGCGGCTCACGGCCC,0.80608532
17,GCCCGCCGAGTACTGGCCGCGCGGCGGCCC,0.79200256
18,CCTCCGAGCCCGGTAACCTGTCGTCGGCCG,0.755123045
19,TGGCACCCAATGGAAGCCATGCGCCGGACC,0.602998735
20,TCTGGAGTCTCGGAGTCCAGGCGATGGCCA,0.53667756
21,CAAGAAAGGTGACCGAAGAGCTGACGGAGA,0.65828031
22,CAGCAGAAACCGACCGCGTATGTGAGGCCA,0.657666375
23,CCTGTCCGTCCATGGGCCGCACATAGGCAG,0.782779715
24,GTCTACACAGCTATGGAATACCGCTGGCCC,0.750322575
25,TCACAAGCCCGAAGTGAAGACCGCTGGTAA,0.69878312
26,CCATGAGCGACGTGGCTATTGTGAAGGAGG,0.749745395
27,ATGGTCGCCAACAGCCTCAAGCAGCGGGCC,0.65380694
28,TGACCTCTCCAGTGGACGGATTGACGGTGG,0.58044132
29,CCGGGCGTAGACACGGAAGAGCGAGGGCAC,0.660695795
30,CTCTGTAGTTCTTTCGCTGTAGCAGGGCTG,0.747807475
31,ATCATCTGCATCATCACGCCGCACGGGTTG,0.655890715
32,TGGGGAACAACCAGACGGCGGTCCAGGACA,0.63703378
33,CCACGTAGAAGGCGGCTCGGAGAACGGAGA,0.673308715
34,GGGGAGATGCTCCACATCCGCTACCGGCTG,0.749123245
35,AGCCTACGAGGAAGGCCAGCGTCACGGCGG,0.703480485
36,ATGGCTGCACAAACCGTTCGTACCAGGACA,0.635825725
37,CAGCAGTCGCTGAACTCGAGCGCTGGGAGC,0.57646598
38,GGAGCCGGACCTGAAGAACTCGAACGGGAA,0.635825725
39,GTGGCGTCCAGCCGGTGAGCATCCAGGCCT,0.73626611
40,TGGCATCCGCCACATCTTCGTGTATGGGCC,0.6867880000000001
41,GTTCGCCAGCAACTGCTCGATGCACGGGCT,0.625146375
42,TCTCTCTCCTCGATCGTCTCCTTGTGGCTT,0.8106108000000001
43,TGGCCCCGAACGGCCGGCGCCACACGGTGA,0.6783578800000001
44,AACTCCCATCTATCAGACTAGCAGCGGACA,0.748271075
45,TGGTGCTGGCGACCGGGGGCAACCTGGCTG,0.733639455
46,GCATCTTCGGTGAAACTTGCTCCGAGGTCC,0.856772605
47,CAGGGGGTAGATGCCGCTCAGGCCTGGAGT,0.6260931700000001
48,GAAAGTTCTTCGGCTACTTCTCCGCGGCCG,0.88043001
49,CCTGGCGGTTGAAGCGCAGGTAGAGGGAGT,0.71982232
50,AGAAGTCGTCGCCGGCCTGGCGGAGGGTCA,0.729320155
51,GAGCTCGACATCTACAACAACCTACGGCAG,0.527179725
52,ACTGGATACAGCTGTCAGCCGGCGAGGCCA,0.596277285
53,GGCAGGTCGGTTCGAGCCGAGACGAGGAGC,0.869381685
54,CTGAGAGTTTGTAAGGAGCGCTCCCGGTGC,0.607728375
55,AGCTGTGAACGTTCCCATACAGGGGGGTTG,0.543385305
56,CCATGGTGGACCCGGTGGGCTTCGCGGAGG,0.8048729
57,TCCTGCCCCGGCGGCAACTGAACGTGGCAG,0.77157732
58,CTGATGACACAAGCGGTGACGTTGTGGCCC,0.65812624
59,ATCTGTTGGCGACAGAAAAGTCAATGGCCA,0.72915787
60,TTTAATTGGCCGACCTTCCTTGATGGGTTG,0.743127925
61,TTTGTTGATGGACCTATACACCACAGGGCT,0.71633762
62,CCACCGCCACGACAGTCGCCCCCGCGGGGA,0.66453638
63,GGACATGATCCGCCCTTGCCTTAAAGGTTG,0.61722621
64,GCATCAAGCAGTGCATCCGATCCATGGCCT,0.70791134
65,AAAAGTCTGGATAATCTAATGAGCTGGAGA,0.538738905
66,GCCAAGCGGACCATCAATGCCATCTGGTTC,0.705644935
67,TGGCCCGCTTCGGAGACGAGATGCCGGCCC,0.61611777
68,CGGCCGCCCAGCTCGTCCCCGAAGCGGACC,0.700811315
69,TCTGTGCTTTCGTCTGCTTGTAGGCGGCCG,0.727845835
70,TGGTTTCTTCGCTTAGGGGTCCCTAGGCCT,0.636083145
71,CCTGGTTTGAGCGCATCAGCATGTTGGTCA,0.73026631
72,GCATGTACCAGCCGTGCGACGACATGGACT,0.56803586
73,CTGGATAATATCGAGCTAGGCCAGTGGCAC,0.77157668
74,GAGCAGGAGGTCGACGGCGTGATGCGGATT,0.7797549050000001
75,AAAATCCATTGCTGCTAAGTACTCCGGTTC,0.659749
76,GCCTTCTCGAGCTGCGCTAATGCCTGGCGC,0.70873263
77,CATGTATGACGACTCCTACGTGCCCGGGTT,0.65913133
78,GTCCTCCTCCTCCTACGCCAAGAACGGGAC,0.56950455
79,GGATTTGTACCAAGCGCATCCCCATGGACG,0.65131888
80,TGAAGGCAGCGAAAGCACCAACGGTGGTTA,0.743591525
81,GCACTGAGGACGATGTTGTTCTTGCGGCTG,0.762340745
82,TCGGTGCTGACCGCGATACCCAGGAGGCCC,0.74202322
83,CAGGTCGGGAGAAAGGTCGCTGTGTGGCCT,0.775310075
84,TCCTCTTGGACTTGTAGACGCGGGAGGCCG,0.817472615
85,TTGATATAGCGGCTGAGCATGTGCCGGTTA,0.695871015
86,GCAGACATCATCGAGTATTTCCGCTGGAAC,0.63209233
87,CCTCAGCGATGCCGGACTCCCCAGCGGAGG,0.782625645
88,GCTTCTCTGGTCGGGCACGACGCGCGGCAT,0.746720585
89,CTAGAAGAGCAATGCGTCGACCCCCGGCTG,0.706960705
90,TAGTCCCTTGGAAGAGCTTTCGACAGGCTC,0.681734995
91,GTTGGTGAGCTCCTCCAGGCGGAACGGCGA,0.5684462
92,CCAGCACGCTGAGCAGGAATATCAAGGAGT,0.631353505
93,CCGGGTCCGGTTCCCTGCACGCTCCGGTTC,0.691692695
94,TGGCATCGGGGTACGCGCGGCGGATGGTTT,0.7386970700000001
95,GCCCTGCGGACCGGGTCCACCTCGTGGCAC,0.75198092
96,CGGGGTACGTAGCGCTCCTCCAGGCGGAGC,0.812793065
97,GGCCTTGTAGCAAAGCTCCGGCAGTGGCTC,0.68314923
98,CTCCAGCTATATACTGTATCCTCTGGGTAA,0.59460934
99,GTTCTGGTCCTGTTCAAATACAAGCGGCTC,0.64384924
100,AGTAGGCAATCGGTACAAATAGCCTGGAGA,0.45954278000000004
101,TGGCCAATTACACGCTGGCACCAGAGGATG,0.714876505
102,GGTGTACCGCTGCATGATCAGCTATGGTGG,0.76860233
103,CTGAGACGACCGAGCGGTCAGCGAAGGGTT,0.7271378900000001
104,GTGCAGCCGCGGAGCCCTGTACACAGGCTT,0.778100165
105,GGAGGACGCGCCACCAGGTGACGTTGGCGT,0.67981463
106,GGTGGCTATGAGGTGCCGGACAGGTGGCGC,0.70382818
107,TTCTTCTGGATGTTGTACTGTCGCAGGACG,0.74937578
108,ACACCGGGCCTGACCCCGTGCTTGTGGGCA,0.69289115
109,TTGACGCCGAGAGCTACACGTTCACGGTGC,0.76860233
110,GCGCTGACCAGCAGTACGAATGCGTGGCGG,0.60934623
111,CGCGCGTGCGGCCCGCCGCGAGTGAGGGTT,0.73818275
112,ACGAAGTTCTGCGGCGCCAGGTTGAGGCCG,0.70989433
113,CCATGGAGTCGGCCGACTTCTACGAGGCGG,0.86000477
114,CCGGCCCGGCTGTACCTACGCGGTGGGCGC,0.6867880000000001
115,CCCAAGGAACGACAGGGCCCCACTTGGTCT,0.6025388700000001
116,CGATATGCGCCCTTGGCCCCGTAGTGGCAG,0.8666222400000001
117,ACTGGCTGGAGTTTGGCATCGTGCTGGTAG,0.8107648700000001
118,AGGAGCAGCTGCTCAAGTACTCGCCGGACC,0.65933866
119,GCTGCTATCAATAAATCTTGCTGACGGCCC,0.60373756
120,CCCATGAGCAGGTACGTGGTATAGAGGTTC,0.7397332400000001
121,CTACCTCCACGGTGGTATTAGTTGGGGTAC,0.73541394
122,CAGACGGTACCACCGATGACCCTCTGGGAG,0.484656935
123,GGGATGATGACGTGACCAGGCGCACGGACT,0.6814863
124,GAGTGGACAGATGCCTACCTACGATGGGAC,0.717288255
125,TGGGCTCCGAACATGAGACCCGTCTGGTGG,0.705644935
126,GGGGCTACAACCGCTGGGCGCGCCCGGTGC,0.6354654750000001
127,GGGTCAGACACGTTGGCTACAGGCCGGATG,0.5209318700000001
128,CGGGTCGGGACCACTTGTTGTAACCGGAGA,0.6867880000000001
129,TGGAAAACGTTTCCGACCCTGTCACGGTAC,0.8107648700000001
130,AGATAGGCATCGTGCCAGATTTGGCGGATC,0.5829293799999999
131,TATGATAGCTCCGTGCGGCCAGCGCGGGAG,0.68627368
132,CCTACGACCGCACAGAGATCGACTTGGTGC,0.729897335
133,TCATCAGGATTCCAGCGTAACTTGTGGTCT,0.65380694
134,GAATGGACTGATTACCGCCTGACCTGGAAC,0.738327455
135,GCTACAACAAGGAGCTCCGGCCCGTGGCAC,0.77757648
136,AGGATTACCGACTCAACTACAGCAAGGACG,0.63411295
137,TCTCGTTCCGCGGGCCGCAGGTTGGGGTCG,0.77623332
138,GAGCAGTCGCTCACTGGTCTCACTAGGAGA,0.7761622450000001
139,GAAGCCTTCTCCGTCTGGCGGGATTGGAGA,0.5407895300000001
140,CTCTGTGATGATATTAGTGACCAGCGGAGA,0.75764799
141,GCCCTTTGAACACTGCACCAGCTACGGACT,0.693733955
142,GGTCTGCTCGTACTGCAGCGCCCGTGGCTC,0.626449055
143,ATAGCGGTTGCTGGAATGTCCATCAGGTCT,0.59668005
144,TGGCAGCAGGTTCCGGGATACCCGAGGTCA,0.8285349150000001
145,TGGAAGCGAATTCTTCCCGGGCGTAGGCAT,0.6373940300000001
146,AGGGCGTACCTTTCACCCTCACCACGGTGG,0.646269715
147,GGCTGGAATCGATGGAGAAAGCATCGGCAA,0.6675162450000001
148,AAGAAGAGCGAGGTCCCCGAGTGATGGTAG,0.75982041
149,CTTTGAATACGGTTGCTCTTGTTACGGATA,0.646269715
150,ACCCTGTGGGGTATAGCCGGCACATGGTGG,0.78553916
151,ATCTCGAGTCGCTACGTTCGCACCTGGAGT,0.76198486
152,AGGTGGAACCAGAACCGAATCCTGAGGAGG,0.64850524
153,ATACCATCGACACGCTCAACATGCAGGTGG,0.710300935
154,CGGCTATCTTTGCGGTGGAACACGTGGAAG,0.64613112
155,ATCCTGTCCTCCCACCAACTCCGCCGGAAG,0.722088725
156,GCCCAGGCGCTCGTACTGCACATGGGGTGC,0.68557558
157,CTTGGCCGTGCGTCAGGAGGGCGGTGGCCG,0.875999155
158,GGGCAGCTGTACTAGAGTTACGGTGGGAGC,0.64400331
159,TGGACGCCGTCTTGGAACCCTTCCCGGCCG,0.754424945
160,TGTGCTGTCATTCGCCGAGAAACCGGGCGA,0.56950455
161,GCTAGTGCGGTACTGCTGCAGAGCCGGCGC,0.63946474
162,GAGCAACGGTGACCTTGCGATGTGTGGGCA,0.75645314
163,TACTCGGGCCACGTAGGTGCTGCTGGGCAT,0.664180495
164,GGGGTCCATGGTCCGCAGCATGGGGGGCTC,0.66166564
165,TGGAAGACTGGCGGGGACAGTTATAGGAGG,0.7810669400000001
166,TGGGCAGTTGATGCCGTGGCAAACTGGTAC,0.610857435
167,CTTTAATCTCGACAAGCTCATATGTGGTTA,0.83165
168,AGTCATCAATAGTGTCATGGCATGTGGCAG,0.596637535
169,TGAGAAACCCGCAGCCCCGATTCTGGGACC,0.7504434950000001
170,TCCTGGGGCGTAATACAATCTCGGAGGTCT,0.73061347
171,GGGTTATTCGAGTGACCGAGACCGCGGCCG,0.60118198
172,GGCAGCTCTGGCCGATGGAGCTGAAGGCGT,0.662977675
173,AGGTGGAAAGCGGTGACACGCCAAAGGACC,0.71703572
174,AGCACTGAACGTGCGAGACAATGTTGGGGA,0.65131888
175,AGCCAACAGCGAAAAGACCAATAACGGAAT,0.69278332
176,ATGGATGCCCAAATGCGTTAAGTTCGGATG,0.61696879
177,TGTCTCTGATGTGCTCAGCCCGAGCGGAAT,0.643741525
178,TTTCTTACTGCTCATGGATTACATCGGTAT,0.83431917
179,ATTCTCGCAGCGTTTCGTCAGAGCCGGACC,0.6405230900000001
180,AGCGATGCGACCCTCCGGGACGGCCGGGGC,0.64426521
181,AGGTTCAACCGGTGGCTTTTTGGAAGGTGT,0.6258444750000001
182,GGGTTAGCGACGGCAGCAAGGTGTCGGTGT,0.7153501
183,TACACCACCCTATAGTGTATATTGTGGATT,0.681792095
184,CTTTCAACCTCTACTATGCCGAGTCGGACC,0.59293332
185,CAGCTGCTCTGTTCTCGACAGCTTCGGGGA,0.604107175
186,CAGAATAACTGGCTACGAACTGATTGGATC,0.53006009
187,ATTTATTGGATTCACGCACTGTCATGGGGG,0.8107648700000001
188,CGGGACCTCGCGCAGGGGGCGCCCCGGGAC,0.63235039
189,ACTATACCCCGATACGAACATACCAGGTGT,0.65000311
190,GCGCACGAGCTGGGTCCCCCGAGACGGCGC,0.653501145
191,GGGCCCCCCGCCGGTTGATGAAGGTGGTGA,0.7385430000000001
192,ACGGACCAAGTTTATCCGGCGCCGTGGCGC,0.5980942850000001
193,ATTGCACCCGATGAGAGCTTCTCGCGGCTG,0.79200256
194,CCGTCTTCTACTATGAGAGCGATGCGGACA,0.80329523
195,AGCCAATCTCAGATGTCTCTCCGGTGGTGT,0.833218305
196,TCAGGATACCTTTGCCATCTGTGTCGGCTA,0.646269715
197,GTGACAGGGGTGGTATTGTTCAGCGGGTCT,0.625287355
198,TCTGGTATTGGTTCTCAGCATCGCCGGTCA,0.65458828
199,GGGTCTGGGTGAGCCTTCTCGTGGCGGCGG,0.8052331500000001
200,CCAGGCTCAACGTGGACGGGCTCCTGGTCT,0.6700681
201,TCTTAGCCAGGTGTGGCGTTCCGTAGGCAC,0.665637245
202,CGTTCCCTTGGATCTGATGCAGTAGGGCCA,0.66755761
203,GAACCGTTGCGCCAGCCCTGTTACTGGTCC,0.7586210800000001
204,TCAACTCATACACCGAAACCTGACCGGGCC,0.64400331
205,CGCTTCGCGCAAGCTCCCATTTCCGGGCGA,0.668138395
206,GGAGATAATCGCCCCAGTTACCATCGGCAA,0.777478015
207,CCTCGGTCCATGCCCCGGCCACCACGGAAG,0.66538855
208,GTGAAATCGAAGCAGGACTCCATGCGGCAC,0.83165
209,GGCCACCACCGGACCCTGAGGCGCAGGACA,0.47997738500000003
210,GAAGTGCGCCTGGGAGCTGCTGTTCGGTGA,0.6783578800000001
211,CAGGTGGTAAAGACTATCGGCCTCCGGGAA,0.59460934
212,AACCTTACCCATTAAGACCTTTCGTGGAGC,0.7822560300000001
213,GACCCCCAGCGTCTACGACGAGAGCGGGAG,0.7089889
214,GGTGGCCGCCTGCTTCAGTCTGTGCGGCCC,0.6157563699999999
215,AGGCGGAGTTCGGGACCCACGAGTCGGACA,0.661520925
216,TCCCATCACGGGGGCCGTAGTAGAAGGCCA,0.553984005
217,TAGGGGATTCCCAGCACGCTGATGTGGGGA,0.7133082
218,CTCGAGCAAGCGACCCCAGTCGAAGGGCTC,0.607236235
219,CCCACTGCAAGGCCCGGCGCACGGTGGCGG,0.79680303
220,AAAAGAATGACCGGCTCGTTCGACAGGCCA,0.624786125
221,ATGAACTCCGTCCGAGCCGCCAACCGGAGA,0.7440747200000001
222,TCCTGTCAGACTGGAGCACGTACCCGGAAC,0.6723580800000001
223,GCTGCTGGCTGACCGCGCGAACGCCGGCTG,0.69410357
224,CCCAGCGCAAAGGCGGCCACATAGAGGCCG,0.701018645
225,CAGACGACCTTGGGCAGGTACCAGCGGAAG,0.7539106250000001
226,CGGGCGACGCGCCCTTGCGCAGCCTGGAGC,0.75730531
227,GGGGTTCTTCTGGTTCGGCCATCACGGCTC,0.603048825
228,GCTGAAGAACGGCAGGGAGTTCCGCGGCGA,0.735161405
229,GGTAGGAAGCTGGCAATCTCTAGGCGGCCC,0.7700083750000001
230,CTCTCTGGGTCGTCTGAAACAAATCGGCCA,0.63821532
231,CCGGCGAGGTCGAGCGCCTAGTGTCGGAGC,0.83911964
232,TCTCTGCCACTTCTGCGAGCTCCACGGCCC,0.6657488
233,CCAGTCCCTCTTTGACTCAGCGTACGGAGC,0.57682623
234,GATGTTAGGTGACGTAACCCGGCAGGGAAT,0.747807475
235,GGCCATGCCGGCGTTGGCGCGCGACGGCGG,0.75069219
236,GGCGATTTGAACGCGATTGCAAAGAGGCGG,0.7700083750000001
237,TCTCCGCGCTCTCGCGGATCGCCATGGCGA,0.7271378900000001
238,GCGCGGCTGCCAACCCCGACGCCGCGGCGG,0.619461735
239,AGTCGGGATCTAGGTCTATGATCGCGGCAG,0.72941414
240,CGAAGACCGCCGCACTCTAGTAAGTGGTTG,0.7032009100000001
241,TCCAAGGTCCGACGATCACCTTCATGGCCA,0.61828456
242,CTGAGACCATTCGGAATGGTAGGATGGCAC,0.55077078
243,AGATTCGTGCGACGGCGTGGAGTGCGGCCC,0.73734367
244,GGGATATGGCTCGACTGGCGGCTATGGCAG,0.721030375
245,TCCAGTTGCACGAGTTCGCGCCGCTGGTGG,0.63703378
246,ACCGCCGGCGGCCCGGGACTTCTTAGGCGC,0.7790469600000001
247,CACAGATAGAGCGGCACGGCGGGATGGCCT,0.657820445
248,GCCGCGACGCCGAGGTCCTCTGCATGGATT,0.75730531
249,GGCGGGCGGCGCGGCACTGGAGATCGGCCG,0.7623544750000001
250,ACCAGATGGAAGTCGGGGTCACACCGGAAA,0.7540646950000001
251,CTCAGGCGATTGTCATAACCATCTAGGAGT,0.6232166450000001
252,CATAAGCGTTGTTCTGTATCATAACGGAAG,0.74024756
253,CGATGAATGACATCGGCGACTACGTGGGCT,0.6317012
254,TGCTGTTCAATCGGAGGACTTTAATGGTGC,0.7409456600000001
255,AGACATCTCGTGGACTTCTCTTCCGGGCCA,0.627661475
256,AAGAACCTTGATGTGACCAAGATCCGGAAG,0.58595061
257,GTTCTCCACGCCGATGCCGAACAGCGGCCC,0.7587157050000001
258,CACCATGAACGTCTCGGGCTGCCCAGGGGC,0.58044132
259,CGCGGGCGTTACGCGGCGTGCGCAGGGCGC,0.663122145
260,CAGCCAGGTGGAAGGATGACCGTCTGGCTT,0.5767146750000001
261,CAGCCGGCATATGGTGAGCCCCCTGGGATC,0.59955079
262,GAGGTGGCGCCCGAGCAGCCGCGCTGGATG,0.69304522
263,ACAGATTCGCGTGGATGGCATTGCGGGTGC,0.721030375
264,TGTGAAACGGGATTGTACTATCACTGGCTG,0.7871074650000001
265,AGACAGGCTCTAAGGGGCAGACGGCGGGGG,0.75666047
266,GACTATAGGGTCAACATCTTCCTGCGGCAG,0.889806925
267,GGGCACTCTGGCAGCACTCGCGTCCGGGTT,0.799716545
268,CGTGGTTAGTAAGGATCATTCCCTCGGTCG,0.70191154
269,GGCTATCTACGACCTGAGATCTGCTGGCTC,0.484656935
270,ATGAGAAAGCGTGCCAAATGATGTTGGATA,0.76330063
271,CCTGGTAAAATTCCGTAACCCTTCCGGAAC,0.617914945
272,GGTGCACGATGTAGGTGACGAAGGAGGCCA,0.672456545
273,AGGGTAACGGTGCCGTTAGGCAGAAGGCCG,0.766682225
274,TGCGTGGCGTCTACTCCAGATCGCAGGACC,0.73556801
275,CGGCCGTGCTCTCCTTCAGCACCGTGGCGA,0.77757648
276,ATTACTGTACCGTTAACCATTGACAGGTAT,0.49257710000000005
277,GAGTCCTTGGATGGCCTTATTCGGAGGTCC,0.74187875
278,CACTACATCGAGCGTGCACTGCCGCGGACC,0.800878245
279,CTGGTGACCATCCTGCGGAACCAACGGCTG,0.569604165
280,TCTTTAGCCCCTCAATTCTGCCGCCGGCGC,0.651571415
281,TGTTTTCTGCACCTATCCGAGCTACGGCGT,0.673926385
282,AGATGACCAGGTCGTACCACCAGACGGCAG,0.59195041
283,AGACCCTCATTCCACTCGAAGTCGGGGCGC,0.610914535
284,TGCCCGGGATTCCCAGTGCACTTCAGGGCC,0.613728175
285,CAGCAGCACCACGGCGCGCTCCGACGGCAC,0.60879609
286,TGGTCCTCACGGATTCCAGCCGAGGGGCGT,0.72879647
287,AGGACAATGCGTTGGAGCGCAGGGAGGCCT,0.78418576
288,CAAGATCTACCGAATACAAGAACCCGGATT,0.49257710000000005
289,TCACATAAGCTGATGCGGACGGTGGGGACA,0.59866688
290,TGCCAGCGAGCCGCACAACGCGTCCGGCGC,0.6547004750000001
291,CGGCCAACGTGTTCCTGATGCATCTGGCCG,0.72895054
292,CTTTGGCGTACTTCGGCTGTACAATGGCCA,0.76860233
293,CATTGCTTCGGTAACATTTCATAGAGGACA,0.7583460900000001
294,GCAACTGAGGACCGGAAGCGAGCTTGGAAC,0.62503482
295,CTGGTGGTGACCGATCTACTGGTAGGGCTG,0.625146375
296,GGTGTCGTTTCACAGCTCGCCGGAGGGCAA,0.61096899
297,GCAGGTTCCCGCACGTGAGGTTCAGGGTGA,0.73626611
298,CAGGTTGAGCAGGTAGACAGCGTACGGCTT,0.576573695
299,TGGGGCTGACAGTGCGCCTCGCAGTGGGCT,0.8247881850000001
300,CCATCGAGCGGTGCCAATCCATCCTGGCCA,0.778677345
301,GGCGCGCTTCTCGCCCGCATGTCGCGGCTA,0.690339295
302,GGCAATGGCCTTTACCGCCAGCATCGGCAG,0.6657488
303,CCCAGGAGACCGCGATGATCACCTTGGCCC,0.722088725
304,AGGGCTGCCACGTGGACTCGCGCGTGGACC,0.733845635
305,CTTCCGTACATGCTGACGAAGTAAAGGCAC,0.526819475
306,TCGGAGTTCTCGATGGAGATGCGCAGGTCT,0.526819475
307,TCTTGGCGATCACGGCCATCACAGCGGCAT,0.749591325
308,TGCACGATGAGGCGGTAGCGTGCCAGGCCA,0.61060874
309,TCGAGTGTTGCAAACCTGACCGTCAGGAAC,0.48203873
310,TTCCTCACCTGCATTGCCGTTGATCGGTAT,0.69216565
311,TATGGTCGATGGTACAGCTCATCGAGGAGT,0.754270875
312,CGACACGCACAGGAGCACGTCCCACGGATT,0.6657488
313,ACAGATTCACCAGGAGGACGCCTGAGGCTC,0.8247881850000001
314,TGTTGAGCAGCGTGATCATTATGTCGGCAA,0.6893031000000001
315,TGGGTTTCATAATAGGAGTCAGCGTGGTGG,0.648421075
316,GCATCCCGGTGTCACTCCTGTATTCGGGCC,0.6867880000000001
317,ACGGCCTCTACACCATCCGTGATAGGGAGA,0.714773155
318,TTCAGGCCATTGCGGCAACCATCAGGGACT,0.6657488
319,AGGTCGCACAGGGACACGTACTGAGGGAGG,0.58044132
320,CGAAAGATCCAAGACTGCAGCCAGTGGAAT,0.634327855
321,ACTGTATTCTTGATCGGCGCCCCTAGGAAA,0.679304035
322,TTCATAACACCAGCCCCAATGCGTCGGAAG,0.65465911
323,CAGGTGCCATCTTCGAGGAGAACGCGGCCA,0.553006305
324,CCTCAGACCGCCCCGCAAGTACTCAGGATC,0.773997795
325,CAGCACCAAAGGCGCCGAGACGCGGGGCAT,0.653347075
326,TCACTGGTGTCCGTGGTCTCGTACTGGCTG,0.7211380900000001
327,GCAGGGCGAGCGTCAGCAGGCGCATGGTGC,0.687734795
328,GTGGTGATTGTGCTGAACAAAGACCGGGAA,0.62811315
329,GCCACCTCGTCGGAAGTGCCCACGAGGATG,0.76077244
330,GCCAGCTCGACGCGCCCGTGTTTGTGGCCT,0.819050285
331,TCGTGTTCTCGGGGCCCGCGTACGCGGCCG,0.770270275
332,CTCGGCTGTCGTCCGGAGCGCGGCTGGCCG,0.7052846850000001
333,CACCAGCTCCAAGCTCAGGTTGTGCGGCAG,0.554114745
334,TGGCAGGAGCGTCGTCTCAGCGCTCGGTGG,0.55771676
335,CACACATCCTCGACAGTTGCTCCAAGGACA,0.7409456600000001
336,ATGTGGGCGAATCAATGAAGACCGAGGGAT,0.69527138
337,AGGTCAGCGACTGCTCGAGGGCATGGGTGT,0.749745395
338,CCGCCCAGCGTCAGGCCGCCCGCCAGGCGC,0.64016284
339,TTGTGAGGATCCAGTAGAACTTGGCGGTCA,0.672663875
340,ACAACGGGTCGTGCTGCCGCATCGAGGGGG,0.852444855
341,GTCCCGGCTGTTAGACGAAGAGTTGGGCTT,0.614557915
342,CAATACGTTGAAGACGATCCAAGGCGGGGA,0.73722275
343,CGGCTGCCGGCGACCAGATCCTCCCGGAGG,0.8205114
344,GGGGGGAGTCCTCCAATTTGGTGCCGGACA,0.796587485
345,CCGAACCCGAGCCCGTCACGCTCCTGGTGA,0.76392278
346,ATAATTGAGAAGCGCCGACGAGACCGGATC,0.653501145
347,ATGGCTCGTACTAAACAGACAGCTCGGAAA,0.491771285
348,TGGATGATGAGAGTAACAGCCCGACGGTCC,0.7349458600000001
349,CATGGTCAGCGTGAACGCGCCCCTCGGGGC,0.68810377
350,TCATCTAGAACACGATTGGCCACACGGCTA,0.559899
351,CTTAAGCCACCAATAAAGAGCTTACGGAAC,0.503766405
352,TGCCAAGTTGTACTTACTACGTCTCGGGTC,0.620553235
353,GAAGTAGCCATAGGGCAGCGCCGCGGGCCC,0.59487124
354,GAGGGGCGCAGATTTCGGCGAGCGAGGGAG,0.601578985
355,CGGAGAGCCTTATGTACGTCTATGAGGACA,0.62043592
356,AGTCATGAACGACTTTGACGAGTGCGGCCA,0.61081492
357,GGCTCAGGACCTCGCCCGAAGCTACGGCAT,0.54161901
358,GTGCTGTATGCCGTACGGAGTGAGCGGAAG,0.62222118
359,GGCCATGGAGCGCGCGCCGCCCGACGGGCC,0.7648695750000001
360,GTGCTGAATACCCGCGCGACCGTCTGGATC,0.576213445
361,CTTTGAGACCGGCGGCAACACTACTGGTAT,0.6466393300000001
362,GGAATACAGTAAACGCAGGACGGCTGGCCA,0.54009143
363,GTGATCGCTGCAATTATTGTGACCCGGAAG,0.700844465
364,ATGGGATTCTGGATGGCGACGTAGCGGTCC,0.610662
365,ATGTCAGTTACTATAGCTGCTACTGGGCTC,0.629825925
366,AGACAATGACGTCAATGGATACGGTGGTTG,0.610914535
367,CATGGATGTGGATCAGACGCCTTCCGGTCT,0.820141785
368,GCCATAGGTTCTCAGTTGCCATGCCGGACT,0.63633568
369,TGTTTAATAGAAAGCCCTTCCGTCCGGTCA,0.621044005
370,CATCTCTGGACGTCCTGCTCACAACGGCAT,0.791907935
371,AGCACGTCGCACGCGATCCAAAGCTGGCAC,0.7761622450000001
372,AGATGAGCGCGATCAGCAGCGAGTTGGCCG,0.733999705
373,CGGCTGTGGGGAACAGATCAACTACGGCAG,0.83431917
374,ATAAGCATGACGACCTATGATGATAGGTTT,0.667308915
375,AGCACTAGGGTCGTCGCGCCCAGGAGGACG,0.81268151
376,CGAGGCCTATGTCACCGTCCTAGAAGGATT,0.555327165
377,TCATCTGGAGTATCGCTTACAGGGGGGCTT,0.614403845
378,ACCTCAGGAGCGCCACTTCATAGCAGGTAC,0.6547004750000001
379,TCCCCATCCCGAAACCAGGACACTGGGTCC,0.58825377
380,ATGTCCGTGGAACACGCAGACATCTGGGTC,0.69591238
381,GGAGTCGCAGGGAGGCGCCACCCGGGGCCA,0.78732301
382,GAAAACCCGATGATAGTGCTGTGTTGGATA,0.66937
383,ACCAGATTCGTACCTCACTCCCTAGGGCAG,0.669824015
384,GGTCACCCGAATAGCCCGGGCCTCAGGCAG,0.66469045
385,AGTAACGACCTATCTGATGTCCAATGGTAC,0.6229641100000001
386,GGGAGGCATTACAAGCGGGAGTTCAGGCTG,0.58887144
387,GTTATATTCGTACCAACTATAGCACGGCCC,0.572471325
388,AAGTTAATTGGCTCCTCAAGGTCCCGGTCC,0.67221361
389,TTGTTTGTGAGTAATACCAATCCACGGTGT,0.596998935
390,TCTGCTACACCGATTACCTCCAGACGGTCA,0.677988265
391,GCGGGCCGGAGGGCACCCCAGACACGGTCT,0.71514277
392,TGACATTGGTTGTCCCAGGACGAGTGGCTA,0.7277381199999999
393,GAACACGACAATTCTGACGCCCAATGGGAA,0.608786725
394,TACATGAGCATCTCTACTTGCGAGTGGAAG,0.747653405
395,GTGAGTGGAGCCAACCTATTTATGTGGGTA,0.71018823
396,AGTTCTCCTGCCAGTTAGCAGTCCCGGAGG,0.674067365
397,TACCTCTTAAATAGGTGCGATGCACGGTAC,0.569134935
398,TGAGGCCGCGGAAGTCCTCCCCGGTGGCTG,0.7731456250000001
399,GTGGCTGATCGACCAGATCGACAGCGGCAA,0.7766258450000001
400,GTTGCGCCGCAGTGCGAGTTCCTGAGGATC,0.781567295
401,TTGGAGACATTTGTTCTCTGTACGCGGAGG,0.6862643150000001
402,GCTGATTGGCGCAAGGTCGTACGAAGGAAA,0.8249422550000001
403,TTAGTGGCGGCATGATTTTGTGCACGGATG,0.696164915
404,AGCGTTCATGCAGCCTCTTGTCCACGGAGG,0.71165807
405,GCTGGACAGAGTCAGCGAGAGCTTCGGCTG,0.68810377
406,CGCCTCGTTCCTCCCGTCCGAGAGCGGACC,0.74202322
407,TTACTGAAAGACGGACCGCAGTACAGGGTC,0.61312384
408,TGATGAGGATCTTCCCGTTGGAGAAGGAGC,0.61696879
409,CCGTGGTGTTGTCGATGCGGTGGACGGTGC,0.714773155
410,GTCCCCGGGCACCACGGTCATGTCGGGCGG,0.74817709
411,ACACGTTCACAACAGTCACTGTAGCGGACT,0.763399095
412,GAACGGCGGTGCCATGACCGTCAGAGGAGG,0.83826747
413,TGAGATCGGAGAAATCCCTTACGCTGGCGG,0.7213906250000001
414,GCTGCGAGCGGCTGGTGCTCAACGTGGCCG,0.78070554
415,TCCATGACGTACAGCGAGAGTCTGCGGAGC,0.72794545
416,TGCTCCGGCTGCGAAGGTTCTGCTCGGTAC,0.664180495
417,GATGCCGGCGGGCATGACGAAGCATGGCTC,0.687734795
418,TGAAGTCTTCCTGTTTAAGCCCGGGGGAGC,0.7152367550000001
419,ACGATGCGCTCGCTCTCGTCCCCTTGGCCC,0.609048625
420,GAAGAAGAACTCGCGGCCGCCACCGGGATG,0.616716255
421,CACCCTAGCGGCCCGGGAGGAGTAGGGATC,0.77242949
422,CTACGGCCTGGTTCCCGAGCTAGTCGGTGA,0.724519685
423,TTGAGCACGCAGCGGAACACCTCGGGGTCC,0.813000395
424,CGGTGGTGCAGCTCGAGCAACAGGCGGCTC,0.694401175
425,GGCGTCACCGCTGTGGTGTTAGACAGGATC,0.659019775
426,GGGGGGCGTGCGGCAGGTGCTGTACGGGGA,0.77173139
427,GCCATCAAGGGCGCGTTCTACCGCCGGGCG,0.767997995
428,GCCCGTGCGCCTTCCGCGCCATCGTGGCGC,0.7957446800000001
429,GCAGCTCCCGGGACAGCGAATACCGGGCGC,0.54942762
430,AGATCAAGATGATCCAATCCCACGTGGTCT,0.73347602
431,CGAGCGTTGGCGATGATGAACTTACGGCCT,0.620192985
432,GGACACCATCGCTACGCGCTTCGACGGCAC,0.6502605300000001
433,CCATGCCGGTCATGAAGGGGTTGCTGGCCC,0.683547385
434,CAGGCACATGGTTCCTCTTTGGCGTGGTGT,0.7183658150000001
435,TGTCCCGCAAGGGCATCATCCCCGAGGAAT,0.73541394
436,GCGCCAACGGCTTCGGCAACGGCAAGGTGC,0.73228693
437,ATCCAACGCCAGCGCATGTCCATTAGGATT,0.593302935
438,TCATCACAAAAGTGGCAGCGAACAGGGTGA,0.47027222
439,CCAACGTGTCAAACACATTCCGACTGGAAG,0.7005957700000001
440,AAGAGGGCAAAGCTTGTGTGTCCGAGGTCA,0.66921593
441,GGACATGCACGGACACAGCCGCAACGGCCA,0.59487124
442,TTGCCACAGACCGTACGCGCCTGCTGGCCG,0.68810377
443,TGCGCGAGACATACCGCTACCTGACGGACC,0.65933866
444,ACGAAGCGGCCGGTGTCCTCGTTGAGGTGC,0.83358792
445,CTATGTACCGACCGCGAGCCCGGGCGGCTC,0.7428623
446,TGGAGGCCAGCAACTACGGCGTGTCGGTGC,0.637282475
447,GCCGGGTCTCTCCCGCGAGGCGCTGGGAAG,0.75730531
448,TGAAGCGGCAGAACGTGCGCACGCTGGCGC,0.6657488
449,GGGCCCATCCGTGTGTGAGCGACCAGGAGC,0.6116670900000001
450,GGGTCTAAGGCCCTGGTCCCGATACGGGCT,0.7522523050000001
451,TGGGTCAACGTGTCAGCTGCCGGCAGGTGG,0.6682557100000001
452,TATAAGATGAAGAGGTCCGGCCACTGGTCC,0.716088925
453,GCTTCCGTGTACTCGTAAGCCACCCGGAGC,0.61096899
454,GCGGGACGCGCTCAAGTTGCTGAGCGGCCG,0.74322255
455,TTGGGCGAGCTGAGACAGGGGATGCGGTGG,0.623933955
456,CCTTGAGACGCCGAAAGCGCTTGCTGGAGC,0.6748731800000001
457,CACCATGGTGCAGAAGTCGCGCAACGGCGG,0.777979245
458,GCCCCACTTTCCGCTCCTCGTCGCCGGCCG,0.68810377
459,GCAGGCGGCGGTAGCGCTTGTGCGCGGCCG,0.77157732
460,GCAGTAGCAGGCCGTCGCCCCTGGCGGCTG,0.78732301
461,AGGACGGGGAGATCCGCATCAATGTGGGCG,0.803664845
462,AGCTGTGCGTATTCTCATTCTGCCAGGAGA,0.65843323
463,TCTACGTCAACGAGAACACCTTCAAGGAGC,0.726768275
464,TCGGGGACTGCTTCACGGTCAACGTGGGCG,0.75129242
465,TAGTCGTCGCACAGGCTTAGCTGGCGGCTG,0.779966075
466,GGTGGGTAACCAAGGTACTTCGCAGGGATT,0.58331232
467,GACACAAACACGATCCTGCCCACCCGGCGC,0.526612145
468,CTTACGTGTCAGTGACGAGTAAAGAGGTGG,0.7986156799999999
469,GGTTGCTACCGCCGCAAGCCGCACCGGCTC,0.636781245
470,TAAAACTAGTCCTCGAAAACCTCGTGGGAG,0.7371813850000001
471,TGTAAACGATCCATCTCAGCTCCCAGGTGT,0.651571415
472,GTTACAGAGAGCACAACGCCGCACCGGACC,0.636083145
473,AGTCTCGAGGTACACTCTCAGAGTCGGATT,0.6487006750000001
474,ATCTTGCCGCACCGGGCGCAGTTGGGGTTC,0.8099220650000001
475,GCGGGACCCACTGGTTACCTACGAAGGCTC,0.651571415
476,TTTCCGCAAGTGACTGGATTGTACTGGTTG,0.660695795
477,AGCTGGATGATTCGTCTTACTGTGTGGTTC,0.64118967
478,CACACACTGTCATTGCGAGCCCGACGGCAG,0.673926385
479,GGTGAGATTCTGGAACGCGTAGTCGGGGAT,0.667308915
480,TGAGCCCTGCAACTGCGTGCCCGACGGCGC,0.68810377
481,AAATCGGCTGGGCCTACTACTGCACGGGAG,0.675947005
482,GCTAACAGTCAGTCTCCGAGTATTGGGTCC,0.57646598
483,TGGCGTGTGGTTAACTGTGATCGGAGGAAG,0.7529684400000001
484,CCTGAGCCGGGCCGGGCTCCCGTTCGGGCT,0.80008616
485,GTTATTCTATAGATCTGCGATGCCCGGGCA,0.526972395
486,TTGAGTGTTCCGATTGGAGCCACAGGGATG,0.658180695
487,CGCCGAGCCTCCGTGCGCGCGCCGCGGGGT,0.76376871
488,TGCTGCTGCTCACGCCGCTCTTTGTGGCCT,0.80593125
489,ACGGGGCGTACGCGGGGACCAGCGTGGTGG,0.8178422300000001
490,GGTCTCCGCTTCAACCGGCTGCTAGGGAAG,0.59487124
491,GCTGATGATGCGGTCGGTCTCCACCGGTTC,0.758869775
492,TGTCGCTGTTGGGGGACCCGCTACAGGCCC,0.8249422550000001
493,GCTGTGGGGCCACGAATCCCTACATGGTAT,0.71982232
494,AAATGAGCGATAACGATGACATCGAGGTGG,0.65742814
495,GAAATAATTCCGACTGTCCTCGTGTGGTTT,0.7700083750000001
496,CGCTACCACAGCATCATGACCGTGAGGAAG,0.49136468000000005
497,CCCTGCGCTACCACCACATCATGACGGCGA,0.76860233
498,TCCCGGAGCGCAAGCCCCGCAGTTGGGAAG,0.7110404
499,TTCGGGATCTTGAGCTACGAACACCGGCCC,0.63209233
500,TCCCGCTGCGCTCCATCGACGACGTGGTGC,0.614043595
501,AGTATCAGCTTCCCAACTTCACCGCGGAAA,0.8106108000000001
502,ACAGTTGCACCCTGCGGTGAGCGTGGGCCA,0.7271378900000001
503,TATCTCAAACGGAAGATTCGTTCCCGGCCG,0.66512665
504,GCCCCAGCTCTAACCTCACCTGGACGGTGC,0.672610615
505,CTCAAGATGTAATCGAAACGCTCGCGGAGA,0.790433615
506,ACTGCGATGGGCACGCGTGCAGCGTGGTCG,0.8030605100000001
507,GGTCTGGAAACTGGCACACGTATCGGGTTC,0.588361485
508,TGGAATAGTTTAGGGCTGACTCCACGGTCC,0.611068605
509,TGGACAGCACGTGGGGGCCGCCAACGGCGC,0.7271378900000001
510,CTCGACATCTCCGGGGTGCCCTGACGGAAG,0.636781245
511,CGCCAACGACTCCCAGCACGACCCCGGGTA,0.712960505
512,TTCTGTCGCCCTCGTAGGTCACCATGGCCT,0.642082945
513,GGGTACGGATAAATGGCCACCACCAGGTCT,0.54004134
514,CGCCCGCCTCGCAGCAGTTGGCGAAGGAGC,0.782779715
515,CTGAGATCGTCAGGTTATATCGAGAGGCTG,0.702831295
516,CTACGTCTCTGAATAGATGGTATGAGGAGA,0.629671855
517,CAGGGCTGTAGCGAGTCAAACTCGAGGTCT,0.76578869
518,GGAACTATGACCTCGACTACGACTCGGTGC,0.6329136200000001
519,CGCACGTTCAAGAACAGAGACAGGCGGCGC,0.6860117800000001
520,AGCCCTGAGTAGTAACGCTCCTTGAGGTTG,0.72941414
521,GCCCGCGGCGAACGCCAGCGCGTTGGGCTC,0.583822915
522,GGATCTTGGTCTGGCGAACCTCCGAGGCGG,0.894607395
523,GGTCGCTCAATCTCCAGGTCGCGCCGGCTG,0.655890715
524,TCGTCGAAGCGGCTGACCACGGCCTGGACC,0.647091005
525,AAGCAACCCAAGACGTTCACCGTGAGGATC,0.590849545
526,CTGATGGCCCCTACCTGGTGATCGTGGAAC,0.678713765
527,CGTGCAAGCCGTGCACCGAGTGCGTGGGGC,0.60466668
528,GGTGACCACCGGCGCGAATGAGAGCGGTTC,0.70055878
529,GGTAGTAGTTGGTAGGCGTGCGCATGGCCT,0.6911073
530,GTGGCGCAACTACCCTTTCTTGTTCGGGCC,0.54114978
531,GCAGCGGCGCCAGAGTCGACGCGTTGGAGC,0.597260835
532,ACGGCCGTCATCCTTGTAATCCTAAGGGCG,0.5413571100000001
533,TGAATAGCTTCTTCGGAACCCCAGCGGCCA,0.824090085
534,ACATCAGCTGATAATCAACCCTCGAGGGTG,0.786255295
535,CTTCCTACAGCATTGAGACTGTCGTGGGGG,0.819987715
536,CACCGAAGGCGCCCGAGGCGACGCTGGGTC,0.782419465
537,CGACCCCGTAGCCGCTGCCTATGTAGGCAG,0.749745395
538,CATTCCACCCAGCCTGAGTGATGACGGCTC,0.684245485
539,AGCTGAGCACGTTGTAGTGGAAGCCGGAGG,0.635825725
540,GGGGAACGAGCTATGCAGCGTGTGTGGGGA,0.625133285
541,GATTTTCAATAAGAAACTTCCGTCTGGGCA,0.54582933
542,AGGAGGGCCATGAAACGCAACGCCCGGCTG,0.5211844050000001
543,TGGCTGAGCTCCGGAGCATTAATGAGGCCT,0.7901855600000001
544,GCAGTTCATTCTGACAAATCACGACGGCTC,0.678605935
545,TTACTGGGGAAGACGGACGTCCAGCGGCCC,0.83826747
546,CCCCTCGCTCCAGTGCCGCGTGTGCGGAGA,0.6997529650000001
547,GCGAGATCCGCAGGACGACGTGGCCGGGGG,0.7110404
548,GCCGAGTCGTCCTCGGCCGCGCGCGGGTAG,0.83911964
549,TTTAAGTCTGTTTCCCCCGAGGAAAGGCTG,0.7525048400000001
550,GACACATGATAGGGCTTTTAACAACGGCGC,0.693733955
551,CTCAGAGCTACAGTTACCACTCTTCGGGAG,0.65864056
552,TGGACTATTCGTACGACGAGGACCTGGACG,0.5478586750000001
553,GGAGCGGGACGAACCGCCGCCTAGCGGAGG,0.782625645
554,TCCCGTAACTCTTGGCCAGTTCGTGGGCTT,0.6604471000000001
555,TTGCCACCCGGAACCGCACATCAGTGGATT,0.82035733
556,ATGGGAACGCCAGTATCAACATCACGGACA,0.69612355
557,CGGGCAACGCGTCGGAGCGCGTCCTGGCGG,0.83911964
558,CGGGCAATGCGCTGTCCGCGCACGTGGTGC,0.694451265
559,TCATTAAGGTTTAGCCCGTCCTCATGGTCC,0.70685299
560,CCTTCATCTCCCGCTCGGGAATCATGGCAT,0.73520776
561,TTCTTAGGGTCTGACATCGGATTCCGGAAG,0.754424945
562,AGGGGATGGAGACGGGGCGGCACTAGGTTT,0.7903396300000001
563,ACGTAGACGACGAGGTGCTGGACGAGGATG,0.812793065
564,GGGCTGCGTGTGGGACGGGTTTAGCGGCAG,0.7720872750000001
565,GGGGGACTACGTACCTGAGCCCTTCGGAAC,0.604107175
566,AGCCATGGAACCGGCCCCCTCCGCCGGCGC,0.69410357
567,GGACTCCCCGATCCAGATCTTCCGCGGGGA,0.79200256
568,TGGAGATTGGCTATACGTCTGTCACGGTCC,0.739643225
569,AGAAAACGGCCACAACCCCATGCAAGGCGT,0.700965385
570,CACAGTGACCCAATTCATCCTCGTCGGCTT,0.58992979
571,TTACAACATGCTAATGAGTCCCCGTGGCTG,0.700947815
572,GGCTCAAGAGGGTGGAATAGCGTAGGGGCT,0.63411295
573,TGTACAGGCGAGCTTTAGGACAGGGGGTAT,0.625133285
574,GCTAGAGAGCCGAAGATAAAGAACTGGAGC,0.576573695
575,CCTACCTGGATATCTGTTACTCTACGGTGA,0.7008031
576,CTCTTGCCTTCTACTGTGCGGATACGGAGA,0.62058999
577,TGGAGAAGGCTTTGCAGCACCTGGCGGCCG,0.79882301
578,GAACATGCTCATCATTGCGACGATTGGCTT,0.65843323
579,AGGAGGAACTCGGAGACACTCGACTGGTTT,0.64470141
580,GCTCAGACACGCACACCAACGAGCTGGTGA,0.591701715
581,CAGAAAACGAGACGGGCCATCAGGAGGATG,0.77839777
582,CCCAAGTCAAGCCATTCTCAAGAACGGAGG,0.644953945
583,GGTGGTCTTCCTTATTGCGGTGAGTGGCAA,0.6664567450000001
584,CCTGGTTGAGACTTGTGTCGCCACAGGCCA,0.717288255
585,GTGGGTTCAGCGCAGGAGTGACTACGGTGT,0.707799785
586,CCACAGTTACTATGATACGGCCATAGGATA,0.60373756
587,CTGTGTGTGATGCCCTGCGATACTCGGCCA,0.63932376
588,CAAAAAGCTCAGCCTCGTTAAACGTGGTGC,0.7706305250000001
589,CTGCCCTCATACTAGTATGTTGTCTGGACT,0.616599175
590,CCATGGTTAACCAAAGCTCCCCCATGGGCT,0.66512665
591,GGTGCCATCGTCCGAGCTATACTGAGGATG,0.719271245
592,TATTTGGAAGATATTACCTTATATCGGCAC,0.61816364
593,GGATAATCGATGGCTTGATCCAGATGGTGG,0.72895054
594,TTCCCTACTGTGCCTCCCGTATTGTGGATC,0.885127375
595,CTGCAGTTCTACGAATCCGTTCAGTGGAGG,0.70175747
596,CCCACCACCGTGGCAAGGTACACGGGGAGA,0.728684915
597,CTACAATTATGTGAGACGTGCAAGCGGAGA,0.6151342200000001
598,CTAGTCATGCTCCGAAGCCACTCACGGGAG,0.76330063
599,TGTTGTTCTACTTTGCGAGCATGATGGGAA,0.763553165
600,CCTCGCTATCAGACAGCGTGCTGCCGGTAG,0.678245685
601,GGCCTCCATCCTACAGCTCGCTCTTGGATG,0.706960705
602,GGAAATTATGACCCTAACGAACAGTGGCCT,0.8281653
603,TATGCAGTCATCCTCTGTCGTATAAGGGAG,0.555327165
604,AGGTCTCATCGTGGTGGCCAACAGCGGTAT,0.7908032300000001
605,TGGTGTTGTTGTGACAGCCAACAGTGGTAC,0.866252625
606,GGCCATCATGAACCAGCGAATGTGTGGTCT,0.598915575
607,TGGAATCAGGTTCCCTCCTGGCAATGGCAT,0.71165807
608,TTCACTCTACTGCTACCCATATTGTGGTTC,0.592165315
609,CAAGCAGAATGCCAGACTCGAGAAAGGAAA,0.588361485
610,GGCATTGTGGTCAATGTCACTCCGAGGTCT,0.70439576
611,AAGATTGGACTATCTGCCCTGACCAGGGGG,0.635825725
612,TTGATTCCCGAGAGATTAGCTTTGAGGCCT,0.744790855
613,CCATCTGCCACCCTCTGAGGTATTCGGTCA,0.631146175
614,TCAACGTTCGTAGAATCAGCTCTGAGGCCT,0.72531177
615,GTCTTGCTCGCCATGTCCATTGATCGGGCA,0.51145185
616,ATCTTTCTTGTCATCATTACTAAGCGGAGA,0.6414383650000001
617,AACTATTGAATCGGATGTCTGAACAGGCTA,0.644953945
618,ATGTCCATGACGGCCAGCATTGAGAGGAAG,0.7167561450000001
619,ATGGGTTTTCCATTCTAATGTCGACGGTGG,0.687734155
620,TCCTTTCTCAAGATGCCCGCTCCAAGGCCC,0.604107175
621,AGGGGCTCGCGAAATCACATTCCCAGGATG,0.681946165
622,GTCAGGATGCTAGAGTGTCGGAGTGGGAAG,0.667308915
623,TAGAACTGGTGGTGGGTAACACACAGGCCA,0.743335255
624,GCACACGTGTTGCAGGCTTTCCATCGGCCC,0.7211380900000001
625,AATGGTCCACCGTGAGAAATCCCGGGGTCC,0.68684126
626,TCTGGATTGTCGGAAAGTCCTAAGAGGAGA,0.7700083750000001
627,ACCGCAATGCAGCCACCGTTTTGGGGGCTA,0.7432312750000001
628,ACTCATTAATTGTTGTGTCAGTGCAGGATA,0.617914945
629,ATACGATATTAGTCGACATCTGCGGGGTTG,0.7558309900000001
630,GGCAGCGCCATCTTTACATATGTACGGCCC,0.62164834
631,AACTGTGGGTCATCTGTCAATCCTAGGAGA,0.672817945
632,TGGAGATTCGAATATCTCTCTTCGTGGTTC,0.711134385
633,CCAAGATGCTTGTCGTCATCCTCACGGGGG,0.70791134
634,CTCCATGTACCTAGTCACTTTCACCGGGAA,0.58992979
635,TGTGGTCTACGCCATCGGACTCATTGGCTC,0.4658
636,CTGACATGCGGGTAGTATGGACTGTGGCCC,0.80113078
637,TTCACAAGCTCGCTGATATCTGTCTGGGTG,0.69216565
638,GCGCTTCGCATATGATAGCAGTCACGGTTT,0.5523390850000001
639,CTATACACAGTAATCATGTCACGAAGGGTA,0.651090245
640,GGGCTGTCTGCCGACCCCAACATCCGGGCT,0.69925261
641,TCAGATCAGTCTTCGGAGAAGAATCGGGTA,0.505696135
642,CTTCCTGATTCACTACTATGCCAGTGGCGA,0.7152367550000001
643,AGAGGCGCGAGTGCTTCTGGCGTGTGGTGC,0.75645314
644,GCGGCTGCGGATGAGCACGATGCGCGGCGT,0.78000744
645,TCGGTCTTGTAGTCGAACAGCGACAGGCAG,0.6045588500000001
646,GAGGGCACAACGCCACTCTCCACGGGGCAC,0.72879647
647,CAGGACGCTCTGTTCCTCTGACCGAGGTTG,0.7910557650000001
648,GAGACTGGAAGCGTAGGTACGATGTGGGCA,0.63806125
649,CCTGGAACCCACTGAGTTTGTCGTCGGCAG,0.7409456600000001
650,AGCTGTACTATCCGAGTGTCTCTGGGGCAC,0.795375065
651,TTTAAGTCCCACCTTAAGTCAAGTCGGAAT,0.607110705
652,GGTGCTGTGGCCGGCTGTCCCCAACGGGAC,0.74001284
653,GTGGACGCATTCCAGGTCTTGAGGCGGCAC,0.705490865
654,TGCCACCCACTTCGGGCACTACGCTGGGGC,0.712960505
655,CAGAACATTGCACGCGACAGTTTCAGGCAC,0.7052479300000001
656,ACTGACCGAGAAGTAAGTCCCAAATGGCAA,0.64520264
657,CCACCCGGGTCCGTCCGAAGCACACGGTCA,0.63353577
658,GGAGCGGGTGAACGACGCTTCGTGCGGCCC,0.78000744
659,ACCTGTCCTGCTGGTCCGAGGAGTCGGATA,0.572035125
660,TCATTCTCGGTACCGTGCCGGGAAGGGCCG,0.766682225
661,TGCTCGTATTTCTCCAGCTCCGTATGGTAG,0.6861658500000001
662,CAGAATAACCGACGGAGCCCGGGCAGGGAC,0.658878795
663,GCGACCCCATAGATGATTATGCATTGGTAC,0.574643965
664,CGTTGGTGCGGTCTATGAGGCGCCGGGAGA,0.68268563
665,TGGGGACTTCCCATCCGGCGTTCCTGGTCT,0.61722621
666,GGTTCAGCTCCGGTGGTGTGGGAACGGATG,0.663122145
667,ATGCGCCTCTAGACTCATGCCCGTTGGACT,0.58992979
668,TGGTCCTGCGTCTTTTCGTCGGAGGGGTCC,0.6672958250000001
669,ATTCCTCTGCCTACGAGTCCTGTATGGCTG,0.6723580800000001
670,GAGGAATGCCAGGCGGAAGGCCGTGGGAGC,0.76930043
671,GGCATCACGGAAGGTGCGTCCGAGTGGCAC,0.798504125
672,CAGCATGCGTGACAGACACGGGCATGGTGA,0.71982232
673,GCCGCGACGTCACCTACACGCCCGTGGCCG,0.88043001
674,GACCACTGTAGGCGGGGTTGTCCCAGGCTC,0.83911964
675,GCAGGCGTGGAGCCGCGATAACCCCGGCTT,0.74001284
676,TGCTTGAAGTGCGAGGTATGATAGGGGCTC,0.83296577
677,GGCCATACCAGGGCGTCCGTGTGAAGGAGC,0.73626611
678,CAGATAACGGGCTCTCTAGATCGCCGGCCT,0.815462235
679,TCCAGCTTCATGCGGATCGTACGACGGAAG,0.679304035
680,CTGGATTCAGCTGGTCGATATCACTGGAGA,0.745643025
681,TGGGGTACAGCGAGTCGTCGCCGTCGGCCG,0.745643025
682,ACGCCAGCAGCGATGAGAGCGAGCCGGATG,0.67355741
683,CAAGCGCAGCCACAAGTTCGTGCCTGGTGC,0.658180695
684,CCAGGGCCATCCCAATGACAATCTTGGCAG,0.651571415
685,GCGCTGCACTCCGCCGAAAGCCTCCGGCGG,0.583889265
686,ACGAGTGGCCCACGGCCAAGAAGTAGGTGA,0.577893945
687,GGTGGTGTTCTGGCAGCGGTAGAACGGCGA,0.6014805200000001
688,CCAGCACCCCGGCCGAGAACATGACGGAGC,0.6597082750000001
689,TGTGGGCGCCCGAGCGTTCCGCCGAGGCGC,0.79680303
690,AGGCGGACGAATTGACCCCGGGAGTGGACA,0.784438295
691,TTGTGACTCCAATACACCGCTCAATGGCCA,0.6229641100000001
692,TCGTGCAGGAACCTCACCTACGTGCGGGGC,0.83165
693,GATGGGGACCGCCCGGATCGCACCCGGCCT,0.63089364
694,CAGCCAGTACACATGTACCGGGCCCGGAGC,0.526972395
695,CGGGAGCAGTTCATCGCTCTGTACCGGCTG,0.706960705
696,CTATCAGCGCCGGGCATCAGATGATGGCAA,0.7153501
697,GTCTGCGAAAGCCTTCCCACACAGGGGCAG,0.592165315
698,TGCTCAACAGGTAAAGGACTGACTCGGCTG,0.701542565
699,GGCGTGTACCGCGTGCAGATCCGCAGGATC,0.5221399250000001
700,TTGACCCAAACCGAATGGCAGCATCGGCAC,0.51905223
701,CCACCAATAAGGAGCGACTCTTTGCGGCTG,0.748969175
702,GGGTGTTCGAGGTGAACCATTAATGGGTAT,0.68037786
703,CGGTTCCGCTGTGTGAAACGAGCGCGGGGC,0.705490865
704,CCGTAGTCCGGCACCGAGCCCTGGCGGCTC,0.79164231
705,AGGGCTACCACTGCACGGCGCACAAGGAGG,0.602431155
706,GATTTGTCGTGTAAACAAGAATTGTGGAAG,0.8190409200000001
707,CCCTTGCTGTACGTCCATGCCCTGCGGGAC,0.743591525
708,CAGGCGCTGGCCCTACGGCTCGGACGGCTG,0.606177885
709,TGGCCTGGTTGACGGCAGTTCGGACGGCGC,0.6159104400000001
710,TCTACGTGCCCTTCTCCAATGCGACGGGTG,0.640481725
711,GGCGGCGGCTGCGGACTCGTTCTCAGGCGG,0.679926185
712,CACCCTCCGAGGCCGACGCCATTGTGGAGT,0.7957446800000001
713,CAAGTCCGATGCTGATGTAACCAGGGGTCC,0.639629555
714,TGCAAAGACTCCATATAGACGGTGCGGTTG,0.444152975
715,GCCGCGTTACAGCGCTGGCTCCGGCGGAAG,0.65923468
716,GGAAGCCACAATATGACATTACGATGGAAA,0.608786725
717,GAATGGCAAGCATTGGATTACTCACGGTCG,0.64651841
718,GAGAAAGAGTTCGCACCCTCGTTCTGGGAC,0.68810377
719,CGGCGGCTCGTGCTGGCATCTACGGGGATA,0.7099356950000001
720,AAACCGATGGAACAGCTCGTAAATTGGTTT,0.690863215
721,TCATGGTGGCTATCGTGGCTGCATCGGCCA,0.70685299
722,AGCACTATGGAGTGTACAGCTGCGAGGGGT,0.793562675
723,TTCTCACTTCATGAAGTTTCCCGCAGGCTA,0.678605935
724,TGCAGTGCAGCGCTACCGTGCTCAAGGAGC,0.632602925
725,TCTCGTCTTCGCCCTCGCCCCCATCGGCCA,0.702281155
726,TCCAGTGCATCGCCACCATTCATAAGGAGC,0.631146175
727,TACGTCAACTATGATATCATCGTCCGGCAT,0.50638487
728,TTTTCCACCACAATGGCGCAACAGAGGATG,0.7397332400000001
729,GACGATGACCTCGCTCACCGGCGCCGGCCG,0.61828456
730,AACCTCAGGCTGTTCTCCCTCGGCGGGAGC,0.72895054
731,AGCGACGCAACAGTAACGTTAGTCAGGCCA,0.55077078
732,TACAAGGAAATCTTTACCGCCCTCGGGCCT,0.59460934
733,CCTGAGTGCTTGCGCCCCTTCACCCGGGAG,0.6874861
734,TGCCATTGACAGCGTAGATGTCGGTGGCCT,0.8106108000000001
735,CCGATGACTGCCATCGGCCTTTGGTGGTTT,0.918161695
736,TGGCAAACAGCTGCCCTTCATCTATGGGGA,0.745643025
737,ACGGGGCCCGTCGAGCCCGTAGCGTGGCCT,0.7385430000000001
738,ACAACACCGCTCCCTCGTTACCTGTGGCCC,0.83358792
739,GCAGCAGCGCGAACAGACGGGCGGGGGCCA,0.83826747
740,GCGGCGGTGGTCGCCCTCTCCTTGAGGCGC,0.795500595
741,GAGGGGGCGAGTCAGACTTCCTGCCGGTCT,0.76860233
742,TGGTCATAATAACCTGTAGAATCGAGGCCC,0.7206144050000001
743,CCGGGCGGCGGAGAACGGAAGTCGTGGAGG,0.620661065
744,GGCGTTGGGCCAATACACCAGCCAAGGGAG,0.7213906250000001
745,TCCGATTTTTTGGACCAGTTACCACGGTCC,0.63103398
746,CTGAGGTCCAAGATGTTGCAGACCGGGTCA,0.559899
747,GGGGCTGTATTATAATGTGATCATCGGGTG,0.547397635
748,ATGGCGAGCTCGACGTGGAAAATGGGGATC,0.590489295
749,GCGCCTTGTTGTCCCACTTCGGCCGGGAGC,0.76198486
750,CCCTTCCACGTGTCCCGGTCGGGGAGGTCT,0.606023815
751,GAACTGTAGCGAGTTGGCCCACAGCGGCCG,0.83296577
752,TGCTTCTGGCGCGGATGAACCCGCAGGTGC,0.72447832
753,GGGTCTTGCAAACTCAGTAGCCCGCGGGCG,0.714826415
754,CTTCCCCTATCGAGCGTACACCAATGGAGG,0.6371414950000001
755,GGGAAACTACCTCCGTATGTTCCGAGGTTC,0.673772315
756,CAGATCACTGCGAAACCTGCTCGACGGTGA,0.80128485
757,TCGATCGACTGTGTTGGAAGGCATCGGAGA,0.5555344950000001
758,TACCGCACCTCGCCCGACACGCTGAGGCGC,0.75735857
759,CCACGTCGCACTACAGCTCGGCGCAGGGCG,0.69878312
760,TCAGCAACCGTCGTATCCTGAACAAGGCTA,0.68268563
761,CCCGTTCTGGGACGCATTTCGCCCTGGCTC,0.74469239
762,CCATGGACATGCTTCATCCATCATCGGTGT,0.71259089
763,CTGCAGCCAATGCCAGTAGCGCTCCGGCGG,0.684605735
764,AGAACATTCGACTCTTGCAGGAAGCGGCTA,0.609102145
765,CTGGGGCCGTGCAAAAGGATATATAGGCTC,0.601940385
766,GTCATCTACCAGCCGCGCCGCAAGCGGGCC,0.7096870000000001
767,TCCGTAGATGGCGTGCAGTCCCGGGGGAAA,0.71044565
768,CCTACGTTGCAGTTCACTCTTCGTTGGACA,0.749123245
769,AAGGCACACCACTACACCATCGAGCGGGAG,0.576419625
770,GCAGCTGTGCTACGCGAACGTGAATGGGTC,0.6723580800000001
771,CTGGGTCCCGGGTAATTCTGTACACGGCGT,0.626345705
772,AGATGACGATGGCATTACCCGTCACGGCCA,0.6373940300000001
773,CAGCTAGCGAGGCGGTCAGGTTCACGGCGT,0.76392278
774,CAACAACAAGTCGGATCTGCTGCCCGGGCT,0.578881465
775,GGCAGTGAAGCGCGCTTTCATGCTTGGATT,0.59305885
776,TTTGTCGCGCCACAGAATCAGTAGGGGCAC,0.83826747
777,AAGCAGACATTTGTAGTGATGCTCCGGTGT,0.545928945
778,ATCAACATAATGCGGTCACCAGTGGGGAGT,0.667154845
779,TGCGAGAACACGCTTCGAAGCTTGAGGTTG,0.64850524
780,GAATCCCCAGACGGAAGCTCATGTAGGTGC,0.72233742
781,CCTGCTATTGCTACCAGGCGTAAAAGGAGT,0.653019975
782,CCATGTGGCCCAACGGCAGTTCCCTGGGGC,0.7271378900000001
783,TATAGCGGCCATGCGTTGTTGCTGGGGATT,0.66453638
784,AGGCCCACAGGCGGTCCGGGTGGTCGGTGA,0.64016284
785,TCAGTAGCCATATTCACCATCCACCGGATC,0.58882135
786,CCCTGCTGCGCAGCCACTACCGCGAGGTGC,0.73213286
787,CACTGGTCGTAGCCAAATCCAAAAAGGTTC,0.747807475
788,ATGTCTCATGCGGCCGAACCAGCTCGGGAT,0.710089765
789,GCCAGCGGTAGCAGTGAGTCGTCCAGGAGC,0.683547385
790,TAGCCGGCCTGTTGCTGGTACTGTTGGTAC,0.59487124
791,GTTCAGCCTGGCTCGGCAAGTAGATGGCGA,0.69012439
792,TTGAACGAGAGAGAGATCGGCTTCGGGACC,0.69278332
793,ACAGTGGTTCTAGATGACTCGAAGCGGGTG,0.699491065
794,GGGCGTTGGTCGCCACATGGGCTTCGGTGA,0.791907935
795,GGCCCGGGCGGGGTGCGCACGATACGGTCG,0.601448245
796,GGGTCACGCAGAGCCCATTAGCTTCGGCAT,0.679926185
797,CGCCTCGTGGTTCAATCCTCCCCGCGGAAG,0.7529684400000001
798,TGGAACAACGGGGACAGAACGCCCCGGCCG,0.649606105
799,CCCGACCGCCTCGAGCGCTCGAGCAGGGCG,0.64532356
800,GCCGCCGCAACACCGAGTGCGCGCCGGGCC,0.69878312
801,CCTTGCATTCGCACACGCGGTTGTGGGTGC,0.73026631
802,GGAGCGCGGACCTGGACAAGTGCATGGACT,0.652392705
803,TCATAGAACTTGCCTTGCTCCTTGCGGCAG,0.715934855
804,TTCCACCGTGTACTCGAGGCCTCTCGGAAG,0.707101685
805,GCGCGTTTCGGGCCCTGTGCGGCCTGGCGC,0.6635761600000001
806,TCAACCTCGTGAAGATCGCGTCCACGGCCT,0.692675605
807,AGGTGGCATTTACACCCTACGCCCCGGAGC,0.578142
808,CTGGCTTACAGCCACAGCGGGTGTCGGCCA,0.69348142
809,GGGGACACCTACCCCAGCAACGACCGGTGC,0.624736035
810,CGGGGCAATCACGCCGGCACCAGGTGGACA,0.7167561450000001
811,AGCCAAGTAACCTTGTTATCATGCCGGACT,0.575752405
812,GGGCTCGACGCTAGGATCTGACTGCGGCTC,0.730360935
813,CGGACGAGGCGGAAGACCGCGCGCAGGGCC,0.8249422550000001
814,TGCTGATCAGCAATCCGAGATCGATGGCCT,0.73146564
815,GGGAGCGGACAGAGATGGCGGAGTCGGAGC,0.531913845
816,GGCGAACGGCGACGAGCCGCTGACCGGCGA,0.74817709
817,GTTATGGCCGCAGTCGAGCATCATGGGCTC,0.665637245
818,TGGTGCCGCGGTCATTGAACATGAAGGCCG,0.6076961000000001
819,TCTTCTATGAGACTATTGTCATCTCGGTAA,0.616856595
820,ATGCATTGCTCTATGCCATACGCAAGGAAG,0.65913133
821,TTCTCACGGAGAACTGTCTGCCGCCGGTGA,0.754424945
822,AGCTCTTGAGCGAGCCCCGCTTGAAGGAGC,0.75982041
823,GGCTGCTGTTGCTGCGCCGGAGATTGGAGA,0.7761622450000001
824,CGTAGGCATCGGTGGGCTTCTCCGTGGTGT,0.8049806150000001
825,AGTTTGTACGGGTGCCGAGCGGAGTGGCCC,0.7332413000000001
826,AAGGTGTTACTGTGGCCGACTGATTGGAGA,0.45918253000000003
827,TTTATGACTCCATAAGCATCCGTTGGGCTC,0.747807475
828,AGGGTGACTCGGAGGAGGCTTTCCCGGTGG,0.7540646950000001
829,CGATGTCCCCCTGCCGCCGCTCGATGGCGA,0.741315275
830,TAGGGTGGACTCCAGCAGATCGATGGGGTT,0.46448423
831,CGTCTACCGCCCCCTTAAGTTTCGTGGTGG,0.819410535
832,GGCCGCCCGTACCGCTTCCACTTGAGGCTC,0.8052331500000001
833,TGGACGAGATAGACTTCCGCCACGTGGCCT,0.7004417000000001
834,AGTCTGCGTACTGGGCGGTAAGCTGGGGAT,0.630087825
835,TGCTGTTCTCATCGCGTACCACGAAGGTGT,0.8107648700000001
836,CTTGGGGCGCTGCACGGTGTCCAGCGGCCG,0.8666222400000001
837,CGGTGAACTCGCGCGAGCCCTCCCAGGTCA,0.83911964
838,TCGGTGCAGCTGCGGCTTACATTGCGGCCT,0.690339295
839,GGTGTAATCTTCTGCTGTACACTGCGGCTA,0.634327855
840,AGTCCTGCTCGTAACCTTCGAAGTCGGACG,0.672610615
841,TGACATCACGAGTTCACGATACCGTGGGCT,0.577876375
842,ACACTCGCGGTTCACCTCGCAGCTCGGAGT,0.7103423
843,TGTACCTATGGATCGATGCTCACCAGGCAA,0.63884259
844,TCTGTGTCTAGGTCCTGCGTGACGTGGATC,0.7986156799999999
845,TCATGACCATCCACCGCTACCTGTCGGTAG,0.631353505
846,AGGCGGCGGCTTTAGAGCAACCCGCGGAGC,0.742483085
847,ATGTTCTTGAGGTACCGAGCCTTGCGGTCC,0.79993145
848,AGTGAAGTAGACGTATACCAGACAGGGCTA,0.5505266950000001
849,AAGCGTCCGTTACCCAGAATATCACGGTGG,0.68699533
