,30mer,GNL-Scorer
0,AGTAGAGTCGGGGTTTCGTCATGTTGGTCA,0.5709613
1,CTGCCGCCGCCGCTTTCGGTGATGAGGAAA,0.6997529650000001
2,CCCGGGCAGCGTCGTGCACGGGTCGGGTGA,0.6865354650000001
3,GAGGTGGGCGGATCACTTGACGTCAGGAGT,0.6405230900000001
4,CTTTTTACCATAGTGTACGGGTGCAGGCAT,0.67955657
5,TTCTTCTACTGAAGTGGTAGCAACAGGTAC,0.5489170250000001
6,CAGATAGAGATCCGCCCTATCTCAAGGGAC,0.620674155
7,TTTCCTCATCACCGAAAGCGGCGGCGGCAG,0.6915709000000001
8,AGATTTCTGAATTATCGGCTAGCCTGGTCT,0.525914045
9,GCCTGCCTCAGCCTCACGAATAGCTGGGAT,0.45005431
10,CCCAAAGTACTCCTGGAGTACTGCAGGAGG,0.566263935
11,AGATCACCGTAGTCAATCTCAATGAGGGCC,0.7611326900000001
12,TGAGACGGAGTCTCGCTGTCGCCCAGGCTG,0.61842554
13,GTAGTGGGATGCCGTCCCGCAAAATGGCCC,0.631146175
14,CAGATCCGAGAGAAACCTTCGCAAGGGATT,0.6751257150000001
15,GCCCCCGTCCAGCCACGGCAAGCCTGGGCT,0.512804375
16,TGGACTAGTGGAAGTGAACGCTCCTGGCAT,0.820141785
17,TGTGGGGCATATGGACTAGGCACTGGGCTA,0.5886140200000001
18,ACACTGACATTTCAATTCCGTAGCTGGACA,0.60242179
19,GTGTGCTTACCAGTATGACGACGATGGGTA,0.63209233
20,CGCGGTTCAGGAATCGTCACCCGGCGGCCT,0.738380715
21,TTCTGCTAACGATCTCTTTGATGATGGCTG,0.63209233
22,TCCCACCAGTTCACAAACGGGCCTCGGGCT,0.678605935
23,AAGCAGCTACCAGGCTAGAGTGCCAGGCAT,0.402842605
24,TCTATCGGCTGGAAATATGTTTAAAGGATT,0.6373940300000001
25,GGAGGATTATAAGACTGTGCGACGAGGCTT,0.638800075
26,ATAATTAACCTGCTGCGGCATGACTGGAGG,0.5549669150000001
27,GAGAGGCTGGTCATGCCGCTGGCACGGCCG,0.5920005
28,GTTTCTCAAGCCACCGGCAACAATAGGACT,0.558663555
29,ATGATTGGAAAACGAGCTAACGAAAGGCTA,0.554218725
30,TAAAATAAAGATGGCGTTTCGGCCAGGTAG,0.654078325
31,CCGTCCCATCGGTAGTGGACTGAATGGTGT,0.47266181500000004
32,AGCCCGCGCGGCAGCCGTAGGCCTTGGCCC,0.650228255
33,TGGACCTCACCATTTTGGCTAGTGTGGCTA,0.62956414
34,CCTGAGTTCAGTTCACGACCAGCCTGGTCA,0.597489705
35,TGACTCAGAAACAGATCGCCCATCAGGTCT,0.559899
36,GTGACGATTCCTGAACCGCGGGGAAGGAAG,0.596431355
37,CTATTTAAACTCTAGGCTTCGAACAGGAAA,0.630524025
38,AGACCTAACAAAAGCGGCAATGTCAGGTAA,0.5489170250000001
39,CTCTCTAAATTACACTCGAACACATGGGCT,0.416650375
40,GCTATCTTCAGGCCGTAACCTTTTCGGTTC,0.6604471000000001
41,CAACAGATGCGAAGTTCGGGTGCCCGGCCT,0.596431355
42,ATAAAGTAGAAGATCGATGCTAACTGGCAG,0.6861658500000001
43,GTTGCAGTTCACTCTTCGTTGGACAGGAGA,0.54009143
44,TCCCACCAGTTCACAAACGGGCCTCGGGCT,0.678605935
45,GTGTTTACATTACACATCCAGCGTGGGAAG,0.698413505
46,GGGGAGATGCGCGTGCGGAGTAGCGGGAAG,0.55735651
47,TAGACTTCCGCAATAATCCTACTAAGGAAG,0.73614519
48,GATCCTGTATTAATTCCGGGTGTCTGGGAA,0.44191745
49,AGTTTGCCCTTATAGTTGGTAAGCTGGAAA,0.5035590750000001
50,TCCCGCCTCGGTCTCCCAACGTGCTGGGAT,0.574409245
51,GGAGGCGGAGGTTGTAATGAGCCGAGGTCA,0.76364779
52,TCTGTTGATACCTGGTTGAGGCTATGGACA,0.50726444
53,TTGTCCTCAGTAAACGAGGGCCTCTGGCCA,0.66526763
54,CGGTGCAGAGACCCCTGAATCGATGGGGCT,0.615256015
55,GTGTTCGGCTGTAGTGCCGTTGTCCGGCTT,0.65000311
56,TAAGTACTTATTTAATGCGTGTGCTGGCTC,0.6172168450000001
57,CCAGGAGACCTCAGATGGTAAGCCTGGCAT,0.484449605
58,GAATGAATAAGAACTCCCATTAGCAGGTGG,0.50170532
59,ATGCTGCGGCCGTGGCTGCATTTGGGGAAG,0.76271036
60,GAAGAATACTATCCTAGTTCCGACCGGAAT,0.6163466400000001
61,ACATGCATTAGACACCTGTCATAATGGAAA,0.63103398
62,AGAACATGCTAAGTGACCTAAGAGTGGTAT,0.747653405
63,ACCCGACCCGTGCACGACGCTGCCCGGGAG,0.687734795
64,CTGAGCCCTCCAATAATGGGAGTCTGGGCT,0.606412605
65,ATACTAATGTGGAGGCGCGAACAAAGGTCA,0.744443695
66,AAAAGCTACAGATAAGTGGACTACTGGGCC,0.580071705
67,TGAGGGCCTCTCGTGCATAGATACTGGAAA,0.6539610100000001
68,AAGGCACCATGGATGATATTAGTCAGGAAG,0.62164834
69,TGCTGACGCAAACCTTTACTTGGGAGGTGG,0.65827916
70,AATTCTATAAGTGATGAAAGGTACAGGCAT,0.569342265
71,TTAATCGTCACACTTGAGAGGCGAAGGTAA,0.47047955
72,TGATTTCTGGATCCGGATTACCGCTGGCTG,0.74469239
73,CCGGTGCAGAGACCCCTGAATCGATGGGGC,0.53561921
74,CAGTTAGCACAGCGCAGACCTATCTGGGTG,0.664180495
75,AACCACGAAAACCCTCACTCGCGGCGGGCC,0.65959493
76,TTATGTGGCAGTAGAACAACTAGACGGTGA,0.554218725
77,GGACTACAAATCCCGATACTGTGATGGATG,0.6229641100000001
78,GCCCTCCCGGGCAGCGTCGTGCACGGGTCG,0.8205114
79,AACTCTCGCTCCAGTTCCCGGATCTGGAAT,0.61696879
80,ATTCTGCCACGTCTGTGGACGCAAAGGTCG,0.51326424
81,TCATCTGAAGAAGGGTCGATGGCCTGGGGT,0.426396905
82,GGCGACGGCTTCGGGCGGCAAATCCGGCGG,0.574446
83,TTTAGACTGAGAGCGGAAAGATCTGGGTGT,0.6395310900000001
84,AGGAACAGAGGGTTTGACATCAACAGGCTT,0.619935565
85,CAACTGCGGGCCCATATCAATCGTAGGGAA,0.71054963
86,AACTTTGTCATTACTAAGTATTCGGGGTTG,0.59339692
87,GCCAAAATCTGGCTGGCGGCCCATTGGGAC,0.636781245
88,AGGTGTACCCATTGCTCAACTGTATGGAGG,0.57752433
89,CTGCCAGATTCAGCTCGTAAGGACAGGCAC,0.543539375
90,AAAATCACCTGGATTACAGACCCGTGGCAC,0.7964334150000001
91,TTGTGGGGCGTATGGACTAGGCACTGGGCT,0.64073042
92,GTATAGCTATCTCGCACACTCATGAGGCAG,0.658026625
93,TTCTACCAATCGCCTTAGGAGGGCTGGTTA,0.47027222
94,TGGCAGAACCGACGGAGGGCGTAGTGGGGA,0.706446385
95,CGCTGGTAATCCCAACACTTAGTGAGGCTG,0.65297746
96,TCCTGCATGATGCGCGGCCCAAGGAGGGAG,0.798363145
97,GTTTTTGGAACTTTGATTAGGGTTAGGGTT,0.525863955
98,GTTACAGAGAGCACAACGCCGTGCTGGACC,0.636083145
99,ATTTATATCAATCGCGGGCTCTGAGGGCGC,0.62260386
100,TTACGATGCTTGTGCCCGTGCACCTGGGAG,0.602431155
101,TAGTTTGGTCCTTGCTCGCCCTATTGGATG,0.66469045
102,CCCACCCTCCAATTAGCCTTGTTGTGGAAG,0.6926292500000001
103,GCCCAAGGAGGACGCATCACAAATTGGTTT,0.59195041
104,TGGAGGAGATTCGTAAGAAACTCGGGGGCG,0.70064903
105,AAATTTAGGCTTGGCAAGGCGCAGCGGCTC,0.80955245
106,CTACAGAGGTTGTTCTAAACGGGATGGTTA,0.6189887700000001
107,CTTGACAAGATAGTACGGAGATGCTGGTAG,0.54942698
108,CCGCCCTCCCCGCCAAGACACGCCAGGAAA,0.72052042
109,AAAAAAATATATAGCCAGGTGCGGTGGCTC,0.616702525
110,AGACTAGCTCAAAGACTCGGTAGTGGGAAT,0.65843323
111,AGCAGCAGTCGCGCATTGCAGAGCTGGAGA,0.65807298
112,AATGGGTACACCTGAAAGACTGTTGGGGGC,0.46386208
113,AAAAGAAGGGCCAGGTCTCGACACTGGAGA,0.82963962
114,ACTGGTCCACCATATTAGACCAGTTGGTTA,0.42195207500000004
115,CTTGGGCTCACTTGGAACGGCCTTGGGAGC,0.6229641100000001
116,TGGGGTTACAGGATGCACAGGCGGAGGAAG,0.634327855
117,CACGGTGGGCATGGTGCGGCACCAGGGAAA,0.711902155
118,CTTCTTCAACCATCTCGACTCGCAGGGCAA,0.555327165
119,TCAGATCCGAGAGAAACCTTCGCAAGGGAT,0.705644935
120,GTGTGGTCTGTCTGGATAAAAGCGTGGCAT,0.7594199150000001
121,TGAGGTCCCCAGGGCCCCTAGACCAGGAAA,0.659500945
122,CAGAAGGTCAGCCTGCCGTCAGTTTGGGCC,0.512804375
123,GAAAGGTTGCCTCGGAGCGCCAACTGGTGT,0.728698005
124,GCAGATCTCACGCAGTAGCCGCGTCGGGTC,0.533229615
125,TTCCTTAAATATCTAGCATGACACAGGACA,0.650949265
126,GGTCCGGACAACTGTCCCCCGGCAGGGAGG,0.555327165
127,GAGTTTCCGTAGTAGGGCGGGACGTGGTTG,0.78948746
128,ATTTGCGATGCAACAGCTTGGCGGAGGATT,0.800180145
129,TGTGTTTCCTGGCGTGTCTTGGCGGGGAGG,0.7760081750000001
130,TTGTGCACATTGTCAAATTAACTGTGGCTT,0.768078645
131,CGAGCAGCCTCGTGACTGGGCGTGGGGGAG,0.6157563699999999
132,CTGTCTTTATGACAAAGAGGAGCGAGGCCT,0.6718343950000001
133,AGACGGTGACAATAAATACGATGCTGGGGA,0.68423612
134,CGTGGCTTGCGCTAACATCGGGGGCGGGGC,0.736974055
135,TACAGGTCAGTACAGGCCGGGTTCGGGCTG,0.76449996
136,AACTAGAATGCCTAGGTTCCTTAGAGGTAT,0.842342685
137,GTGCTCTGTTCAGACTCTAATAGGAGGTTA,0.702831295
138,AAGGGAATAGCGCTGCAAATTGGCAGGACA,0.55361439
139,GTAAGACGCTCAAGCCACGTCAACGGGAGG,0.61696879
140,TGGTTTTCCCGGGCGGGCACGTGACGGGGT,0.7160482
141,TCTTTTCCTCATCACCGAAAGCGGCGGCGG,0.72362615
142,AATGTGGAGGCGCGAACAAAGGTCAGGGTG,0.628482765
143,TAGATCTGACAGCCGAACATACCTGGGGAA,0.65933866
144,CATCTACCTGCATGCTAGAAGCCGAGGCAG,0.662125505
145,GGCGTTGTGCTCTCTGTAACTGCGGGGAGC,0.646238835
146,CGGGAAAAGCGAGCGGCGAGAGCGAGGAGG,0.66005597
147,TTCGGGAATCAGGGCGCGGACGCTGGGCGT,0.657820445
148,CAGCGACTACGAGAGCTGCTGATTCGGCAG,0.484449605
149,TCTTGCTAGTATCGAACTCCTGGAAGGAAT,0.6861658500000001
150,AAGAAATTGGGCTTTATGGCTTGCTGGCTT,0.6876226000000001
151,TGCTCACTCGCTACCCCCTTATTCAGGGCC,0.656016245
152,ATTGTCTAGGGAGTGCTAACCCCTCGGTGA,0.67221361
153,AGATGCTGATGACTACTTATCGATTGGAGT,0.5491695600000001
154,GCTAGGGAGAAGCTAGACCACCACAGGCAC,0.69278332
155,AATGGGAGGCTTGCTTTGGCTCGCTGGAAG,0.692675605
156,TGTGATTGACGCCACGTTGACCGGAGGCCC,0.8247881850000001
157,TCCTCCCGGGTTAATTTGTAGCACTGGACT,0.645712595
158,ATCTTTCCGCTCTCAGTCTAAAGCAGGTGT,0.71982232
159,GGCTGGAGTGCAGTGGATTGATTGCGGCTC,0.90398431
160,TGGGGATAGTAATCCGGACATGACTGGAAT,0.7003432350000001
161,GTGACGATCCAAATTTGAACGCCGGGGACA,0.605973085
162,GGAGGGGGCTCCGTCACCGCATCCTGGGCT,0.712960505
163,ACAAACTGGTTTGGGGCTCGCTCTTGGTCC,0.8249422550000001
164,AGGAGAGGGAGGCGCTCGGCGGACTGGACA,0.64426521
165,GTAAATCACTCCGCACGCTATTAATGGTCC,0.632461945
166,GTGAGATTTCATGAAGATGGCGCCAGGACG,0.671988465
167,GAAAGGTTGCCTCGGAGCGCCAACTGGTGT,0.728698005
168,CTTGACAAGTGCCCCCAAATTAGGTGGTTT,0.683721825
169,TGAGGCTGTCGGTGTCAAACAACCAGGTAC,0.64734354
170,ACAGGTGATATTAACGCTTCCGCCTGGCAT,0.629825925
171,GGCACTGAGGCGGGGTACATCTTCAGGCAC,0.644228455
172,GCTGGAGTCTACCTGGAAGGCTCTAGGGGA,0.6371414950000001
173,CGTTGATGGCGCTATCACGGCACCGGGCTC,0.72895054
174,GGTTCTCTCAGCAGCAGACGTGTCCGGTAG,0.6025388700000001
175,AAGGAGGAAGAAGCACAACGGCCCAGGCAG,0.61348409
176,ACTTAATTCGTGCTGCAAGTCCAGAGGTAT,0.75366654
177,CTATATACATAGGATAAGTAGTACAGGCAG,0.627535945
178,CCCAGATATATAAGGGCTATCAGATGGGTT,0.6045588500000001
179,TGTACCACGATGGAAAAATTATCGTGGATT,0.85207524
180,ATGGTGGGATGGCAGTGACCGCCGTGGTGT,0.73541394
181,CTGCAGCGACACCAGGTCCGCGCGCGGCGG,0.71966825
182,TGCACATTGAAGCTCTATGCCAGTGGGGAC,0.65313153
183,TATATTGACACAAATTCCCAGTACAGGGGG,0.575752405
184,TCTTTTCCTCATCACCGAAAGCGGCGGCGG,0.72362615
185,GAGGGACAAAGACCGTGTGAAGACAGGGCA,0.555327165
186,GGCTATTGGGTATGTTACTGCCGATGGGAA,0.7729300800000001
187,GGCACGTGTGTCGCAGCCCGAACCCGGCCT,0.799716545
188,ATGGGGGGTGTCTGGGTCTGCCGATGGGGC,0.79215663
189,ACACACAACCGACAGCTGAGACGAAGGGCT,0.5079625400000001
190,CCTGTGCCCCTAACTGTGTAGCGGAGGTCG,0.683393315
191,GCTGCTCAGTGGTACTTAACGTTGAGGTTA,0.6478071400000001
192,GGATTCCGAGCTTCGCTTGAGAACAGGGCA,0.6405230900000001
193,ATCTTGATGTTTTGGTCCGTCTGAGGGTCA,0.70191154
194,GGGAGGGAATGGGAGGACGCTTGCGGGATA,0.6371414950000001
195,GCCGGCCAGGTTCGTCGTGTCAAGAGGGGC,0.7325432000000001
196,GGGCACGTGACGCGCACGGCCAATGGGGGC,0.6156579050000001
197,TAAACTCGAACTTCGCCGGTTAATGGGCTT,0.54609123
198,GGGGGCGCACACAGGGCGGGAAAGTGGCGG,0.662968075
199,CAACAGCAAGGAGTGAATTTCCCCTGGAAT,0.64651841
200,TGGGACCGCACGGGAGCCGAGGCAGGGGAT,0.6783578800000001
201,ATTCAGTCCACTACCGATGGGACGGGGGGC,0.76183079
202,CAAGATATCTGGTGGAACATCTCGAGGTGA,0.6673621750000001
203,AGAAAGTTGGAAAGCTCGGCGTGTTGGATA,0.668765665
204,CTCACAATTCCATATTACGATGCTGGGCTG,0.62477676
205,TTTATCAATTGCAGCCCGTGGACGGGGAGC,0.68027388
206,CATGTCCCCATAACTACGCTTGCGGGGATT,0.62043592
207,GAAGGCACGGCTGGAACGTCCGGCTGGCTA,0.728838985
208,TGCTGAAGTCTCCCCTGATCTGATAGGACA,0.743127925
209,ACAGCTAGTGGCATAGCCAACTTGAGGTGC,0.82237731
210,GGCCGCCATCCTCGAAGAAGACGAGGGTCT,0.625353705
211,CTGTGTGGAGCACCCGGGCCGGCTAGGGGA,0.63103462
212,GAAGAGTTGGATACTCAGCGTCGCTGGCAG,0.65458828
213,CTCCCCACCTTCTTAAACTGCGGGTGGCAA,0.719298635
214,CACTGGCCTACTACAGGGACGCTGAGGCCT,0.671605525
215,GACACCAGAAGATGATATGCCGATAGGACG,0.616599175
216,ATTATCTGCAATGGACCGGGTTAATGGGAG,0.63703378
217,CAAAGGTGAGATGATATCAACCTCTGGTTC,0.640360805
218,CGGCGGTAGCGAGCGACACTCCGCAGGATT,0.777478015
219,GCAGCTGCGGCACTGGCCTACTACAGGGAC,0.8205114
220,CGGCGGGGGCTACGGCGGACGCTACGGCGG,0.61143822
221,ATGCTAGGGCGCCTGATTTAAGAATGGGTG,0.733999705
222,CCTCATAGATTTTCTCCCGCCGATTGGCCA,0.63077656
223,ACTCTTCGAACTCCCGCTCGATGGTGGTGG,0.782625645
224,GCCAAACCCTACCGAACTCAGATCTGGATT,0.65000311
225,GGACACCATTCAGTCCACTACCGATGGGAC,0.659749
226,AAATACATGGTAAGTCAGAAGACCAGGAAA,0.52420127
227,CTTTGTGGAATAACAGACTACTGAAGGTAA,0.656250965
228,TAAAAGTTTCGGACTCCTCCACAATGGCTT,0.73026631
229,AAGAATATCCCTCTGGGCTAAAGATGGCTC,0.658878795
230,TCCCAGTTTGGTTTCGTAGGCGCGGGGCCG,0.77938529
231,ACAGGGCGGGAAAGTGGCGGTAGGCGGGAG,0.81304176
232,CCAGGGTAGGGATCCATGAAGCAGAGGCGG,0.689858125
233,GATTTGTGCATATTTATTGCATCGGGGCAA,0.75390126
234,GAGAAGCCATTGGTGTTGACGCTGAGGGCT,0.55457461
235,TCCCTGGTACCAAGCGCTTAGAGCAGGTGG,0.6025388700000001
236,ACCACGAAAACCCTCACTCGCGGCGGGCCG,0.630524025
237,TTACAGACTTTGATGAAGTCCGGCAGGAGA,0.648575145
238,ATAAGATCTTCGTCAACATCCCCCTGGAAA,0.796587485
239,TGGACTTGAGCTGTAGTTTGACTATGGGAT,0.750322575
240,TCTGGAGCCTGCCTTCGTCCTCGATGGGTG,0.679926185
241,CCATTCAGTCCACTACCGATGGGACGGGGG,0.57646598
242,CAAACTGTGGCAGCAACGTCAGTCGGGCAA,0.62503482
243,TGATGCTGCGGCCGTGGCTGCATTTGGGGA,0.7582521050000001
244,CCCATTAGCAGGTGGGTTTAGCGCTGGGAG,0.755123045
245,ACGGCCGGGTGAAATGGGTGTCGCTGGGTG,0.683547385
246,GGGCGTGGACCCCGTCATTGTTCCCGGCTA,0.679926185
247,GAGAGTGGCGGGGTCGGCGCAGTTGGGCTC,0.7160895650000001
248,CTGGGAGTGGTCGCGCGGAAACTCTGGCTC,0.58752828
249,TATTGCAGCTTGTGCGCGGTAATTAGGTTG,0.6354654750000001
250,AGGAGACAGACACCCCGTCCTCGCTGGCCA,0.702281155
251,GGCAGATTTCGCACAAAACACGGAGGGCTA,0.6861658500000001
252,CAAGGATAACCAAGGCAGGGGCGCTGGAGA,0.575392155
253,GGGAGGGCGGTGTAACCTGTGCTCTGGCTG,0.75912231
254,ATCCTTTTAACGGACCCAATGGAGAGGCAG,0.59972523
255,CAGATGTGCTGATTGTAGTAGCACTGGAAG,0.60867901
256,CTCTCCTTCCATTGATGGCCGACTAGGCCC,0.51243476
257,GGGTGCTGCGCATTCAATACGGCGGGGTGC,0.689600705
258,GCAGAACCGACGGAGGGCGTAGTGGGGACA,0.8178422300000001
259,AGAAATGGGATCTGCCCGGCGCAGTGGCTC,0.748532975
260,TGCTGGACGGGCACGTGACGCGCACGGCCA,0.78085961
261,TGAGTGATGGACACAACACCGCGGAGGAGG,0.842342685
262,CACACTTCTACCAATCGCCTTAGGAGGGCT,0.784438295
263,GGGGGGGTGGGGACCCGCTAGACCTGGCAG,0.69123283
264,GACACTCCACAAATTCGCACGCCCAGGCAC,0.5557870300000001
265,GTATAGCTATCCCGCACACTCATGAGGCAG,0.67220401
266,CGCTGGTAATCCCAACACTTAGTGAGGCTG,0.65297746
267,GCAGTGAGCTGAGATCCGGGCCACTGGCCT,0.63703378
268,GTGGTTCACATCCCGCGGCTCACGGGGGAG,0.582469515
269,GGGGTCAAACGGATCCACCACGATGGGCTC,0.597489705
270,TGCTTCTCTACAATATTTCGGATCTGGCGC,0.672241
271,CAGAGACTTCAACAGGTATCTAGCAGGTGA,0.64400331
272,ATAAATCGGGAATAAACGTAGGGCAGGCAG,0.6441442900000001
273,GGTGGCACTGGGGGACGTCCCGGATGGCAC,0.78085961
274,GGAGCAGCAGCAGCTCCGCCACTCGGGCGC,0.632602925
275,GACCCTCCGGATTCGGCGCGCGTGCGGCCC,0.756341585
276,GTGGCGAGTAGACTCGAAGGTTGATGGGCA,0.796587485
277,CCACGGCCTGTGTCCCGGTAGTCGCGGCCC,0.7720872750000001
278,TCAAATACGAGAGAAACCTTCACAAGGAAT,0.747807475
279,CTGAGCCAGTGTTTAAACAGACGATGGTAT,0.58282155
280,CGCAGCCGCAGACAAAAGACCTCGGGGCCG,0.58760893
281,ATTTTCTCGGGGGGTCCGACGCCGAGGAGC,0.760997585
282,AGGGGCGGTGGCCCCATCCCAATCTGGAAC,0.757554005
283,GCGCAGACCGTCCCTGCCGGCCAAGGGGAA,0.79285473
284,GGCAGGCGCTCGCTCGGCTCAGAGAGGCAG,0.7480230200000001
285,TAAGATATCTGGAGGAACATCTCGAGGTGA,0.6673621750000001
286,AGAAGTACTTGGCCCTCCGGAAGAAGGAGA,0.743127925
287,ATTGGCTAACCAACTGGTCTAATATGGTGG,0.630524025
288,AAGGCCACAGCCACTGTTGTTAATGGGAGG,0.71571995
289,GCTTCGGGCGGCAAATCCGGCGGCGGGAGC,0.6405230900000001
290,GAGGGCGTCAGATCTCATTACGGGTGGTTG,0.61081492
291,CCCATGACAGCTTGCGAACAATCCTGGGTG,0.76449996
292,GCGCCACGCGCAGACCGTCCCTGCCGGCCA,0.71765787
293,CATCTCGTCCGTGGCGCAGAGTTCCGGGTC,0.67967365
294,CCAACTCTTCGAACTCCCGCTCGATGGTGG,0.673926385
295,TGTGAGGGATGTGGAACACTATGTTGGTAA,0.684605735
296,TCAAACCGAATACACCCGAGACAGTGGAGG,0.568751995
297,GAGCTAGCGTTACACAGTAGAAGCAGGTGC,0.624037935
298,GCTGCCCAACGCACCGAATAGTTACGGTCG,0.65131888
299,CTTGAACTTGCCTTCCTCCTGAGTAGGAGG,0.6487006750000001
300,ACGGGGTTGGCAGCGTTCGGGCCCCGGCTG,0.75382061
301,GGGAGGCGGAGGAATATGTCCGAGAGGGAA,0.69025513
302,AGTAGTAGCAACAGGTACCGTCACAGGAAC,0.693733955
303,CAAAGGTAAGGTGTGACATATCATCGGTTC,0.7028583350000001
304,AGGTGTACCCATTGCTCAACTGTATGGAGG,0.57752433
305,GGGGAGGTTCAGACTTCGGGAATCAGGGCG,0.54009143
306,CCAGTCACTTGCTGCGCTACCGTCAGGTGG,0.694555245
307,ACCTCGGGGCCGGCCTCGCAAAGATGGCGC,0.658442595
308,GCCGGACGCCTGGAACGCAACTCCAGGCAG,0.598319185
309,AGGAGTTGCACAGGTACGGCCTACTGGAAT,0.6700681
310,TCTGCAATGGACCGGGTTAATGGGAGGCTT,0.740310445
311,GTTTACGTAGCATCGCACCAATAGTGGGCT,0.697326615
312,GTACCTGAAAGCCTAGTCAGCCCGAGGCCC,0.61102225
313,ACGAGCCTATTTAGGGATGACAAGTGGACA,0.629671855
314,GCACTGCAGAGATCTAGGCCCTAGAGGAAT,0.6915709000000001
315,AAAAAGTACAGTATTGGACACTGCGGGAGA,0.66512665
316,TCCTGGTGACTAGGATGTCGTCGGAGGAGG,0.763399095
317,GCGAGGTCCTGCCGATCCCGGAGAGGGAGG,0.673308715
318,GCAGCAGGAACCACGCGCTGTTGAAGGGCT,0.679926185
319,ACATGAAGTGCATCCCATCAGTTCTGGGCT,0.80128485
320,ATAGCAATACGAGCCATCCTCTGCTGGCTG,0.679304035
321,TAGGATCAAACGGATCTACCACGATGGGTT,0.58992979
322,GCGGGTACTGCGCCGCGTCCATGTAGGAGT,0.843817005
323,CCTGCTCAGCGCGGCCCACGCGGGGGGGAG,0.751521055
324,TTACTGAAAGAGGAGCCCGTCGTCTGGCTT,0.63522139
325,ATCTCTTTATCCTAAGAGTTGCCCTGGCCC,0.580071705
326,CCGAGAGGGAAGTGTCGACTGCGCCGGCGG,0.73556801
327,GGCCGCAGGCATGTCTGTTCCCGCCGGCGC,0.77773055
328,TGATTTCTGGATCCGGATTACCACTGGCTG,0.74469239
329,ATAAGGTCCTCGTCAACGTCCCCCTGGAAA,0.6700681
330,GAAGAAAATGAGCAACGTGCCACGAGGATC,0.760528355
331,GCTGAGACCGAGCAGCCTCGTGACTGGGCG,0.7110404
332,TCATGATGATGGGCAGCGCCCGAGTGGCGG,0.7051306150000001
333,GAAAGCTGACGCGCTGGTAGATCCTGGTGG,0.68769343
334,AAAGGACGTCGATCGAGGCGGTGTGGGCAG,0.69772477
335,AGACCGATGGTTGTGTCCCGAACGAGGGCA,0.760528355
336,TCAGACACGACATGTGCTCAGCGGAGGGAG,0.88043001
337,GTTTAATCCGGGGTCCTCGCACAGAGGTCT,0.82948555
338,CACACAACCGACAGCTGAGACGAAGGGCTC,0.696863015
339,GCCTCACAACGATGTTCTTCAGCGGGGAAA,0.61081492
340,ATTGCCAGTATCATAGCACTACTAAGGAAC,0.7824101
341,GAAAGGGCGGCGATCAAGGCGGTGCGGACA,0.7421641999999999
342,AGAAGACGATTAATGCAAGAACCTAGGTTA,0.6232166450000001
343,TGCCCTCGTTCGGGACACAACCATCGGTCT,0.6539610100000001
344,GACCTCGCTCGACCTAGGCTCCCGTGGACT,0.76738991
345,AATCATTGCAGGTCAGATCAATAGTGGATT,0.8106108000000001
346,TCGCCGAGATCAGTCATCCCGAAGAGGAAG,0.73347602
347,CTCGACCCCACTGTGGCGGCGAGATGGCAC,0.593302935
348,TGCCCCAGTTTGTGGATTCTGCCCTGGTGT,0.7824101
349,CAGTGCTATATACAAAACACCGCCTGGAAT,0.562026695
350,AGCCTCCTCCACGAAAGCCCGTCGAGGAAA,0.7068066350000001
351,CAGATGCCGGAGTTAATTCGCTCAGGGCTC,0.76380186
352,TGCTGCGGGTTGCCCTGTTTGCGGCGGGAC,0.819410535
353,GAATGGGAGGACGCTTGCGGGATAGGGAGG,0.66287806
354,TCCTGGAGACGTCCTTCCTTGTCGTGGCAG,0.77757648
355,CACATCACAACCAATTGTTGCTCCAGGACA,0.67955657
356,AAAGACTTACCAGAGACGCCGGGAAGGGGG,0.559646465
357,TGCGAGCACGGCCCATAGGATCGATGGCCT,0.5709613
358,ATTCCTTGCGGGTTTCCGTAGCACAGGTAT,0.674765465
359,CCCAATCCAGATCTGAGTTCGGTAGGGTTT,0.659380025
360,AGGATATTAGAGGGTACTGCAGCTAGGTCC,0.654078325
361,CCTTGAAGGGGATCATCTCGTCCGTGGCGC,0.87094999
362,TTGTGCCTGTATATTATCCGAGGATGGTTT,0.601471155
363,TTACATGAGATGCGGTACTCTGCACGGCAA,0.625146375
364,ATGGTTAAGTAGTAGAAGCCTGGGGGGTCA,0.670776045
365,TCTGTGAGTTGCACGCCGTAGCGGCGGCCC,0.790695515
366,CTCTGCACCACTGGACGTTTGCAGGGGAGG,0.791753865
367,TGCAAGCAGCCCTTCAACAGCGCGTGGTTC,0.646238835
368,GAGTTGCGGGAAGCTAGGCATTGGTGGTAC,0.79094421
369,TTAGAAATCGCAGCTAACGTGTGTAGGCGT,0.7028583350000001
370,GGATTCTTGGACCTCGCTCGACCTAGGCTC,0.801032315
371,ACACGCACGGCTTCCGCATCTACCTGGAGC,0.8138939300000001
372,CATGCTAGAAGCCGAGGCAGACCCTGGGGT,0.673516045
373,GAAAATGATAGCCATCCCTAAGTGTGGAAA,0.694811515
374,AAATTTTGGCAATAAGATGACCGAGGGGCA,0.7824101
375,AGGGCCTACAAGACAGCGCAAATGTGGCTT,0.629311605
376,TGAAGGTGGTTGAGCGTACTCGCACGGCCA,0.76198486
377,AGTGGGCAGGTTATCTGGGCACATGGGGTC,0.61242574
378,AATGGCTCGTTGTGGGCACTGTCGGGGTTG,0.894607395
379,GGGAGGTGGTGGAGACTGCTCACGGGGCAG,0.7277381199999999
380,CTGGGAGTAGTCCGCATCTATCACAGGAAA,0.660695795
381,GCGGGAACAAGCTCTACATCCCGTAGGAAG,0.726768275
382,AGGGCCTGTCGAAAGCTCTTCCACGGGACT,0.763553165
383,TACCTGCTACAGTCTCCCGTACCCAGGTGT,0.604107175
384,ACATACAAGCACTTAAGTTTACACTGGTTC,0.7349458600000001
385,GGGCGGCTGGCGCGCTGTGTACTTAGGTCG,0.74001284
386,CAAGAAGATGCGCATGGCTCGATGTGGACA,0.76557752
387,GGCCCCTAGACCAGGAAAATCCATGGGAAC,0.6675162450000001
388,TTCGGGTTGTGCTCACAGTCGCTGAGGTGA,0.714876505
389,ACCATCAGATGAAGGATCAATCTCTGGAGC,0.63098389
390,GACTTCGACAACTTAAACGGCTTCAGGCAA,0.59460934
391,CTCTGTAGCCCAGACTCCCATTATTGGAGG,0.722088725
392,ATGTTCCGCATGATCCGAGGTACTGGGCGC,0.61696879
393,TAATTCGTGCACGGATGTGAATCTTGGTGG,0.68810377
394,ATTTCTGCCGATAAACAACCAATGGGGAAA,0.68183346
395,GCTCTAGGCAATCTGCCCTCGTTCGGGACA,0.6657488
396,ACTCACAGGCTTCATTGACTGAACAGGTTG,0.714773155
397,ATTGGGGCTCAAGTAAGGGACTCGAGGTCC,0.73903514
398,CGAAGATAGAGCAACGGGTCATACTGGATA,0.69242307
399,TACAGCTCAGTACAGGACGTGTCCGGGCTG,0.750322575
400,TTCAGGGGCACATTAATTCGTGCACGGATG,0.607470955
401,AGCATCACTAATCAGAACGGATCCAGGGAT,0.768232715
402,AAAGCCACATTTGCGCTGTCTTGTAGGCCC,0.622856395
403,ACTCTTGAAAACCGGAATCGAAAATGGAGA,0.5741841000000001
404,GTGGACGCAAAGGTCGTGGATCCAAGGTTT,0.613728175
405,ATTTGCTCTTCAAACCTCCTGTAGAGGTAA,0.8190409200000001
406,TCTTTATCCCGGCGTGCAGCCACGAGGTCC,0.804362945
407,GGAAGTTATGGTACTGATGTAACCAGGTGC,0.70972015
408,ATCTGACACTTGAAAATCTTTGACAGGAAC,0.54582933
409,CCCTGCCTGGAGGTAAGCTCTGCGGGGATT,0.751400135
410,CTGAGGATCGCCCTCGTCCTTGAAGGGGAT,0.682433095
411,TACATGCGACTTCGACAACTTAAACGGCTT,0.6027914050000001
412,GGGGTGGGTGCGCGAAGCGAGCTCTGGCCG,0.806334015
413,GATGCATCACACTGTAGATCTCCTGGGAGA,0.726768275
414,AACTGTACTTCAGGAGATTAAACGAGGAAA,0.817472615
415,CCGCCCCTCTTGACACGACGAACCTGGCCG,0.555327165
416,TCCTTCAGGCATTCCACTCTTGTAAGGAAA,0.76198486
417,CCGTCGTCTGGCTTCCGACCACTCTGGAGA,0.815462235
418,TGTTACCGGTGAAGAAGCCGAAAATGGAGC,0.705644935
419,TTGAGCGTTGGGTGGTACTTGCAGAGGTGG,0.7671458250000001
420,GGATATGTAGGGCTTGGCGAGTCTAGGTCA,0.6748731800000001
421,TCGTGGTAGAAGGTGTAACTCCGGTGGGAG,0.77157668
422,AACAGTTTAGCCAAGTATCATGCATGGTTC,0.60686662
423,AGTGGCGCGGTAGTCGTGACCCGGCGGTCC,0.70933721
