,30mer,TUSCAN score
0,CCTTACAGGGCGCTCCATATTCGCAGGTGC,0.5951215878136559
1,ACCTTCTCAATTAAATCTGACGTCTGGGGT,1.3241873456572426
2,TCGGCATGATTGCCAACTCCGTGGTGGTCT,2.401026698697962
3,ATAGTTTCTTTGGTCCCACGCCTGCGGCAC,1.36679005505115
4,CTTACCCACTACTATGATGATGCCCGGACC,1.1302277744506175
5,ATGTGCGCACCTGCATCCCCAAAGTGGAGC,2.649704744320042
6,TTCCTGTAGGAGCACTGTCGACCCTGGCAT,0.44097625240700405
7,TGGCCAAGCCGTGGAGTGCTGCCAAGGGGA,4.3867511743076415
8,GCTTGCGATGCCGGTACATCCAAAAGGCCA,2.6011947539682803
9,CAGTAGTGGTTGACGAACTCGGTGGGGCGC,2.421661415780243
10,GCAATTGCTGTGGACCGCTACCTCCGGGTC,0.15506600409771862
11,TCATGGGCTCCTCGGTGTACATCACGGTGG,0.9703615532593611
12,TGGAGACACAGGACGCGCTGTACGTGGCGC,3.800673141333649
13,CTTGGAAATGTTCACCGGTGCCGGCGGTTG,1.7202295880499505
14,TCGAAACTGACGCTCAGGAGATCGCGGAAA,2.895202278840026
15,CCGTGTTCACGAGCCGCGCGCTCAAGGCGC,1.8376445154627008
16,AGTTGTACTCCAGCGCGCGGCTCACGGCCC,1.7998782123503134
17,GCCCGCCGAGTACTGGCCGCGCGGCGGCCC,2.823908238480518
18,CCTCCGAGCCCGGTAACCTGTCGTCGGCCG,0.878337526560707
19,TGGCACCCAATGGAAGCCATGCGCCGGACC,1.8748924806930638
20,TCTGGAGTCTCGGAGTCCAGGCGATGGCCA,1.8587048333871041
21,CAAGAAAGGTGACCGAAGAGCTGACGGAGA,1.6928664864825236
22,CAGCAGAAACCGACCGCGTATGTGAGGCCA,3.8976498755284688
23,CCTGTCCGTCCATGGGCCGCACATAGGCAG,1.195741326217362
24,GTCTACACAGCTATGGAATACCGCTGGCCC,0.4558905192371472
25,TCACAAGCCCGAAGTGAAGACCGCTGGTAA,1.3897650869945082
26,CCATGAGCGACGTGGCTATTGTGAAGGAGG,2.0450982852447592
27,ATGGTCGCCAACAGCCTCAAGCAGCGGGCC,1.9435464581508493
28,TGACCTCTCCAGTGGACGGATTGACGGTGG,1.4919013871906341
29,CCGGGCGTAGACACGGAAGAGCGAGGGCAC,2.223949046637361
30,CTCTGTAGTTCTTTCGCTGTAGCAGGGCTG,2.902359286006605
31,ATCATCTGCATCATCACGCCGCACGGGTTG,1.6336279390565511
32,TGGGGAACAACCAGACGGCGGTCCAGGACA,1.2162763607003022
33,CCACGTAGAAGGCGGCTCGGAGAACGGAGA,2.4101913568022195
34,GGGGAGATGCTCCACATCCGCTACCGGCTG,0.6436977741960038
35,AGCCTACGAGGAAGGCCAGCGTCACGGCGG,1.763553805164936
36,ATGGCTGCACAAACCGTTCGTACCAGGACA,1.1108906076174991
37,CAGCAGTCGCTGAACTCGAGCGCTGGGAGC,0.807559141421945
38,GGAGCCGGACCTGAAGAACTCGAACGGGAA,1.7376110043426656
39,GTGGCGTCCAGCCGGTGAGCATCCAGGCCT,2.312499776452862
40,TGGCATCCGCCACATCTTCGTGTATGGGCC,0.5169836188205669
41,GTTCGCCAGCAACTGCTCGATGCACGGGCT,0.5489981391062205
42,TCTCTCTCCTCGATCGTCTCCTTGTGGCTT,3.1199446399590434
43,TGGCCCCGAACGGCCGGCGCCACACGGTGA,2.464296441000506
44,AACTCCCATCTATCAGACTAGCAGCGGACA,1.7324678107242684
45,TGGTGCTGGCGACCGGGGGCAACCTGGCTG,2.8112437953556264
46,GCATCTTCGGTGAAACTTGCTCCGAGGTCC,3.111707975076583
47,CAGGGGGTAGATGCCGCTCAGGCCTGGAGT,1.3051941705338013
48,GAAAGTTCTTCGGCTACTTCTCCGCGGCCG,3.4321339819647
49,CCTGGCGGTTGAAGCGCAGGTAGAGGGAGT,2.1312782689058603
50,AGAAGTCGTCGCCGGCCTGGCGGAGGGTCA,2.0582179237717213
51,GAGCTCGACATCTACAACAACCTACGGCAG,1.2308159115306714
52,ACTGGATACAGCTGTCAGCCGGCGAGGCCA,2.253411381427097
53,GGCAGGTCGGTTCGAGCCGAGACGAGGAGC,2.4949434679150855
54,CTGAGAGTTTGTAAGGAGCGCTCCCGGTGC,0.8241123216762862
55,AGCTGTGAACGTTCCCATACAGGGGGGTTG,2.269512271159842
56,CCATGGTGGACCCGGTGGGCTTCGCGGAGG,3.2314827767009535
57,TCCTGCCCCGGCGGCAACTGAACGTGGCAG,3.010545497338173
58,CTGATGACACAAGCGGTGACGTTGTGGCCC,1.9372828497019643
59,ATCTGTTGGCGACAGAAAAGTCAATGGCCA,1.4375093142306572
60,TTTAATTGGCCGACCTTCCTTGATGGGTTG,1.5873374782314227
61,TTTGTTGATGGACCTATACACCACAGGGCT,0.3367464572262749
62,CCACCGCCACGACAGTCGCCCCCGCGGGGA,3.700454682937273
63,GGACATGATCCGCCCTTGCCTTAAAGGTTG,1.4217200644638726
64,GCATCAAGCAGTGCATCCGATCCATGGCCT,0.9199575047288304
65,AAAAGTCTGGATAATCTAATGAGCTGGAGA,1.1542885464253034
66,GCCAAGCGGACCATCAATGCCATCTGGTTC,1.6290309338366882
67,TGGCCCGCTTCGGAGACGAGATGCCGGCCC,1.2598319878063606
68,CGGCCGCCCAGCTCGTCCCCGAAGCGGACC,3.148776714325344
69,TCTGTGCTTTCGTCTGCTTGTAGGCGGCCG,2.962242673468528
70,TGGTTTCTTCGCTTAGGGGTCCCTAGGCCT,0.679282900466167
71,CCTGGTTTGAGCGCATCAGCATGTTGGTCA,0.3259637040664007
72,GCATGTACCAGCCGTGCGACGACATGGACT,2.2523648988491547
73,CTGGATAATATCGAGCTAGGCCAGTGGCAC,1.5835442781548426
74,GAGCAGGAGGTCGACGGCGTGATGCGGATT,3.2235311307113106
75,AAAATCCATTGCTGCTAAGTACTCCGGTTC,0.22401813875256396
76,GCCTTCTCGAGCTGCGCTAATGCCTGGCGC,4.535140219067654
77,CATGTATGACGACTCCTACGTGCCCGGGTT,0.4663769061825514
78,GTCCTCCTCCTCCTACGCCAAGAACGGGAC,1.4320440097809142
79,GGATTTGTACCAAGCGCATCCCCATGGACG,2.31770775145223
80,TGAAGGCAGCGAAAGCACCAACGGTGGTTA,2.2236564977971933
81,GCACTGAGGACGATGTTGTTCTTGCGGCTG,1.1979842744628777
82,TCGGTGCTGACCGCGATACCCAGGAGGCCC,3.3336873551312376
83,CAGGTCGGGAGAAAGGTCGCTGTGTGGCCT,4.355775231306639
84,TCCTCTTGGACTTGTAGACGCGGGAGGCCG,1.6240076035754212
85,TTGATATAGCGGCTGAGCATGTGCCGGTTA,0.8849896520787556
86,GCAGACATCATCGAGTATTTCCGCTGGAAC,0.174965595216274
87,CCTCAGCGATGCCGGACTCCCCAGCGGAGG,3.986220744772373
88,GCTTCTCTGGTCGGGCACGACGCGCGGCAT,1.7202937140129846
89,CTAGAAGAGCAATGCGTCGACCCCCGGCTG,1.5158871241690544
90,TAGTCCCTTGGAAGAGCTTTCGACAGGCTC,0.8149131866364391
91,GTTGGTGAGCTCCTCCAGGCGGAACGGCGA,1.1464347244514317
92,CCAGCACGCTGAGCAGGAATATCAAGGAGT,1.081327773365936
93,CCGGGTCCGGTTCCCTGCACGCTCCGGTTC,0.9679401062676118
94,TGGCATCGGGGTACGCGCGGCGGATGGTTT,1.754906042922094
95,GCCCTGCGGACCGGGTCCACCTCGTGGCAC,3.2501105653748734
96,CGGGGTACGTAGCGCTCCTCCAGGCGGAGC,2.7592628645993957
97,GGCCTTGTAGCAAAGCTCCGGCAGTGGCTC,1.0833527527472575
98,CTCCAGCTATATACTGTATCCTCTGGGTAA,1.8089488219293246
99,GTTCTGGTCCTGTTCAAATACAAGCGGCTC,1.8397567475197312
100,AGTAGGCAATCGGTACAAATAGCCTGGAGA,1.397211828832438
101,TGGCCAATTACACGCTGGCACCAGAGGATG,2.1080093740016737
102,GGTGTACCGCTGCATGATCAGCTATGGTGG,0.26910568426521814
103,CTGAGACGACCGAGCGGTCAGCGAAGGGTT,1.8644804074315675
104,GTGCAGCCGCGGAGCCCTGTACACAGGCTT,1.5140447678094555
105,GGAGGACGCGCCACCAGGTGACGTTGGCGT,1.4615974719878815
106,GGTGGCTATGAGGTGCCGGACAGGTGGCGC,1.6784854099040922
107,TTCTTCTGGATGTTGTACTGTCGCAGGACG,0.9804431376996017
108,ACACCGGGCCTGACCCCGTGCTTGTGGGCA,1.3391582109950069
109,TTGACGCCGAGAGCTACACGTTCACGGTGC,0.2773476046895194
110,GCGCTGACCAGCAGTACGAATGCGTGGCGG,5.5920833214981105
111,CGCGCGTGCGGCCCGCCGCGAGTGAGGGTT,1.6831892775804151
112,ACGAAGTTCTGCGGCGCCAGGTTGAGGCCG,1.6753985685834143
113,CCATGGAGTCGGCCGACTTCTACGAGGCGG,3.257135258654347
114,CCGGCCCGGCTGTACCTACGCGGTGGGCGC,1.1412994258067242
115,CCCAAGGAACGACAGGGCCCCACTTGGTCT,2.1313886447322714
116,CGATATGCGCCCTTGGCCCCGTAGTGGCAG,1.661935979760569
117,ACTGGCTGGAGTTTGGCATCGTGCTGGTAG,0.8142206634089603
118,AGGAGCAGCTGCTCAAGTACTCGCCGGACC,1.2495277818254058
119,GCTGCTATCAATAAATCTTGCTGACGGCCC,1.0719825527061255
120,CCCATGAGCAGGTACGTGGTATAGAGGTTC,2.1782096366193744
121,CTACCTCCACGGTGGTATTAGTTGGGGTAC,1.8919934390173117
122,CAGACGGTACCACCGATGACCCTCTGGGAG,2.0368133481255235
123,GGGATGATGACGTGACCAGGCGCACGGACT,2.9094430725614466
124,GAGTGGACAGATGCCTACCTACGATGGGAC,2.013993721173426
125,TGGGCTCCGAACATGAGACCCGTCTGGTGG,1.7095673276830954
126,GGGGCTACAACCGCTGGGCGCGCCCGGTGC,1.4895717311854801
127,GGGTCAGACACGTTGGCTACAGGCCGGATG,3.411653178673091
128,CGGGTCGGGACCACTTGTTGTAACCGGAGA,0.30817019196785667
129,TGGAAAACGTTTCCGACCCTGTCACGGTAC,0.6722527626344184
130,AGATAGGCATCGTGCCAGATTTGGCGGATC,2.8597970987992105
131,TATGATAGCTCCGTGCGGCCAGCGCGGGAG,2.865194418437228
132,CCTACGACCGCACAGAGATCGACTTGGTGC,1.3666590256483497
133,TCATCAGGATTCCAGCGTAACTTGTGGTCT,2.482819303443571
134,GAATGGACTGATTACCGCCTGACCTGGAAC,1.0942025280363963
135,GCTACAACAAGGAGCTCCGGCCCGTGGCAC,2.69252037401986
136,AGGATTACCGACTCAACTACAGCAAGGACG,1.9167316803143322
137,TCTCGTTCCGCGGGCCGCAGGTTGGGGTCG,1.62927969701965
138,GAGCAGTCGCTCACTGGTCTCACTAGGAGA,0.7485737591238683
139,GAAGCCTTCTCCGTCTGGCGGGATTGGAGA,1.0247190805331066
140,CTCTGTGATGATATTAGTGACCAGCGGAGA,3.1455258433396365
141,GCCCTTTGAACACTGCACCAGCTACGGACT,1.0920716389268923
142,GGTCTGCTCGTACTGCAGCGCCCGTGGCTC,1.7831633460218366
143,ATAGCGGTTGCTGGAATGTCCATCAGGTCT,0.7939899061529817
144,TGGCAGCAGGTTCCGGGATACCCGAGGTCA,3.5434196601268884
145,TGGAAGCGAATTCTTCCCGGGCGTAGGCAT,0.6280728139930651
146,AGGGCGTACCTTTCACCCTCACCACGGTGG,1.4630096625621374
147,GGCTGGAATCGATGGAGAAAGCATCGGCAA,1.5011522107252753
148,AAGAAGAGCGAGGTCCCCGAGTGATGGTAG,1.4647744411418575
149,CTTTGAATACGGTTGCTCTTGTTACGGATA,0.789704474488342
150,ACCCTGTGGGGTATAGCCGGCACATGGTGG,1.8349182772465629
151,ATCTCGAGTCGCTACGTTCGCACCTGGAGT,0.30751661078579856
152,AGGTGGAACCAGAACCGAATCCTGAGGAGG,2.3391870320749306
153,ATACCATCGACACGCTCAACATGCAGGTGG,1.5181981116895158
154,CGGCTATCTTTGCGGTGGAACACGTGGAAG,2.497344761257413
155,ATCCTGTCCTCCCACCAACTCCGCCGGAAG,1.7978487319896734
156,GCCCAGGCGCTCGTACTGCACATGGGGTGC,1.4519633335854272
157,CTTGGCCGTGCGTCAGGAGGGCGGTGGCCG,2.76941737137463
158,GGGCAGCTGTACTAGAGTTACGGTGGGAGC,1.1108515403615395
159,TGGACGCCGTCTTGGAACCCTTCCCGGCCG,0.9174566624373398
160,TGTGCTGTCATTCGCCGAGAAACCGGGCGA,0.09728008092422578
161,GCTAGTGCGGTACTGCTGCAGAGCCGGCGC,1.5516251745564424
162,GAGCAACGGTGACCTTGCGATGTGTGGGCA,3.9255949512377604
163,TACTCGGGCCACGTAGGTGCTGCTGGGCAT,1.1152294087477717
164,GGGGTCCATGGTCCGCAGCATGGGGGGCTC,3.5219902059160386
165,TGGAAGACTGGCGGGGACAGTTATAGGAGG,1.0879429068651016
166,TGGGCAGTTGATGCCGTGGCAAACTGGTAC,1.1792024696877494
167,CTTTAATCTCGACAAGCTCATATGTGGTTA,3.634543502176791
168,AGTCATCAATAGTGTCATGGCATGTGGCAG,2.237740117616394
169,TGAGAAACCCGCAGCCCCGATTCTGGGACC,1.3093530083841503
170,TCCTGGGGCGTAATACAATCTCGGAGGTCT,3.7954801826336984
171,GGGTTATTCGAGTGACCGAGACCGCGGCCG,2.0917679987798823
172,GGCAGCTCTGGCCGATGGAGCTGAAGGCGT,2.244376721614211
173,AGGTGGAAAGCGGTGACACGCCAAAGGACC,2.4725820057612427
174,AGCACTGAACGTGCGAGACAATGTTGGGGA,1.6318277577587752
175,AGCCAACAGCGAAAAGACCAATAACGGAAT,1.4208964952616119
176,ATGGATGCCCAAATGCGTTAAGTTCGGATG,0.4807053951150518
177,TGTCTCTGATGTGCTCAGCCCGAGCGGAAT,2.633311967281898
178,TTTCTTACTGCTCATGGATTACATCGGTAT,0.09447373025820842
179,ATTCTCGCAGCGTTTCGTCAGAGCCGGACC,0.6665538182011183
180,AGCGATGCGACCCTCCGGGACGGCCGGGGC,1.3392755755905754
181,AGGTTCAACCGGTGGCTTTTTGGAAGGTGT,1.564468553592404
182,GGGTTAGCGACGGCAGCAAGGTGTCGGTGT,2.3110325656535076
183,TACACCACCCTATAGTGTATATTGTGGATT,2.685941569387622
184,CTTTCAACCTCTACTATGCCGAGTCGGACC,0.8296695522455823
185,CAGCTGCTCTGTTCTCGACAGCTTCGGGGA,1.8735146961521347
186,CAGAATAACTGGCTACGAACTGATTGGATC,1.3379265273542449
187,ATTTATTGGATTCACGCACTGTCATGGGGG,0.1625542852084412
188,CGGGACCTCGCGCAGGGGGCGCCCCGGGAC,1.2573747865554448
189,ACTATACCCCGATACGAACATACCAGGTGT,1.8778264258178365
190,GCGCACGAGCTGGGTCCCCCGAGACGGCGC,1.8231600236533456
191,GGGCCCCCCGCCGGTTGATGAAGGTGGTGA,2.213191052126533
192,ACGGACCAAGTTTATCCGGCGCCGTGGCGC,1.9586785657422756
193,ATTGCACCCGATGAGAGCTTCTCGCGGCTG,2.1856204362467455
194,CCGTCTTCTACTATGAGAGCGATGCGGACA,3.3331667487734147
195,AGCCAATCTCAGATGTCTCTCCGGTGGTGT,2.0440472593456422
196,TCAGGATACCTTTGCCATCTGTGTCGGCTA,1.0840251211066598
197,GTGACAGGGGTGGTATTGTTCAGCGGGTCT,0.24908323430133258
198,TCTGGTATTGGTTCTCAGCATCGCCGGTCA,1.3304123668966814
199,GGGTCTGGGTGAGCCTTCTCGTGGCGGCGG,1.8820516135244745
200,CCAGGCTCAACGTGGACGGGCTCCTGGTCT,1.878029933994002
201,TCTTAGCCAGGTGTGGCGTTCCGTAGGCAC,0.1626157719444716
202,CGTTCCCTTGGATCTGATGCAGTAGGGCCA,0.3918285232059615
203,GAACCGTTGCGCCAGCCCTGTTACTGGTCC,0.6007201145792622
204,TCAACTCATACACCGAAACCTGACCGGGCC,1.6053025839501534
205,CGCTTCGCGCAAGCTCCCATTTCCGGGCGA,1.7035675190230304
206,GGAGATAATCGCCCCAGTTACCATCGGCAA,0.9069827654075259
207,CCTCGGTCCATGCCCCGGCCACCACGGAAG,2.9791366243747395
208,GTGAAATCGAAGCAGGACTCCATGCGGCAC,3.034034557079182
209,GGCCACCACCGGACCCTGAGGCGCAGGACA,1.9875828608601651
210,GAAGTGCGCCTGGGAGCTGCTGTTCGGTGA,0.9571494341970734
211,CAGGTGGTAAAGACTATCGGCCTCCGGGAA,1.044434474188809
212,AACCTTACCCATTAAGACCTTTCGTGGAGC,2.643909988233867
213,GACCCCCAGCGTCTACGACGAGAGCGGGAG,1.8325932710449504
214,GGTGGCCGCCTGCTTCAGTCTGTGCGGCCC,3.8358804099210633
215,AGGCGGAGTTCGGGACCCACGAGTCGGACA,1.6777998842963717
216,TCCCATCACGGGGGCCGTAGTAGAAGGCCA,1.8331078716569271
217,TAGGGGATTCCCAGCACGCTGATGTGGGGA,1.8266545199960027
218,CTCGAGCAAGCGACCCCAGTCGAAGGGCTC,1.3147244954911377
219,CCCACTGCAAGGCCCGGCGCACGGTGGCGG,5.957632520767333
220,AAAAGAATGACCGGCTCGTTCGACAGGCCA,1.4610053641185186
221,ATGAACTCCGTCCGAGCCGCCAACCGGAGA,2.656253587414321
222,TCCTGTCAGACTGGAGCACGTACCCGGAAC,1.6939985965744568
223,GCTGCTGGCTGACCGCGCGAACGCCGGCTG,2.091423613919404
224,CCCAGCGCAAAGGCGGCCACATAGAGGCCG,3.7067482609410667
225,CAGACGACCTTGGGCAGGTACCAGCGGAAG,2.268786350664003
226,CGGGCGACGCGCCCTTGCGCAGCCTGGAGC,1.8316589299490482
227,GGGGTTCTTCTGGTTCGGCCATCACGGCTC,0.831297515715018
228,GCTGAAGAACGGCAGGGAGTTCCGCGGCGA,3.3461766450989114
229,GGTAGGAAGCTGGCAATCTCTAGGCGGCCC,3.4343179253046934
230,CTCTCTGGGTCGTCTGAAACAAATCGGCCA,1.869696207059485
231,CCGGCGAGGTCGAGCGCCTAGTGTCGGAGC,0.8964530637505842
232,TCTCTGCCACTTCTGCGAGCTCCACGGCCC,2.0823050535384935
233,CCAGTCCCTCTTTGACTCAGCGTACGGAGC,0.5090125868879832
234,GATGTTAGGTGACGTAACCCGGCAGGGAAT,1.0072331012202824
235,GGCCATGCCGGCGTTGGCGCGCGACGGCGG,1.9235593124745296
236,GGCGATTTGAACGCGATTGCAAAGAGGCGG,2.5326228431873146
237,TCTCCGCGCTCTCGCGGATCGCCATGGCGA,1.6505764830850362
238,GCGCGGCTGCCAACCCCGACGCCGCGGCGG,2.3759816686695
239,AGTCGGGATCTAGGTCTATGATCGCGGCAG,1.7963643126893107
240,CGAAGACCGCCGCACTCTAGTAAGTGGTTG,4.060115037721249
241,TCCAAGGTCCGACGATCACCTTCATGGCCA,3.7583516604805403
242,CTGAGACCATTCGGAATGGTAGGATGGCAC,1.142705214948714
243,AGATTCGTGCGACGGCGTGGAGTGCGGCCC,1.8602656422547377
244,GGGATATGGCTCGACTGGCGGCTATGGCAG,0.5519123368236456
245,TCCAGTTGCACGAGTTCGCGCCGCTGGTGG,0.6046877796097658
246,ACCGCCGGCGGCCCGGGACTTCTTAGGCGC,1.083681674844159
247,CACAGATAGAGCGGCACGGCGGGATGGCCT,2.4344756054765213
248,GCCGCGACGCCGAGGTCCTCTGCATGGATT,1.0883338331478405
249,GGCGGGCGGCGCGGCACTGGAGATCGGCCG,1.462711971378953
250,ACCAGATGGAAGTCGGGGTCACACCGGAAA,1.5731828501538514
251,CTCAGGCGATTGTCATAACCATCTAGGAGT,0.7258995681626391
252,CATAAGCGTTGTTCTGTATCATAACGGAAG,0.3204134465780887
253,CGATGAATGACATCGGCGACTACGTGGGCT,3.738079735313645
254,TGCTGTTCAATCGGAGGACTTTAATGGTGC,0.10712322532247742
255,AGACATCTCGTGGACTTCTCTTCCGGGCCA,1.1479033558378295
256,AAGAACCTTGATGTGACCAAGATCCGGAAG,0.9530112780060948
257,GTTCTCCACGCCGATGCCGAACAGCGGCCC,3.1663803802377237
258,CACCATGAACGTCTCGGGCTGCCCAGGGGC,2.0876190368666543
259,CGCGGGCGTTACGCGGCGTGCGCAGGGCGC,1.561654237580085
260,CAGCCAGGTGGAAGGATGACCGTCTGGCTT,1.7468262757730912
261,CAGCCGGCATATGGTGAGCCCCCTGGGATC,2.062621029472498
262,GAGGTGGCGCCCGAGCAGCCGCGCTGGATG,1.3912645134688613
263,ACAGATTCGCGTGGATGGCATTGCGGGTGC,0.33854299105052416
264,TGTGAAACGGGATTGTACTATCACTGGCTG,0.19538588364648785
265,AGACAGGCTCTAAGGGGCAGACGGCGGGGG,3.0664223127153045
266,GACTATAGGGTCAACATCTTCCTGCGGCAG,1.7366528043240725
267,GGGCACTCTGGCAGCACTCGCGTCCGGGTT,1.7940269623699938
268,CGTGGTTAGTAAGGATCATTCCCTCGGTCG,0.3624602332185659
269,GGCTATCTACGACCTGAGATCTGCTGGCTC,2.033517712889947
270,ATGAGAAAGCGTGCCAAATGATGTTGGATA,1.4336749960115251
271,CCTGGTAAAATTCCGTAACCCTTCCGGAAC,0.6293316949226019
272,GGTGCACGATGTAGGTGACGAAGGAGGCCA,2.273494526297696
273,AGGGTAACGGTGCCGTTAGGCAGAAGGCCG,2.148388213275724
274,TGCGTGGCGTCTACTCCAGATCGCAGGACC,0.3621237251842596
275,CGGCCGTGCTCTCCTTCAGCACCGTGGCGA,2.351339021266616
276,ATTACTGTACCGTTAACCATTGACAGGTAT,1.5118059603198144
277,GAGTCCTTGGATGGCCTTATTCGGAGGTCC,2.4516259333596575
278,CACTACATCGAGCGTGCACTGCCGCGGACC,2.3001697827521075
279,CTGGTGACCATCCTGCGGAACCAACGGCTG,1.3924165730993165
280,TCTTTAGCCCCTCAATTCTGCCGCCGGCGC,1.4133889305064593
281,TGTTTTCTGCACCTATCCGAGCTACGGCGT,0.6600509194286562
282,AGATGACCAGGTCGTACCACCAGACGGCAG,2.632100606021807
283,AGACCCTCATTCCACTCGAAGTCGGGGCGC,1.9189402278276866
284,TGCCCGGGATTCCCAGTGCACTTCAGGGCC,0.8023769091467893
285,CAGCAGCACCACGGCGCGCTCCGACGGCAC,2.5277013333116582
286,TGGTCCTCACGGATTCCAGCCGAGGGGCGT,1.9879527387745521
287,AGGACAATGCGTTGGAGCGCAGGGAGGCCT,2.4365253296563427
288,CAAGATCTACCGAATACAAGAACCCGGATT,1.4330364326667862
289,TCACATAAGCTGATGCGGACGGTGGGGACA,2.512180263878143
290,TGCCAGCGAGCCGCACAACGCGTCCGGCGC,2.0769920706193816
291,CGGCCAACGTGTTCCTGATGCATCTGGCCG,0.6783203402004844
292,CTTTGGCGTACTTCGGCTGTACAATGGCCA,0.21613731355591057
293,CATTGCTTCGGTAACATTTCATAGAGGACA,1.5169683336060575
294,GCAACTGAGGACCGGAAGCGAGCTTGGAAC,1.4568328599009712
295,CTGGTGGTGACCGATCTACTGGTAGGGCTG,0.5377263569380624
296,GGTGTCGTTTCACAGCTCGCCGGAGGGCAA,1.955583756031869
297,GCAGGTTCCCGCACGTGAGGTTCAGGGTGA,1.0277584862309654
298,CAGGTTGAGCAGGTAGACAGCGTACGGCTT,0.8186067420599819
299,TGGGGCTGACAGTGCGCCTCGCAGTGGGCT,2.3430311861821496
300,CCATCGAGCGGTGCCAATCCATCCTGGCCA,2.2548058201869794
301,GGCGCGCTTCTCGCCCGCATGTCGCGGCTA,0.760056797264739
302,GGCAATGGCCTTTACCGCCAGCATCGGCAG,1.0519601586856162
303,CCCAGGAGACCGCGATGATCACCTTGGCCC,2.5184900067219487
304,AGGGCTGCCACGTGGACTCGCGCGTGGACC,2.8942194834475434
305,CTTCCGTACATGCTGACGAAGTAAAGGCAC,0.9823133052335702
306,TCGGAGTTCTCGATGGAGATGCGCAGGTCT,0.9788578947885129
307,TCTTGGCGATCACGGCCATCACAGCGGCAT,2.641522444115395
308,TGCACGATGAGGCGGTAGCGTGCCAGGCCA,2.1994330378701292
309,TCGAGTGTTGCAAACCTGACCGTCAGGAAC,1.296930275012707
310,TTCCTCACCTGCATTGCCGTTGATCGGTAT,0.8696479289354916
311,TATGGTCGATGGTACAGCTCATCGAGGAGT,3.1153594880212228
312,CGACACGCACAGGAGCACGTCCCACGGATT,1.8992642760679324
313,ACAGATTCACCAGGAGGACGCCTGAGGCTC,3.282909777012004
314,TGTTGAGCAGCGTGATCATTATGTCGGCAA,1.1587340565856161
315,TGGGTTTCATAATAGGAGTCAGCGTGGTGG,2.9588384069402283
316,GCATCCCGGTGTCACTCCTGTATTCGGGCC,0.8241984040147975
317,ACGGCCTCTACACCATCCGTGATAGGGAGA,1.4733782719165827
318,TTCAGGCCATTGCGGCAACCATCAGGGACT,0.7613001798962391
319,AGGTCGCACAGGGACACGTACTGAGGGAGG,2.2263728483512892
320,CGAAAGATCCAAGACTGCAGCCAGTGGAAT,1.9746794999340456
321,ACTGTATTCTTGATCGGCGCCCCTAGGAAA,0.8249475066823334
322,TTCATAACACCAGCCCCAATGCGTCGGAAG,1.633876343455304
323,CAGGTGCCATCTTCGAGGAGAACGCGGCCA,2.685458447766895
324,CCTCAGACCGCCCCGCAAGTACTCAGGATC,1.7353712359740272
325,CAGCACCAAAGGCGCCGAGACGCGGGGCAT,2.2673130233116825
326,TCACTGGTGTCCGTGGTCTCGTACTGGCTG,0.6153609147462711
327,GCAGGGCGAGCGTCAGCAGGCGCATGGTGC,2.710928926449908
328,GTGGTGATTGTGCTGAACAAAGACCGGGAA,1.5159938869804859
329,GCCACCTCGTCGGAAGTGCCCACGAGGATG,4.487536371791407
330,GCCAGCTCGACGCGCCCGTGTTTGTGGCCT,3.520196043997001
331,TCGTGTTCTCGGGGCCCGCGTACGCGGCCG,2.1212993731208734
332,CTCGGCTGTCGTCCGGAGCGCGGCTGGCCG,1.8585884864422184
333,CACCAGCTCCAAGCTCAGGTTGTGCGGCAG,2.8907101250639373
334,TGGCAGGAGCGTCGTCTCAGCGCTCGGTGG,0.8162276348904789
335,CACACATCCTCGACAGTTGCTCCAAGGACA,3.3261328738251636
336,ATGTGGGCGAATCAATGAAGACCGAGGGAT,2.7130845615537864
337,AGGTCAGCGACTGCTCGAGGGCATGGGTGT,1.0953604682347295
338,CCGCCCAGCGTCAGGCCGCCCGCCAGGCGC,2.7807954560396277
339,TTGTGAGGATCCAGTAGAACTTGGCGGTCA,5.016327879280393
340,ACAACGGGTCGTGCTGCCGCATCGAGGGGG,2.1561880821258725
341,GTCCCGGCTGTTAGACGAAGAGTTGGGCTT,0.1811941138121711
342,CAATACGTTGAAGACGATCCAAGGCGGGGA,2.7891561506590374
343,CGGCTGCCGGCGACCAGATCCTCCCGGAGG,1.434489251815852
344,GGGGGGAGTCCTCCAATTTGGTGCCGGACA,0.40890150917932877
345,CCGAACCCGAGCCCGTCACGCTCCTGGTGA,1.0492149763394159
346,ATAATTGAGAAGCGCCGACGAGACCGGATC,1.211337078222614
347,ATGGCTCGTACTAAACAGACAGCTCGGAAA,0.8441775586870821
348,TGGATGATGAGAGTAACAGCCCGACGGTCC,2.032741567303301
349,CATGGTCAGCGTGAACGCGCCCCTCGGGGC,1.9049312020696985
350,TCATCTAGAACACGATTGGCCACACGGCTA,1.7434764464157064
351,CTTAAGCCACCAATAAAGAGCTTACGGAAC,1.1500785159323115
352,TGCCAAGTTGTACTTACTACGTCTCGGGTC,0.2030447719081089
353,GAAGTAGCCATAGGGCAGCGCCGCGGGCCC,2.1592468536423617
354,GAGGGGCGCAGATTTCGGCGAGCGAGGGAG,2.220819004830165
355,CGGAGAGCCTTATGTACGTCTATGAGGACA,4.596723226482745
356,AGTCATGAACGACTTTGACGAGTGCGGCCA,2.232224352257738
357,GGCTCAGGACCTCGCCCGAAGCTACGGCAT,1.9795524264582058
358,GTGCTGTATGCCGTACGGAGTGAGCGGAAG,3.3570001669867136
359,GGCCATGGAGCGCGCGCCGCCCGACGGGCC,2.6124996003576495
360,GTGCTGAATACCCGCGCGACCGTCTGGATC,1.1673341402798352
361,CTTTGAGACCGGCGGCAACACTACTGGTAT,1.2055068033083418
362,GGAATACAGTAAACGCAGGACGGCTGGCCA,1.51698303152365
363,GTGATCGCTGCAATTATTGTGACCCGGAAG,0.15565459240083232
364,ATGGGATTCTGGATGGCGACGTAGCGGTCC,2.362059267738297
365,ATGTCAGTTACTATAGCTGCTACTGGGCTC,2.016728341409587
366,AGACAATGACGTCAATGGATACGGTGGTTG,2.3243518435604322
367,CATGGATGTGGATCAGACGCCTTCCGGTCT,1.4378129680522211
368,GCCATAGGTTCTCAGTTGCCATGCCGGACT,0.422844949864937
369,TGTTTAATAGAAAGCCCTTCCGTCCGGTCA,1.6935439336793199
370,CATCTCTGGACGTCCTGCTCACAACGGCAT,3.5944325445921326
371,AGCACGTCGCACGCGATCCAAAGCTGGCAC,1.7226381014382324
372,AGATGAGCGCGATCAGCAGCGAGTTGGCCG,2.2120046050404625
373,CGGCTGTGGGGAACAGATCAACTACGGCAG,1.077836209557444
374,ATAAGCATGACGACCTATGATGATAGGTTT,2.7899585384860317
375,AGCACTAGGGTCGTCGCGCCCAGGAGGACG,4.045517324999519
376,CGAGGCCTATGTCACCGTCCTAGAAGGATT,1.7924105246707864
377,TCATCTGGAGTATCGCTTACAGGGGGGCTT,2.198784862771891
378,ACCTCAGGAGCGCCACTTCATAGCAGGTAC,1.9891248177605232
379,TCCCCATCCCGAAACCAGGACACTGGGTCC,1.5435872766153864
380,ATGTCCGTGGAACACGCAGACATCTGGGTC,0.5402643158578999
381,GGAGTCGCAGGGAGGCGCCACCCGGGGCCA,2.635767123409556
382,GAAAACCCGATGATAGTGCTGTGTTGGATA,0.8760693631175486
383,ACCAGATTCGTACCTCACTCCCTAGGGCAG,2.1446986008727986
384,GGTCACCCGAATAGCCCGGGCCTCAGGCAG,1.7278433124743742
385,AGTAACGACCTATCTGATGTCCAATGGTAC,0.4107325292755574
386,GGGAGGCATTACAAGCGGGAGTTCAGGCTG,0.8803890193758143
387,GTTATATTCGTACCAACTATAGCACGGCCC,1.9289882204881632
388,AAGTTAATTGGCTCCTCAAGGTCCCGGTCC,1.1590906325480892
389,TTGTTTGTGAGTAATACCAATCCACGGTGT,0.844270780891943
390,TCTGCTACACCGATTACCTCCAGACGGTCA,2.8581961373916416
391,GCGGGCCGGAGGGCACCCCAGACACGGTCT,1.5286852733340348
392,TGACATTGGTTGTCCCAGGACGAGTGGCTA,2.470515559980011
393,GAACACGACAATTCTGACGCCCAATGGGAA,2.1910137719238225
394,TACATGAGCATCTCTACTTGCGAGTGGAAG,2.74215258894139
395,GTGAGTGGAGCCAACCTATTTATGTGGGTA,2.8373805179460625
396,AGTTCTCCTGCCAGTTAGCAGTCCCGGAGG,0.18652585145458606
397,TACCTCTTAAATAGGTGCGATGCACGGTAC,1.2340675521686606
398,TGAGGCCGCGGAAGTCCTCCCCGGTGGCTG,2.8428193737882004
399,GTGGCTGATCGACCAGATCGACAGCGGCAA,2.160975278111881
400,GTTGCGCCGCAGTGCGAGTTCCTGAGGATC,1.4580789437922075
401,TTGGAGACATTTGTTCTCTGTACGCGGAGG,2.8706584348832798
402,GCTGATTGGCGCAAGGTCGTACGAAGGAAA,1.1915696956985633
403,TTAGTGGCGGCATGATTTTGTGCACGGATG,0.5155833228183174
404,AGCGTTCATGCAGCCTCTTGTCCACGGAGG,0.9474855678278113
405,GCTGGACAGAGTCAGCGAGAGCTTCGGCTG,0.9201243211011564
406,CGCCTCGTTCCTCCCGTCCGAGAGCGGACC,0.924935625999003
407,TTACTGAAAGACGGACCGCAGTACAGGGTC,0.797342668909224
408,TGATGAGGATCTTCCCGTTGGAGAAGGAGC,1.5512691412071267
409,CCGTGGTGTTGTCGATGCGGTGGACGGTGC,4.320512696576322
410,GTCCCCGGGCACCACGGTCATGTCGGGCGG,1.6740562412518998
411,ACACGTTCACAACAGTCACTGTAGCGGACT,1.5776201245351271
412,GAACGGCGGTGCCATGACCGTCAGAGGAGG,3.391928357051958
413,TGAGATCGGAGAAATCCCTTACGCTGGCGG,0.2441115937430566
414,GCTGCGAGCGGCTGGTGCTCAACGTGGCCG,2.4736159400669258
415,TCCATGACGTACAGCGAGAGTCTGCGGAGC,3.9089741700949006
416,TGCTCCGGCTGCGAAGGTTCTGCTCGGTAC,1.0341993607376339
417,GATGCCGGCGGGCATGACGAAGCATGGCTC,1.6743665184184997
418,TGAAGTCTTCCTGTTTAAGCCCGGGGGAGC,2.632746905437579
419,ACGATGCGCTCGCTCTCGTCCCCTTGGCCC,1.433976338955313
420,GAAGAAGAACTCGCGGCCGCCACCGGGATG,2.1147417512806364
421,CACCCTAGCGGCCCGGGAGGAGTAGGGATC,2.7629847405877443
422,CTACGGCCTGGTTCCCGAGCTAGTCGGTGA,0.8484028608210628
423,TTGAGCACGCAGCGGAACACCTCGGGGTCC,2.860215802751487
424,CGGTGGTGCAGCTCGAGCAACAGGCGGCTC,2.8126539671858213
425,GGCGTCACCGCTGTGGTGTTAGACAGGATC,0.8189829589867463
426,GGGGGGCGTGCGGCAGGTGCTGTACGGGGA,1.3403554389730288
427,GCCATCAAGGGCGCGTTCTACCGCCGGGCG,1.275088219235929
428,GCCCGTGCGCCTTCCGCGCCATCGTGGCGC,2.3484507141898048
429,GCAGCTCCCGGGACAGCGAATACCGGGCGC,1.219591194870297
430,AGATCAAGATGATCCAATCCCACGTGGTCT,3.2184322706136177
431,CGAGCGTTGGCGATGATGAACTTACGGCCT,1.410043084217385
432,GGACACCATCGCTACGCGCTTCGACGGCAC,1.9720299131757981
433,CCATGCCGGTCATGAAGGGGTTGCTGGCCC,1.1464107225826876
434,CAGGCACATGGTTCCTCTTTGGCGTGGTGT,1.752191041944245
435,TGTCCCGCAAGGGCATCATCCCCGAGGAAT,2.6053540193731908
436,GCGCCAACGGCTTCGGCAACGGCAAGGTGC,2.1901672846338682
437,ATCCAACGCCAGCGCATGTCCATTAGGATT,0.7909668178710478
438,TCATCACAAAAGTGGCAGCGAACAGGGTGA,1.3933728084142858
439,CCAACGTGTCAAACACATTCCGACTGGAAG,2.1183217407963637
440,AAGAGGGCAAAGCTTGTGTGTCCGAGGTCA,3.0949459328498152
441,GGACATGCACGGACACAGCCGCAACGGCCA,1.8690850626223807
442,TTGCCACAGACCGTACGCGCCTGCTGGCCG,1.8386230897785616
443,TGCGCGAGACATACCGCTACCTGACGGACC,2.4103567975194955
444,ACGAAGCGGCCGGTGTCCTCGTTGAGGTGC,2.5021499595684342
445,CTATGTACCGACCGCGAGCCCGGGCGGCTC,3.045822516388613
446,TGGAGGCCAGCAACTACGGCGTGTCGGTGC,1.2825533720383386
447,GCCGGGTCTCTCCCGCGAGGCGCTGGGAAG,1.7265408914059093
448,TGAAGCGGCAGAACGTGCGCACGCTGGCGC,2.310673177649688
449,GGGCCCATCCGTGTGTGAGCGACCAGGAGC,1.4224377057042135
450,GGGTCTAAGGCCCTGGTCCCGATACGGGCT,0.7384659417800713
451,TGGGTCAACGTGTCAGCTGCCGGCAGGTGG,2.122983181621845
452,TATAAGATGAAGAGGTCCGGCCACTGGTCC,0.8734935361640325
453,GCTTCCGTGTACTCGTAAGCCACCCGGAGC,1.5334049521947704
454,GCGGGACGCGCTCAAGTTGCTGAGCGGCCG,4.061821290426536
455,TTGGGCGAGCTGAGACAGGGGATGCGGTGG,1.7949957291108858
456,CCTTGAGACGCCGAAAGCGCTTGCTGGAGC,2.2246311505914127
457,CACCATGGTGCAGAAGTCGCGCAACGGCGG,2.1629408502472605
458,GCCCCACTTTCCGCTCCTCGTCGCCGGCCG,0.9594366417273658
459,GCAGGCGGCGGTAGCGCTTGTGCGCGGCCG,3.8828725034424854
460,GCAGTAGCAGGCCGTCGCCCCTGGCGGCTG,3.098782497324659
461,AGGACGGGGAGATCCGCATCAATGTGGGCG,2.5313853942597717
462,AGCTGTGCGTATTCTCATTCTGCCAGGAGA,0.8825432879204675
463,TCTACGTCAACGAGAACACCTTCAAGGAGC,2.168839905179601
464,TCGGGGACTGCTTCACGGTCAACGTGGGCG,2.104528325154164
465,TAGTCGTCGCACAGGCTTAGCTGGCGGCTG,1.1264221043241782
466,GGTGGGTAACCAAGGTACTTCGCAGGGATT,0.3033662538822187
467,GACACAAACACGATCCTGCCCACCCGGCGC,2.90885272072395
468,CTTACGTGTCAGTGACGAGTAAAGAGGTGG,2.2796730965214973
469,GGTTGCTACCGCCGCAAGCCGCACCGGCTC,2.91400474324874
470,TAAAACTAGTCCTCGAAAACCTCGTGGGAG,3.2289996909663854
471,TGTAAACGATCCATCTCAGCTCCCAGGTGT,1.3668500617649146
472,GTTACAGAGAGCACAACGCCGCACCGGACC,1.8431947291153865
473,AGTCTCGAGGTACACTCTCAGAGTCGGATT,1.0376336385171325
474,ATCTTGCCGCACCGGGCGCAGTTGGGGTTC,1.4098175587592416
475,GCGGGACCCACTGGTTACCTACGAAGGCTC,1.5132353221102168
476,TTTCCGCAAGTGACTGGATTGTACTGGTTG,0.2587968775778384
477,AGCTGGATGATTCGTCTTACTGTGTGGTTC,4.025221632094895
478,CACACACTGTCATTGCGAGCCCGACGGCAG,2.7999828829264937
479,GGTGAGATTCTGGAACGCGTAGTCGGGGAT,0.381860988826941
480,TGAGCCCTGCAACTGCGTGCCCGACGGCGC,2.614212892840553
481,AAATCGGCTGGGCCTACTACTGCACGGGAG,2.0574938678977848
482,GCTAACAGTCAGTCTCCGAGTATTGGGTCC,0.4133579257081257
483,TGGCGTGTGGTTAACTGTGATCGGAGGAAG,3.4848605693626697
484,CCTGAGCCGGGCCGGGCTCCCGTTCGGGCT,1.4511834960781569
485,GTTATTCTATAGATCTGCGATGCCCGGGCA,0.679099569848612
486,TTGAGTGTTCCGATTGGAGCCACAGGGATG,1.466094217788044
487,CGCCGAGCCTCCGTGCGCGCGCCGCGGGGT,2.686715235758407
488,TGCTGCTGCTCACGCCGCTCTTTGTGGCCT,3.452647348685981
489,ACGGGGCGTACGCGGGGACCAGCGTGGTGG,4.37778808990578
490,GGTCTCCGCTTCAACCGGCTGCTAGGGAAG,0.30843113736591776
491,GCTGATGATGCGGTCGGTCTCCACCGGTTC,0.45274206338736245
492,TGTCGCTGTTGGGGGACCCGCTACAGGCCC,1.609886695205193
493,GCTGTGGGGCCACGAATCCCTACATGGTAT,0.7628175078968388
494,AAATGAGCGATAACGATGACATCGAGGTGG,3.1134457535674693
495,GAAATAATTCCGACTGTCCTCGTGTGGTTT,2.117108511248749
496,CGCTACCACAGCATCATGACCGTGAGGAAG,3.223403890183477
497,CCCTGCGCTACCACCACATCATGACGGCGA,2.624275896945056
498,TCCCGGAGCGCAAGCCCCGCAGTTGGGAAG,1.6371027471340662
499,TTCGGGATCTTGAGCTACGAACACCGGCCC,0.425479120284001
500,TCCCGCTGCGCTCCATCGACGACGTGGTGC,2.5945636980534608
501,AGTATCAGCTTCCCAACTTCACCGCGGAAA,2.5327335347534596
502,ACAGTTGCACCCTGCGGTGAGCGTGGGCCA,1.7227338103189862
503,TATCTCAAACGGAAGATTCGTTCCCGGCCG,0.9368148649132398
504,GCCCCAGCTCTAACCTCACCTGGACGGTGC,2.0617292321061367
505,CTCAAGATGTAATCGAAACGCTCGCGGAGA,3.1902519170799337
506,ACTGCGATGGGCACGCGTGCAGCGTGGTCG,2.52795685184348
507,GGTCTGGAAACTGGCACACGTATCGGGTTC,0.26771204399036064
508,TGGAATAGTTTAGGGCTGACTCCACGGTCC,0.6868062554564461
509,TGGACAGCACGTGGGGGCCGCCAACGGCGC,2.0633381550516168
510,CTCGACATCTCCGGGGTGCCCTGACGGAAG,2.1247410320639335
511,CGCCAACGACTCCCAGCACGACCCCGGGTA,2.0064062458493304
512,TTCTGTCGCCCTCGTAGGTCACCATGGCCT,1.3071029018929212
513,GGGTACGGATAAATGGCCACCACCAGGTCT,3.199822276451018
514,CGCCCGCCTCGCAGCAGTTGGCGAAGGAGC,1.6300791421247056
515,CTGAGATCGTCAGGTTATATCGAGAGGCTG,2.343268761997997
516,CTACGTCTCTGAATAGATGGTATGAGGAGA,4.21833851050446
517,CAGGGCTGTAGCGAGTCAAACTCGAGGTCT,2.180162610469383
518,GGAACTATGACCTCGACTACGACTCGGTGC,0.8807064786696676
519,CGCACGTTCAAGAACAGAGACAGGCGGCGC,2.707827134967036
520,AGCCCTGAGTAGTAACGCTCCTTGAGGTTG,2.6360640221052356
521,GCCCGCGGCGAACGCCAGCGCGTTGGGCTC,1.5911738617074898
522,GGATCTTGGTCTGGCGAACCTCCGAGGCGG,2.355452521328653
523,GGTCGCTCAATCTCCAGGTCGCGCCGGCTG,2.426349144502349
524,TCGTCGAAGCGGCTGACCACGGCCTGGACC,2.0641153939459667
525,AAGCAACCCAAGACGTTCACCGTGAGGATC,2.5409192720372245
526,CTGATGGCCCCTACCTGGTGATCGTGGAAC,1.9805281660073224
527,CGTGCAAGCCGTGCACCGAGTGCGTGGGGC,3.1381629592177687
528,GGTGACCACCGGCGCGAATGAGAGCGGTTC,2.1995777283356386
529,GGTAGTAGTTGGTAGGCGTGCGCATGGCCT,0.863520967203147
530,GTGGCGCAACTACCCTTTCTTGTTCGGGCC,0.8465555067923806
531,GCAGCGGCGCCAGAGTCGACGCGTTGGAGC,1.5644352322807198
532,ACGGCCGTCATCCTTGTAATCCTAAGGGCG,0.2407560501322511
533,TGAATAGCTTCTTCGGAACCCCAGCGGCCA,2.892487887777087
534,ACATCAGCTGATAATCAACCCTCGAGGGTG,2.5614278367799574
535,CTTCCTACAGCATTGAGACTGTCGTGGGGG,1.7603074269217396
536,CACCGAAGGCGCCCGAGGCGACGCTGGGTC,1.7536596743936124
537,CGACCCCGTAGCCGCTGCCTATGTAGGCAG,1.0217621971336277
538,CATTCCACCCAGCCTGAGTGATGACGGCTC,1.6314054189382023
539,AGCTGAGCACGTTGTAGTGGAAGCCGGAGG,1.9690011663398308
540,GGGGAACGAGCTATGCAGCGTGTGTGGGGA,3.573506243930071
541,GATTTTCAATAAGAAACTTCCGTCTGGGCA,1.594104330071997
542,AGGAGGGCCATGAAACGCAACGCCCGGCTG,1.8107432374595493
543,TGGCTGAGCTCCGGAGCATTAATGAGGCCT,2.064505612097293
544,GCAGTTCATTCTGACAAATCACGACGGCTC,1.301123635021611
545,TTACTGGGGAAGACGGACGTCCAGCGGCCC,2.174469763866793
546,CCCCTCGCTCCAGTGCCGCGTGTGCGGAGA,2.4848927469150794
547,GCGAGATCCGCAGGACGACGTGGCCGGGGG,1.7398089607785565
548,GCCGAGTCGTCCTCGGCCGCGCGCGGGTAG,1.1242117796360291
549,TTTAAGTCTGTTTCCCCCGAGGAAAGGCTG,1.0303637402192882
550,GACACATGATAGGGCTTTTAACAACGGCGC,0.8562605279082922
551,CTCAGAGCTACAGTTACCACTCTTCGGGAG,1.1759870315189818
552,TGGACTATTCGTACGACGAGGACCTGGACG,0.6339133899751922
553,GGAGCGGGACGAACCGCCGCCTAGCGGAGG,2.5677155794275732
554,TCCCGTAACTCTTGGCCAGTTCGTGGGCTT,0.459710588926545
555,TTGCCACCCGGAACCGCACATCAGTGGATT,3.8193085615325018
556,ATGGGAACGCCAGTATCAACATCACGGACA,1.7180231841053015
557,CGGGCAACGCGTCGGAGCGCGTCCTGGCGG,1.0733652136679979
558,CGGGCAATGCGCTGTCCGCGCACGTGGTGC,1.6653607985154792
559,TCATTAAGGTTTAGCCCGTCCTCATGGTCC,1.2801620819355644
560,CCTTCATCTCCCGCTCGGGAATCATGGCAT,1.4378426493629666
561,TTCTTAGGGTCTGACATCGGATTCCGGAAG,0.6277994992985024
562,AGGGGATGGAGACGGGGCGGCACTAGGTTT,1.535991977194466
563,ACGTAGACGACGAGGTGCTGGACGAGGATG,2.304955286931074
564,GGGCTGCGTGTGGGACGGGTTTAGCGGCAG,2.099650336081916
565,GGGGGACTACGTACCTGAGCCCTTCGGAAC,1.3012358683156646
566,AGCCATGGAACCGGCCCCCTCCGCCGGCGC,1.662181577551284
567,GGACTCCCCGATCCAGATCTTCCGCGGGGA,2.583111798340662
568,TGGAGATTGGCTATACGTCTGTCACGGTCC,1.200471088432823
569,AGAAAACGGCCACAACCCCATGCAAGGCGT,1.4207587544315003
570,CACAGTGACCCAATTCATCCTCGTCGGCTT,2.0731956291249114
571,TTACAACATGCTAATGAGTCCCCGTGGCTG,3.1958013815347597
572,GGCTCAAGAGGGTGGAATAGCGTAGGGGCT,2.112094487716117
573,TGTACAGGCGAGCTTTAGGACAGGGGGTAT,1.9475815775124852
574,GCTAGAGAGCCGAAGATAAAGAACTGGAGC,1.8874235044735543
575,CCTACCTGGATATCTGTTACTCTACGGTGA,2.185583977190803
576,CTCTTGCCTTCTACTGTGCGGATACGGAGA,2.5608139811185184
577,TGGAGAAGGCTTTGCAGCACCTGGCGGCCG,2.6261610982427612
578,GAACATGCTCATCATTGCGACGATTGGCTT,0.43608689827269526
579,AGGAGGAACTCGGAGACACTCGACTGGTTT,1.7207742246378526
580,GCTCAGACACGCACACCAACGAGCTGGTGA,1.5998483856393615
581,CAGAAAACGAGACGGGCCATCAGGAGGATG,1.859175082750248
582,CCCAAGTCAAGCCATTCTCAAGAACGGAGG,1.579396366980959
583,GGTGGTCTTCCTTATTGCGGTGAGTGGCAA,2.87979881484316
584,CCTGGTTGAGACTTGTGTCGCCACAGGCCA,0.39677804713367565
585,GTGGGTTCAGCGCAGGAGTGACTACGGTGT,0.9684012424804378
586,CCACAGTTACTATGATACGGCCATAGGATA,0.9500755982017316
587,CTGTGTGTGATGCCCTGCGATACTCGGCCA,2.012638973147902
588,CAAAAAGCTCAGCCTCGTTAAACGTGGTGC,3.3356563684651652
589,CTGCCCTCATACTAGTATGTTGTCTGGACT,2.601375554995987
590,CCATGGTTAACCAAAGCTCCCCCATGGGCT,2.049126823152134
591,GGTGCCATCGTCCGAGCTATACTGAGGATG,2.509475049698662
592,TATTTGGAAGATATTACCTTATATCGGCAC,0.4716225962605708
593,GGATAATCGATGGCTTGATCCAGATGGTGG,1.8168545640437903
594,TTCCCTACTGTGCCTCCCGTATTGTGGATC,1.276138913126541
595,CTGCAGTTCTACGAATCCGTTCAGTGGAGG,2.777132624994921
596,CCCACCACCGTGGCAAGGTACACGGGGAGA,3.251861686250285
597,CTACAATTATGTGAGACGTGCAAGCGGAGA,2.2859715835724383
598,CTAGTCATGCTCCGAAGCCACTCACGGGAG,0.9017308841264484
599,TGTTGTTCTACTTTGCGAGCATGATGGGAA,0.6560110164941247
600,CCTCGCTATCAGACAGCGTGCTGCCGGTAG,1.4968526686250498
601,GGCCTCCATCCTACAGCTCGCTCTTGGATG,1.8453159463329978
602,GGAAATTATGACCCTAACGAACAGTGGCCT,2.271518407782251
603,TATGCAGTCATCCTCTGTCGTATAAGGGAG,0.4316914689921083
604,AGGTCTCATCGTGGTGGCCAACAGCGGTAT,3.4593776871908313
605,TGGTGTTGTTGTGACAGCCAACAGTGGTAC,2.584074901417579
606,GGCCATCATGAACCAGCGAATGTGTGGTCT,3.9110636805174694
607,TGGAATCAGGTTCCCTCCTGGCAATGGCAT,0.8042386692421617
608,TTCACTCTACTGCTACCCATATTGTGGTTC,2.4413281941752176
609,CAAGCAGAATGCCAGACTCGAGAAAGGAAA,1.6015359014853583
610,GGCATTGTGGTCAATGTCACTCCGAGGTCT,5.053970014668506
611,AAGATTGGACTATCTGCCCTGACCAGGGGG,0.5439316075878122
612,TTGATTCCCGAGAGATTAGCTTTGAGGCCT,3.4302833082244417
613,CCATCTGCCACCCTCTGAGGTATTCGGTCA,1.2003694212201612
614,TCAACGTTCGTAGAATCAGCTCTGAGGCCT,3.8924230640399546
615,GTCTTGCTCGCCATGTCCATTGATCGGGCA,1.3882625693133757
616,ATCTTTCTTGTCATCATTACTAAGCGGAGA,3.6002602455680957
617,AACTATTGAATCGGATGTCTGAACAGGCTA,0.6048877008469529
618,ATGTCCATGACGGCCAGCATTGAGAGGAAG,3.012488290105919
619,ATGGGTTTTCCATTCTAATGTCGACGGTGG,0.7461967692177823
620,TCCTTTCTCAAGATGCCCGCTCCAAGGCCC,1.9612041152221389
621,AGGGGCTCGCGAAATCACATTCCCAGGATG,1.9908750367484171
622,GTCAGGATGCTAGAGTGTCGGAGTGGGAAG,1.0776732457384608
623,TAGAACTGGTGGTGGGTAACACACAGGCCA,2.0431043452979103
624,GCACACGTGTTGCAGGCTTTCCATCGGCCC,0.7404248361871478
625,AATGGTCCACCGTGAGAAATCCCGGGGTCC,2.622473841680325
626,TCTGGATTGTCGGAAAGTCCTAAGAGGAGA,5.623406677226439
627,ACCGCAATGCAGCCACCGTTTTGGGGGCTA,2.033244174295699
628,ACTCATTAATTGTTGTGTCAGTGCAGGATA,0.10537046408508163
629,ATACGATATTAGTCGACATCTGCGGGGTTG,5.595554536565465
630,GGCAGCGCCATCTTTACATATGTACGGCCC,0.9551048377111918
631,AACTGTGGGTCATCTGTCAATCCTAGGAGA,0.7370547085242121
632,TGGAGATTCGAATATCTCTCTTCGTGGTTC,3.6025495250862587
633,CCAAGATGCTTGTCGTCATCCTCACGGGGG,1.7872847280557356
634,CTCCATGTACCTAGTCACTTTCACCGGGAA,0.2549001053299674
635,TGTGGTCTACGCCATCGGACTCATTGGCTC,0.8201243009814555
636,CTGACATGCGGGTAGTATGGACTGTGGCCC,2.3938554964795205
637,TTCACAAGCTCGCTGATATCTGTCTGGGTG,2.6900560736867787
638,GCGCTTCGCATATGATAGCAGTCACGGTTT,0.14479906704074208
639,CTATACACAGTAATCATGTCACGAAGGGTA,1.5797647057587392
640,GGGCTGTCTGCCGACCCCAACATCCGGGCT,0.9231792730497657
641,TCAGATCAGTCTTCGGAGAAGAATCGGGTA,1.043487587895837
642,CTTCCTGATTCACTACTATGCCAGTGGCGA,1.5127619587412546
643,AGAGGCGCGAGTGCTTCTGGCGTGTGGTGC,3.001832332993982
644,GCGGCTGCGGATGAGCACGATGCGCGGCGT,4.176062910404548
645,TCGGTCTTGTAGTCGAACAGCGACAGGCAG,2.078219073778893
646,GAGGGCACAACGCCACTCTCCACGGGGCAC,5.093128431668158
647,CAGGACGCTCTGTTCCTCTGACCGAGGTTG,1.0015592788961067
648,GAGACTGGAAGCGTAGGTACGATGTGGGCA,3.889882293432603
649,CCTGGAACCCACTGAGTTTGTCGTCGGCAG,0.7227578314123861
650,AGCTGTACTATCCGAGTGTCTCTGGGGCAC,3.5789147182485688
651,TTTAAGTCCCACCTTAAGTCAAGTCGGAAT,0.5175728445149174
652,GGTGCTGTGGCCGGCTGTCCCCAACGGGAC,1.8898280491211437
653,GTGGACGCATTCCAGGTCTTGAGGCGGCAC,1.4569514337862157
654,TGCCACCCACTTCGGGCACTACGCTGGGGC,1.1063149696378078
655,CAGAACATTGCACGCGACAGTTTCAGGCAC,0.7698315334954565
656,ACTGACCGAGAAGTAAGTCCCAAATGGCAA,2.3736462223033894
657,CCACCCGGGTCCGTCCGAAGCACACGGTCA,1.7554068853296714
658,GGAGCGGGTGAACGACGCTTCGTGCGGCCC,1.7990728615834102
659,ACCTGTCCTGCTGGTCCGAGGAGTCGGATA,0.46601720803139046
660,TCATTCTCGGTACCGTGCCGGGAAGGGCCG,2.9724054126406485
661,TGCTCGTATTTCTCCAGCTCCGTATGGTAG,1.1492272202315412
662,CAGAATAACCGACGGAGCCCGGGCAGGGAC,2.072463452562763
663,GCGACCCCATAGATGATTATGCATTGGTAC,1.0516737692428095
664,CGTTGGTGCGGTCTATGAGGCGCCGGGAGA,1.73522573783143
665,TGGGGACTTCCCATCCGGCGTTCCTGGTCT,0.9068866217655495
666,GGTTCAGCTCCGGTGGTGTGGGAACGGATG,1.657596573136415
667,ATGCGCCTCTAGACTCATGCCCGTTGGACT,0.980499262820229
668,TGGTCCTGCGTCTTTTCGTCGGAGGGGTCC,1.9110051983456522
669,ATTCCTCTGCCTACGAGTCCTGTATGGCTG,2.3160569697439075
670,GAGGAATGCCAGGCGGAAGGCCGTGGGAGC,1.942681727747588
671,GGCATCACGGAAGGTGCGTCCGAGTGGCAC,3.7680473939364085
672,CAGCATGCGTGACAGACACGGGCATGGTGA,2.0230269676413646
673,GCCGCGACGTCACCTACACGCCCGTGGCCG,2.2831039609948567
674,GACCACTGTAGGCGGGGTTGTCCCAGGCTC,1.5890091857315984
675,GCAGGCGTGGAGCCGCGATAACCCCGGCTT,2.298200200900266
676,TGCTTGAAGTGCGAGGTATGATAGGGGCTC,2.0666793653026767
677,GGCCATACCAGGGCGTCCGTGTGAAGGAGC,2.107198336403595
678,CAGATAACGGGCTCTCTAGATCGCCGGCCT,0.3838492423674671
679,TCCAGCTTCATGCGGATCGTACGACGGAAG,1.9644247698386528
680,CTGGATTCAGCTGGTCGATATCACTGGAGA,0.16105793012998723
681,TGGGGTACAGCGAGTCGTCGCCGTCGGCCG,0.8142283183877792
682,ACGCCAGCAGCGATGAGAGCGAGCCGGATG,2.1450942026913093
683,CAAGCGCAGCCACAAGTTCGTGCCTGGTGC,0.9681226104683248
684,CCAGGGCCATCCCAATGACAATCTTGGCAG,0.6785454241146432
685,GCGCTGCACTCCGCCGAAAGCCTCCGGCGG,1.1856905141846492
686,ACGAGTGGCCCACGGCCAAGAAGTAGGTGA,1.489168019570429
687,GGTGGTGTTCTGGCAGCGGTAGAACGGCGA,1.457510355750949
688,CCAGCACCCCGGCCGAGAACATGACGGAGC,2.4302953079950034
689,TGTGGGCGCCCGAGCGTTCCGCCGAGGCGC,2.8505773895254727
690,AGGCGGACGAATTGACCCCGGGAGTGGACA,1.4577358338411575
691,TTGTGACTCCAATACACCGCTCAATGGCCA,1.3341807113560094
692,TCGTGCAGGAACCTCACCTACGTGCGGGGC,3.0033737712547044
693,GATGGGGACCGCCCGGATCGCACCCGGCCT,1.3738821752037957
694,CAGCCAGTACACATGTACCGGGCCCGGAGC,1.8217457910000137
695,CGGGAGCAGTTCATCGCTCTGTACCGGCTG,0.22438830079011507
696,CTATCAGCGCCGGGCATCAGATGATGGCAA,2.244915780494668
697,GTCTGCGAAAGCCTTCCCACACAGGGGCAG,2.724128690389779
698,TGCTCAACAGGTAAAGGACTGACTCGGCTG,0.339315511088644
699,GGCGTGTACCGCGTGCAGATCCGCAGGATC,1.1982828572130848
700,TTGACCCAAACCGAATGGCAGCATCGGCAC,0.7874405787853791
701,CCACCAATAAGGAGCGACTCTTTGCGGCTG,3.5076143019453885
702,GGGTGTTCGAGGTGAACCATTAATGGGTAT,0.23158011725870864
703,CGGTTCCGCTGTGTGAAACGAGCGCGGGGC,2.151341956938056
704,CCGTAGTCCGGCACCGAGCCCTGGCGGCTC,3.1359698716347166
705,AGGGCTACCACTGCACGGCGCACAAGGAGG,1.978869937832844
706,GATTTGTCGTGTAAACAAGAATTGTGGAAG,2.5743090494748584
707,CCCTTGCTGTACGTCCATGCCCTGCGGGAC,3.1152508613582977
708,CAGGCGCTGGCCCTACGGCTCGGACGGCTG,1.7060368233651262
709,TGGCCTGGTTGACGGCAGTTCGGACGGCGC,1.3508860303667978
710,TCTACGTGCCCTTCTCCAATGCGACGGGTG,1.5818259901256195
711,GGCGGCGGCTGCGGACTCGTTCTCAGGCGG,0.8930857310903105
712,CACCCTCCGAGGCCGACGCCATTGTGGAGT,2.9331520987589705
713,CAAGTCCGATGCTGATGTAACCAGGGGTCC,2.419378981465194
714,TGCAAAGACTCCATATAGACGGTGCGGTTG,3.5874337431042633
715,GCCGCGTTACAGCGCTGGCTCCGGCGGAAG,1.1665245723936073
716,GGAAGCCACAATATGACATTACGATGGAAA,1.7999111767896736
717,GAATGGCAAGCATTGGATTACTCACGGTCG,0.14993037955986366
718,GAGAAAGAGTTCGCACCCTCGTTCTGGGAC,0.4389446887517229
719,CGGCGGCTCGTGCTGGCATCTACGGGGATA,3.2638568753826234
720,AAACCGATGGAACAGCTCGTAAATTGGTTT,0.21187472670752577
721,TCATGGTGGCTATCGTGGCTGCATCGGCCA,0.40974889277271176
722,AGCACTATGGAGTGTACAGCTGCGAGGGGT,5.1546665883027085
723,TTCTCACTTCATGAAGTTTCCCGCAGGCTA,0.6354356358190989
724,TGCAGTGCAGCGCTACCGTGCTCAAGGAGC,1.7800249156814854
725,TCTCGTCTTCGCCCTCGCCCCCATCGGCCA,1.72997051914522
726,TCCAGTGCATCGCCACCATTCATAAGGAGC,1.1075256137808864
727,TACGTCAACTATGATATCATCGTCCGGCAT,0.9628039097057973
728,TTTTCCACCACAATGGCGCAACAGAGGATG,2.5840016795508176
729,GACGATGACCTCGCTCACCGGCGCCGGCCG,1.3977374652960417
730,AACCTCAGGCTGTTCTCCCTCGGCGGGAGC,1.1539417896743946
731,AGCGACGCAACAGTAACGTTAGTCAGGCCA,1.324357517854948
732,TACAAGGAAATCTTTACCGCCCTCGGGCCT,0.7746360044658924
733,CCTGAGTGCTTGCGCCCCTTCACCCGGGAG,0.5655696231801118
734,TGCCATTGACAGCGTAGATGTCGGTGGCCT,2.232119086324657
735,CCGATGACTGCCATCGGCCTTTGGTGGTTT,2.8633430383236838
736,TGGCAAACAGCTGCCCTTCATCTATGGGGA,0.8167023784689508
737,ACGGGGCCCGTCGAGCCCGTAGCGTGGCCT,1.5874942702727233
738,ACAACACCGCTCCCTCGTTACCTGTGGCCC,1.9937500859830117
739,GCAGCAGCGCGAACAGACGGGCGGGGGCCA,1.2308565509640315
740,GCGGCGGTGGTCGCCCTCTCCTTGAGGCGC,2.5586429443736285
741,GAGGGGGCGAGTCAGACTTCCTGCCGGTCT,1.5918126920389564
742,TGGTCATAATAACCTGTAGAATCGAGGCCC,2.274003103711475
743,CCGGGCGGCGGAGAACGGAAGTCGTGGAGG,2.360466185563448
744,GGCGTTGGGCCAATACACCAGCCAAGGGAG,2.271264040578755
745,TCCGATTTTTTGGACCAGTTACCACGGTCC,0.3731685477678658
746,CTGAGGTCCAAGATGTTGCAGACCGGGTCA,1.3288406327774207
747,GGGGCTGTATTATAATGTGATCATCGGGTG,0.2449648124032647
748,ATGGCGAGCTCGACGTGGAAAATGGGGATC,2.9523039133306823
749,GCGCCTTGTTGTCCCACTTCGGCCGGGAGC,1.1392178004801494
750,CCCTTCCACGTGTCCCGGTCGGGGAGGTCT,2.5192166543426504
751,GAACTGTAGCGAGTTGGCCCACAGCGGCCG,3.538739895351667
752,TGCTTCTGGCGCGGATGAACCCGCAGGTGC,5.793896065142783
753,GGGTCTTGCAAACTCAGTAGCCCGCGGGCG,2.785882028861117
754,CTTCCCCTATCGAGCGTACACCAATGGAGG,1.3872793527945926
755,GGGAAACTACCTCCGTATGTTCCGAGGTTC,2.6397116722619076
756,CAGATCACTGCGAAACCTGCTCGACGGTGA,2.431341573469863
757,TCGATCGACTGTGTTGGAAGGCATCGGAGA,0.4708216501533806
758,TACCGCACCTCGCCCGACACGCTGAGGCGC,3.7667034526749954
759,CCACGTCGCACTACAGCTCGGCGCAGGGCG,1.3522180715561118
760,TCAGCAACCGTCGTATCCTGAACAAGGCTA,0.5651056129557117
761,CCCGTTCTGGGACGCATTTCGCCCTGGCTC,0.6322313881525824
762,CCATGGACATGCTTCATCCATCATCGGTGT,0.4569428816501328
763,CTGCAGCCAATGCCAGTAGCGCTCCGGCGG,1.7228441408507802
764,AGAACATTCGACTCTTGCAGGAAGCGGCTA,1.6178804933253368
765,CTGGGGCCGTGCAAAAGGATATATAGGCTC,0.18442130735890722
766,GTCATCTACCAGCCGCGCCGCAAGCGGGCC,2.823857475434561
767,TCCGTAGATGGCGTGCAGTCCCGGGGGAAA,2.6867989680656095
768,CCTACGTTGCAGTTCACTCTTCGTTGGACA,0.2149884912924067
769,AAGGCACACCACTACACCATCGAGCGGGAG,1.832318968823188
770,GCAGCTGTGCTACGCGAACGTGAATGGGTC,0.7457248545737272
771,CTGGGTCCCGGGTAATTCTGTACACGGCGT,0.6474546982885608
772,AGATGACGATGGCATTACCCGTCACGGCCA,2.2400783691644888
773,CAGCTAGCGAGGCGGTCAGGTTCACGGCGT,1.6429865694038988
774,CAACAACAAGTCGGATCTGCTGCCCGGGCT,1.386917111551505
775,GGCAGTGAAGCGCGCTTTCATGCTTGGATT,1.032294620710779
776,TTTGTCGCGCCACAGAATCAGTAGGGGCAC,1.7742295050209704
777,AAGCAGACATTTGTAGTGATGCTCCGGTGT,0.16689112760406288
778,ATCAACATAATGCGGTCACCAGTGGGGAGT,3.6545387060648666
779,TGCGAGAACACGCTTCGAAGCTTGAGGTTG,3.3430046245150034
780,GAATCCCCAGACGGAAGCTCATGTAGGTGC,1.387381067899193
781,CCTGCTATTGCTACCAGGCGTAAAAGGAGT,1.1486721667780606
782,CCATGTGGCCCAACGGCAGTTCCCTGGGGC,2.2040289497534142
783,TATAGCGGCCATGCGTTGTTGCTGGGGATT,0.7007588315338029
784,AGGCCCACAGGCGGTCCGGGTGGTCGGTGA,1.7634025127114512
785,TCAGTAGCCATATTCACCATCCACCGGATC,1.1325884348662678
786,CCCTGCTGCGCAGCCACTACCGCGAGGTGC,3.0975746661706807
787,CACTGGTCGTAGCCAAATCCAAAAAGGTTC,1.1131327157574944
788,ATGTCTCATGCGGCCGAACCAGCTCGGGAT,1.5103352940560362
789,GCCAGCGGTAGCAGTGAGTCGTCCAGGAGC,1.7755255159625096
790,TAGCCGGCCTGTTGCTGGTACTGTTGGTAC,0.689356492525991
791,GTTCAGCCTGGCTCGGCAAGTAGATGGCGA,1.2704957258188874
792,TTGAACGAGAGAGAGATCGGCTTCGGGACC,0.8947980464818518
793,ACAGTGGTTCTAGATGACTCGAAGCGGGTG,2.5078027910427934
794,GGGCGTTGGTCGCCACATGGGCTTCGGTGA,0.7754154990331419
795,GGCCCGGGCGGGGTGCGCACGATACGGTCG,1.0419373526496838
796,GGGTCACGCAGAGCCCATTAGCTTCGGCAT,0.896660294014415
797,CGCCTCGTGGTTCAATCCTCCCCGCGGAAG,2.5868172362809365
798,TGGAACAACGGGGACAGAACGCCCCGGCCG,2.75689259221079
799,CCCGACCGCCTCGAGCGCTCGAGCAGGGCG,0.93619602228588
800,GCCGCCGCAACACCGAGTGCGCGCCGGGCC,1.9483323488691313
801,CCTTGCATTCGCACACGCGGTTGTGGGTGC,0.7658217074103717
802,GGAGCGCGGACCTGGACAAGTGCATGGACT,1.7118855381211426
803,TCATAGAACTTGCCTTGCTCCTTGCGGCAG,2.617676785432729
804,TTCCACCGTGTACTCGAGGCCTCTCGGAAG,0.9047722002335521
805,GCGCGTTTCGGGCCCTGTGCGGCCTGGCGC,1.4252244269454475
806,TCAACCTCGTGAAGATCGCGTCCACGGCCT,2.01195730352364
807,AGGTGGCATTTACACCCTACGCCCCGGAGC,1.78363543517707
808,CTGGCTTACAGCCACAGCGGGTGTCGGCCA,1.3674059350143877
809,GGGGACACCTACCCCAGCAACGACCGGTGC,2.4282097826297453
810,CGGGGCAATCACGCCGGCACCAGGTGGACA,4.497744231408297
811,AGCCAAGTAACCTTGTTATCATGCCGGACT,0.2403543705648017
812,GGGCTCGACGCTAGGATCTGACTGCGGCTC,1.5633980226583408
813,CGGACGAGGCGGAAGACCGCGCGCAGGGCC,1.5571504506993
814,TGCTGATCAGCAATCCGAGATCGATGGCCT,1.5562644173774156
815,GGGAGCGGACAGAGATGGCGGAGTCGGAGC,1.3015180955737622
816,GGCGAACGGCGACGAGCCGCTGACCGGCGA,1.6692100760775888
817,GTTATGGCCGCAGTCGAGCATCATGGGCTC,0.6469388640762065
818,TGGTGCCGCGGTCATTGAACATGAAGGCCG,1.7463548622565799
819,TCTTCTATGAGACTATTGTCATCTCGGTAA,0.9010019928906096
820,ATGCATTGCTCTATGCCATACGCAAGGAAG,0.3037634390605157
821,TTCTCACGGAGAACTGTCTGCCGCCGGTGA,0.23145521841475702
822,AGCTCTTGAGCGAGCCCCGCTTGAAGGAGC,3.412996587446526
823,GGCTGCTGTTGCTGCGCCGGAGATTGGAGA,2.015582977497033
824,CGTAGGCATCGGTGGGCTTCTCCGTGGTGT,4.297916510635383
825,AGTTTGTACGGGTGCCGAGCGGAGTGGCCC,2.1344366167599063
826,AAGGTGTTACTGTGGCCGACTGATTGGAGA,1.2540629022176497
827,TTTATGACTCCATAAGCATCCGTTGGGCTC,0.477573985961174
828,AGGGTGACTCGGAGGAGGCTTTCCCGGTGG,0.9630805306039876
829,CGATGTCCCCCTGCCGCCGCTCGATGGCGA,2.2770950046487424
830,TAGGGTGGACTCCAGCAGATCGATGGGGTT,0.7206445004363987
831,CGTCTACCGCCCCCTTAAGTTTCGTGGTGG,2.3199833037109476
832,GGCCGCCCGTACCGCTTCCACTTGAGGCTC,0.8945365045464583
833,TGGACGAGATAGACTTCCGCCACGTGGCCT,2.8901246853445137
834,AGTCTGCGTACTGGGCGGTAAGCTGGGGAT,0.31883603121874765
835,TGCTGTTCTCATCGCGTACCACGAAGGTGT,2.2060210405501537
836,CTTGGGGCGCTGCACGGTGTCCAGCGGCCG,2.6796770394712004
837,CGGTGAACTCGCGCGAGCCCTCCCAGGTCA,2.8215920106714227
838,TCGGTGCAGCTGCGGCTTACATTGCGGCCT,1.853735112755577
839,GGTGTAATCTTCTGCTGTACACTGCGGCTA,1.9194996538421591
840,AGTCCTGCTCGTAACCTTCGAAGTCGGACG,0.28966932452998695
841,TGACATCACGAGTTCACGATACCGTGGGCT,2.060469530022481
842,ACACTCGCGGTTCACCTCGCAGCTCGGAGT,1.630620993376519
843,TGTACCTATGGATCGATGCTCACCAGGCAA,1.3974255864095595
844,TCTGTGTCTAGGTCCTGCGTGACGTGGATC,1.3057060011966617
845,TCATGACCATCCACCGCTACCTGTCGGTAG,2.0245709561386147
846,AGGCGGCGGCTTTAGAGCAACCCGCGGAGC,1.900708679408583
847,ATGTTCTTGAGGTACCGAGCCTTGCGGTCC,2.6315776538714344
848,AGTGAAGTAGACGTATACCAGACAGGGCTA,1.3234054442766623
849,AAGCGTCCGTTACCCAGAATATCACGGTGG,0.741480367385517
