,30mer,TUSCAN score
0,AGTAGAGTCGGGGTTTCGTCATGTTGGTCA,0.8753408529908417
1,CTGCCGCCGCCGCTTTCGGTGATGAGGAAA,2.2477363482294384
2,CCCGGGCAGCGTCGTGCACGGGTCGGGTGA,0.8713564278646354
3,GAGGTGGGCGGATCACTTGACGTCAGGAGT,0.496487210431586
4,CTTTTTACCATAGTGTACGGGTGCAGGCAT,0.9473397679698118
5,TTCTTCTACTGAAGTGGTAGCAACAGGTAC,0.9924829440113256
6,CAGATAGAGATCCGCCCTATCTCAAGGGAC,1.1642631490083233
7,TTTCCTCATCACCGAAAGCGGCGGCGGCAG,1.1612426857842157
8,AGATTTCTGAATTATCGGCTAGCCTGGTCT,0.6191280332295426
9,GCCTGCCTCAGCCTCACGAATAGCTGGGAT,0.7444115487723106
10,CCCAAAGTACTCCTGGAGTACTGCAGGAGG,0.9947211716819832
11,AGATCACCGTAGTCAATCTCAATGAGGGCC,2.6934756223412095
12,TGAGACGGAGTCTCGCTGTCGCCCAGGCTG,1.0760793304579737
13,GTAGTGGGATGCCGTCCCGCAAAATGGCCC,1.6649955100831864
14,CAGATCCGAGAGAAACCTTCGCAAGGGATT,1.5780577648275114
15,GCCCCCGTCCAGCCACGGCAAGCCTGGGCT,1.7087700331761577
16,TGGACTAGTGGAAGTGAACGCTCCTGGCAT,0.14074223159255742
17,TGTGGGGCATATGGACTAGGCACTGGGCTA,1.0110625786317138
18,ACACTGACATTTCAATTCCGTAGCTGGACA,0.2314862710823672
19,GTGTGCTTACCAGTATGACGACGATGGGTA,1.7984079247632352
20,CGCGGTTCAGGAATCGTCACCCGGCGGCCT,2.3106340618128476
21,TTCTGCTAACGATCTCTTTGATGATGGCTG,2.0829904470584415
22,TCCCACCAGTTCACAAACGGGCCTCGGGCT,1.1314904781522805
23,AAGCAGCTACCAGGCTAGAGTGCCAGGCAT,1.3728197325083056
24,TCTATCGGCTGGAAATATGTTTAAAGGATT,0.3018408686951372
25,GGAGGATTATAAGACTGTGCGACGAGGCTT,2.710539696834507
26,ATAATTAACCTGCTGCGGCATGACTGGAGG,1.031128804805764
27,GAGAGGCTGGTCATGCCGCTGGCACGGCCG,1.2599104404988324
28,GTTTCTCAAGCCACCGGCAACAATAGGACT,0.8243996403341773
29,ATGATTGGAAAACGAGCTAACGAAAGGCTA,1.760555330140533
30,TAAAATAAAGATGGCGTTTCGGCCAGGTAG,0.5288245723229265
31,CCGTCCCATCGGTAGTGGACTGAATGGTGT,1.1474455644050339
32,AGCCCGCGCGGCAGCCGTAGGCCTTGGCCC,1.7916876795571097
33,TGGACCTCACCATTTTGGCTAGTGTGGCTA,1.569279586769961
34,CCTGAGTTCAGTTCACGACCAGCCTGGTCA,0.571827423515279
35,TGACTCAGAAACAGATCGCCCATCAGGTCT,2.155619643514983
36,GTGACGATTCCTGAACCGCGGGGAAGGAAG,1.484763743960037
37,CTATTTAAACTCTAGGCTTCGAACAGGAAA,1.0610003643038792
38,AGACCTAACAAAAGCGGCAATGTCAGGTAA,1.296937305348826
39,CTCTCTAAATTACACTCGAACACATGGGCT,1.7358295911058983
40,GCTATCTTCAGGCCGTAACCTTTTCGGTTC,0.42982005031042214
41,CAACAGATGCGAAGTTCGGGTGCCCGGCCT,1.4449956585788215
42,ATAAAGTAGAAGATCGATGCTAACTGGCAG,1.33677224562444
43,GTTGCAGTTCACTCTTCGTTGGACAGGAGA,0.4466671411782895
44,TCCCACCAGTTCACAAACGGGCCTCGGGCT,1.1314904781522805
45,GTGTTTACATTACACATCCAGCGTGGGAAG,0.4973031383340505
46,GGGGAGATGCGCGTGCGGAGTAGCGGGAAG,1.705047337423909
47,TAGACTTCCGCAATAATCCTACTAAGGAAG,0.7781734705862142
48,GATCCTGTATTAATTCCGGGTGTCTGGGAA,0.8112316902646357
49,AGTTTGCCCTTATAGTTGGTAAGCTGGAAA,0.9628247695274543
50,TCCCGCCTCGGTCTCCCAACGTGCTGGGAT,0.9782802823308999
51,GGAGGCGGAGGTTGTAATGAGCCGAGGTCA,2.2050907483226783
52,TCTGTTGATACCTGGTTGAGGCTATGGACA,0.20852433542206164
53,TTGTCCTCAGTAAACGAGGGCCTCTGGCCA,1.3140774104864614
54,CGGTGCAGAGACCCCTGAATCGATGGGGCT,2.143249656483784
55,GTGTTCGGCTGTAGTGCCGTTGTCCGGCTT,1.0949050264203795
56,TAAGTACTTATTTAATGCGTGTGCTGGCTC,0.09695092764991656
57,CCAGGAGACCTCAGATGGTAAGCCTGGCAT,1.2357480580412918
58,GAATGAATAAGAACTCCCATTAGCAGGTGG,1.0133919734918393
59,ATGCTGCGGCCGTGGCTGCATTTGGGGAAG,2.925307602688316
60,GAAGAATACTATCCTAGTTCCGACCGGAAT,1.4079293944016025
61,ACATGCATTAGACACCTGTCATAATGGAAA,1.0489803786042309
62,AGAACATGCTAAGTGACCTAAGAGTGGTAT,2.721235275657351
63,ACCCGACCCGTGCACGACGCTGCCCGGGAG,1.6245547143198513
64,CTGAGCCCTCCAATAATGGGAGTCTGGGCT,0.4652689332274891
65,ATACTAATGTGGAGGCGCGAACAAAGGTCA,0.7221627814295699
66,AAAAGCTACAGATAAGTGGACTACTGGGCC,1.6828540354130588
67,TGAGGGCCTCTCGTGCATAGATACTGGAAA,0.12584715831750867
68,AAGGCACCATGGATGATATTAGTCAGGAAG,1.1746696013351667
69,TGCTGACGCAAACCTTTACTTGGGAGGTGG,2.6090128513906157
70,AATTCTATAAGTGATGAAAGGTACAGGCAT,0.7832318692526334
71,TTAATCGTCACACTTGAGAGGCGAAGGTAA,0.8014703626014225
72,TGATTTCTGGATCCGGATTACCGCTGGCTG,0.73449986938387
73,CCGGTGCAGAGACCCCTGAATCGATGGGGC,1.6551216442452499
74,CAGTTAGCACAGCGCAGACCTATCTGGGTG,2.4665584646705034
75,AACCACGAAAACCCTCACTCGCGGCGGGCC,3.035038232551786
76,TTATGTGGCAGTAGAACAACTAGACGGTGA,1.8480491766029927
77,GGACTACAAATCCCGATACTGTGATGGATG,1.1959880259663644
78,GCCCTCCCGGGCAGCGTCGTGCACGGGTCG,1.136117869687979
79,AACTCTCGCTCCAGTTCCCGGATCTGGAAT,1.1040766080337063
80,ATTCTGCCACGTCTGTGGACGCAAAGGTCG,0.32741985063416584
81,TCATCTGAAGAAGGGTCGATGGCCTGGGGT,0.6055640594764414
82,GGCGACGGCTTCGGGCGGCAAATCCGGCGG,0.9453340835857489
83,TTTAGACTGAGAGCGGAAAGATCTGGGTGT,0.7327722492739225
84,AGGAACAGAGGGTTTGACATCAACAGGCTT,0.6451638736099145
85,CAACTGCGGGCCCATATCAATCGTAGGGAA,0.6279267595241426
86,AACTTTGTCATTACTAAGTATTCGGGGTTG,3.229224885942384
87,GCCAAAATCTGGCTGGCGGCCCATTGGGAC,1.6994466600704006
88,AGGTGTACCCATTGCTCAACTGTATGGAGG,1.4033844038820131
89,CTGCCAGATTCAGCTCGTAAGGACAGGCAC,1.220694559294207
90,AAAATCACCTGGATTACAGACCCGTGGCAC,2.4921573077509365
91,TTGTGGGGCGTATGGACTAGGCACTGGGCT,1.0369135691284554
92,GTATAGCTATCTCGCACACTCATGAGGCAG,2.226031048442214
93,TTCTACCAATCGCCTTAGGAGGGCTGGTTA,0.7652753294857164
94,TGGCAGAACCGACGGAGGGCGTAGTGGGGA,2.4921372394515546
95,CGCTGGTAATCCCAACACTTAGTGAGGCTG,2.302344621266125
96,TCCTGCATGATGCGCGGCCCAAGGAGGGAG,3.7670569743626614
97,GTTTTTGGAACTTTGATTAGGGTTAGGGTT,1.1207952770476528
98,GTTACAGAGAGCACAACGCCGTGCTGGACC,1.6163069692732306
99,ATTTATATCAATCGCGGGCTCTGAGGGCGC,1.0189876847544281
100,TTACGATGCTTGTGCCCGTGCACCTGGGAG,0.9225602475343457
101,TAGTTTGGTCCTTGCTCGCCCTATTGGATG,1.4156656629916764
102,CCCACCCTCCAATTAGCCTTGTTGTGGAAG,2.5026673453097232
103,GCCCAAGGAGGACGCATCACAAATTGGTTT,0.7521540888522679
104,TGGAGGAGATTCGTAAGAAACTCGGGGGCG,2.5762669095064994
105,AAATTTAGGCTTGGCAAGGCGCAGCGGCTC,2.6024225715058305
106,CTACAGAGGTTGTTCTAAACGGGATGGTTA,0.6680255152800223
107,CTTGACAAGATAGTACGGAGATGCTGGTAG,0.6159161861646352
108,CCGCCCTCCCCGCCAAGACACGCCAGGAAA,2.636342705327678
109,AAAAAAATATATAGCCAGGTGCGGTGGCTC,1.6480931753995993
110,AGACTAGCTCAAAGACTCGGTAGTGGGAAT,0.8266484442604722
111,AGCAGCAGTCGCGCATTGCAGAGCTGGAGA,1.3413015126656689
112,AATGGGTACACCTGAAAGACTGTTGGGGGC,1.4248406507371947
113,AAAAGAAGGGCCAGGTCTCGACACTGGAGA,1.000825740907425
114,ACTGGTCCACCATATTAGACCAGTTGGTTA,0.5289116871306365
115,CTTGGGCTCACTTGGAACGGCCTTGGGAGC,0.7253479742223351
116,TGGGGTTACAGGATGCACAGGCGGAGGAAG,1.6950373634305687
117,CACGGTGGGCATGGTGCGGCACCAGGGAAA,3.023754002886101
118,CTTCTTCAACCATCTCGACTCGCAGGGCAA,1.4801660682318336
119,TCAGATCCGAGAGAAACCTTCGCAAGGGAT,1.0166954928430918
120,GTGTGGTCTGTCTGGATAAAAGCGTGGCAT,2.4046738298304993
121,TGAGGTCCCCAGGGCCCCTAGACCAGGAAA,1.2879214072916272
122,CAGAAGGTCAGCCTGCCGTCAGTTTGGGCC,0.7866545343855841
123,GAAAGGTTGCCTCGGAGCGCCAACTGGTGT,1.520459498699164
124,GCAGATCTCACGCAGTAGCCGCGTCGGGTC,1.6510530589960324
125,TTCCTTAAATATCTAGCATGACACAGGACA,0.29453947515578427
126,GGTCCGGACAACTGTCCCCCGGCAGGGAGG,1.9363973514673642
127,GAGTTTCCGTAGTAGGGCGGGACGTGGTTG,2.892390700747259
128,ATTTGCGATGCAACAGCTTGGCGGAGGATT,1.6091514999130876
129,TGTGTTTCCTGGCGTGTCTTGGCGGGGAGG,1.097666190651851
130,TTGTGCACATTGTCAAATTAACTGTGGCTT,1.9425540368125211
131,CGAGCAGCCTCGTGACTGGGCGTGGGGGAG,2.1917642369590458
132,CTGTCTTTATGACAAAGAGGAGCGAGGCCT,2.424004832736615
133,AGACGGTGACAATAAATACGATGCTGGGGA,1.6214511802219171
134,CGTGGCTTGCGCTAACATCGGGGGCGGGGC,1.1779015767209453
135,TACAGGTCAGTACAGGCCGGGTTCGGGCTG,1.1710781686561418
136,AACTAGAATGCCTAGGTTCCTTAGAGGTAT,3.8704916029349015
137,GTGCTCTGTTCAGACTCTAATAGGAGGTTA,3.790099952930392
138,AAGGGAATAGCGCTGCAAATTGGCAGGACA,2.1404414396643463
139,GTAAGACGCTCAAGCCACGTCAACGGGAGG,1.0938999434569103
140,TGGTTTTCCCGGGCGGGCACGTGACGGGGT,2.2764463596594955
141,TCTTTTCCTCATCACCGAAAGCGGCGGCGG,1.4587295515724232
142,AATGTGGAGGCGCGAACAAAGGTCAGGGTG,1.7399982070219775
143,TAGATCTGACAGCCGAACATACCTGGGGAA,2.1521539263186824
144,CATCTACCTGCATGCTAGAAGCCGAGGCAG,2.0506538146325504
145,GGCGTTGTGCTCTCTGTAACTGCGGGGAGC,3.9138909342277586
146,CGGGAAAAGCGAGCGGCGAGAGCGAGGAGG,1.8849748991108808
147,TTCGGGAATCAGGGCGCGGACGCTGGGCGT,0.940157374209991
148,CAGCGACTACGAGAGCTGCTGATTCGGCAG,0.8962888259872434
149,TCTTGCTAGTATCGAACTCCTGGAAGGAAT,2.256559340344975
150,AAGAAATTGGGCTTTATGGCTTGCTGGCTT,0.38272835536303684
151,TGCTCACTCGCTACCCCCTTATTCAGGGCC,1.0740000486279015
152,ATTGTCTAGGGAGTGCTAACCCCTCGGTGA,1.8377924686696978
153,AGATGCTGATGACTACTTATCGATTGGAGT,1.0672812021440288
154,GCTAGGGAGAAGCTAGACCACCACAGGCAC,1.590268148563777
155,AATGGGAGGCTTGCTTTGGCTCGCTGGAAG,0.39668545226948126
156,TGTGATTGACGCCACGTTGACCGGAGGCCC,1.5853899268381602
157,TCCTCCCGGGTTAATTTGTAGCACTGGACT,0.15826202530685934
158,ATCTTTCCGCTCTCAGTCTAAAGCAGGTGT,1.2909213712758536
159,GGCTGGAGTGCAGTGGATTGATTGCGGCTC,2.11241071073426
160,TGGGGATAGTAATCCGGACATGACTGGAAT,1.3892710975497844
161,GTGACGATCCAAATTTGAACGCCGGGGACA,2.6489252647402624
162,GGAGGGGGCTCCGTCACCGCATCCTGGGCT,1.0423952896963027
163,ACAAACTGGTTTGGGGCTCGCTCTTGGTCC,0.4649535507618052
164,AGGAGAGGGAGGCGCTCGGCGGACTGGACA,1.4653413820925758
165,GTAAATCACTCCGCACGCTATTAATGGTCC,0.4669324880333665
166,GTGAGATTTCATGAAGATGGCGCCAGGACG,0.8319083207988145
167,GAAAGGTTGCCTCGGAGCGCCAACTGGTGT,1.520459498699164
168,CTTGACAAGTGCCCCCAAATTAGGTGGTTT,2.8106553267262764
169,TGAGGCTGTCGGTGTCAAACAACCAGGTAC,1.6221497366347997
170,ACAGGTGATATTAACGCTTCCGCCTGGCAT,0.9164829801417357
171,GGCACTGAGGCGGGGTACATCTTCAGGCAC,1.5939268915298372
172,GCTGGAGTCTACCTGGAAGGCTCTAGGGGA,1.8674311929432632
173,CGTTGATGGCGCTATCACGGCACCGGGCTC,1.0996407036968316
174,GGTTCTCTCAGCAGCAGACGTGTCCGGTAG,0.5936631911656239
175,AAGGAGGAAGAAGCACAACGGCCCAGGCAG,2.0828963731328702
176,ACTTAATTCGTGCTGCAAGTCCAGAGGTAT,2.320752088742421
177,CTATATACATAGGATAAGTAGTACAGGCAG,1.1706444917437235
178,CCCAGATATATAAGGGCTATCAGATGGGTT,1.1126950763346632
179,TGTACCACGATGGAAAAATTATCGTGGATT,1.8728052985333268
180,ATGGTGGGATGGCAGTGACCGCCGTGGTGT,2.5750696956739905
181,CTGCAGCGACACCAGGTCCGCGCGCGGCGG,1.5995849395294737
182,TGCACATTGAAGCTCTATGCCAGTGGGGAC,1.0681900080985358
183,TATATTGACACAAATTCCCAGTACAGGGGG,0.3600507376162396
184,TCTTTTCCTCATCACCGAAAGCGGCGGCGG,1.4587295515724232
185,GAGGGACAAAGACCGTGTGAAGACAGGGCA,1.6548923227152916
186,GGCTATTGGGTATGTTACTGCCGATGGGAA,0.9476294875444686
187,GGCACGTGTGTCGCAGCCCGAACCCGGCCT,1.3664377488421589
188,ATGGGGGGTGTCTGGGTCTGCCGATGGGGC,1.8806385751590855
189,ACACACAACCGACAGCTGAGACGAAGGGCT,1.924274930594741
190,CCTGTGCCCCTAACTGTGTAGCGGAGGTCG,1.136390898859142
191,GCTGCTCAGTGGTACTTAACGTTGAGGTTA,1.946983071107722
192,GGATTCCGAGCTTCGCTTGAGAACAGGGCA,1.1420557513744345
193,ATCTTGATGTTTTGGTCCGTCTGAGGGTCA,1.041690297508193
194,GGGAGGGAATGGGAGGACGCTTGCGGGATA,1.4485853654305711
195,GCCGGCCAGGTTCGTCGTGTCAAGAGGGGC,1.5571438139673623
196,GGGCACGTGACGCGCACGGCCAATGGGGGC,2.7837866844945056
197,TAAACTCGAACTTCGCCGGTTAATGGGCTT,0.3735380742765238
198,GGGGGCGCACACAGGGCGGGAAAGTGGCGG,2.147404387892102
199,CAACAGCAAGGAGTGAATTTCCCCTGGAAT,0.9408097310268683
200,TGGGACCGCACGGGAGCCGAGGCAGGGGAT,1.9741745745394594
201,ATTCAGTCCACTACCGATGGGACGGGGGGC,1.6086580554532104
202,CAAGATATCTGGTGGAACATCTCGAGGTGA,2.5079620835820844
203,AGAAAGTTGGAAAGCTCGGCGTGTTGGATA,0.3266925303152686
204,CTCACAATTCCATATTACGATGCTGGGCTG,0.6432254415532547
205,TTTATCAATTGCAGCCCGTGGACGGGGAGC,1.577925422819201
206,CATGTCCCCATAACTACGCTTGCGGGGATT,3.2309458273158556
207,GAAGGCACGGCTGGAACGTCCGGCTGGCTA,2.1383105689567943
208,TGCTGAAGTCTCCCCTGATCTGATAGGACA,1.7383268672612664
209,ACAGCTAGTGGCATAGCCAACTTGAGGTGC,2.2593715170749302
210,GGCCGCCATCCTCGAAGAAGACGAGGGTCT,1.4444583285394543
211,CTGTGTGGAGCACCCGGGCCGGCTAGGGGA,2.0392798987668996
212,GAAGAGTTGGATACTCAGCGTCGCTGGCAG,0.12637922556238768
213,CTCCCCACCTTCTTAAACTGCGGGTGGCAA,1.9330600939860036
214,CACTGGCCTACTACAGGGACGCTGAGGCCT,3.589957892404611
215,GACACCAGAAGATGATATGCCGATAGGACG,2.2713217045075016
216,ATTATCTGCAATGGACCGGGTTAATGGGAG,0.7300680222059943
217,CAAAGGTGAGATGATATCAACCTCTGGTTC,0.2685943319997014
218,CGGCGGTAGCGAGCGACACTCCGCAGGATT,1.4795626501154668
219,GCAGCTGCGGCACTGGCCTACTACAGGGAC,1.6178574423922776
220,CGGCGGGGGCTACGGCGGACGCTACGGCGG,1.2204182615604364
221,ATGCTAGGGCGCCTGATTTAAGAATGGGTG,1.1130509321539814
222,CCTCATAGATTTTCTCCCGCCGATTGGCCA,1.324105658548388
223,ACTCTTCGAACTCCCGCTCGATGGTGGTGG,1.9348227641824818
224,GCCAAACCCTACCGAACTCAGATCTGGATT,1.0038119743324343
225,GGACACCATTCAGTCCACTACCGATGGGAC,1.4081917102842276
226,AAATACATGGTAAGTCAGAAGACCAGGAAA,1.4133969382081286
227,CTTTGTGGAATAACAGACTACTGAAGGTAA,1.0295502185195804
228,TAAAAGTTTCGGACTCCTCCACAATGGCTT,0.6581980890980681
229,AAGAATATCCCTCTGGGCTAAAGATGGCTC,1.0342643925267045
230,TCCCAGTTTGGTTTCGTAGGCGCGGGGCCG,1.1283273082650713
231,ACAGGGCGGGAAAGTGGCGGTAGGCGGGAG,4.079582742785229
232,CCAGGGTAGGGATCCATGAAGCAGAGGCGG,1.7683004187472509
233,GATTTGTGCATATTTATTGCATCGGGGCAA,1.952184900880186
234,GAGAAGCCATTGGTGTTGACGCTGAGGGCT,2.0284420543706254
235,TCCCTGGTACCAAGCGCTTAGAGCAGGTGG,0.3121307340656845
236,ACCACGAAAACCCTCACTCGCGGCGGGCCG,1.739105241726276
237,TTACAGACTTTGATGAAGTCCGGCAGGAGA,1.2123856486166424
238,ATAAGATCTTCGTCAACATCCCCCTGGAAA,2.031498943819285
239,TGGACTTGAGCTGTAGTTTGACTATGGGAT,0.38471951230176527
240,TCTGGAGCCTGCCTTCGTCCTCGATGGGTG,2.1101545043851377
241,CCATTCAGTCCACTACCGATGGGACGGGGG,2.563876122071915
242,CAAACTGTGGCAGCAACGTCAGTCGGGCAA,1.650392767645594
243,TGATGCTGCGGCCGTGGCTGCATTTGGGGA,2.48016234416205
244,CCCATTAGCAGGTGGGTTTAGCGCTGGGAG,0.370892445094364
245,ACGGCCGGGTGAAATGGGTGTCGCTGGGTG,0.9506963508899559
246,GGGCGTGGACCCCGTCATTGTTCCCGGCTA,0.3697261048452294
247,GAGAGTGGCGGGGTCGGCGCAGTTGGGCTC,0.9931772925386296
248,CTGGGAGTGGTCGCGCGGAAACTCTGGCTC,0.5812472631887279
249,TATTGCAGCTTGTGCGCGGTAATTAGGTTG,0.24224040673250052
250,AGGAGACAGACACCCCGTCCTCGCTGGCCA,1.5599498896435848
251,GGCAGATTTCGCACAAAACACGGAGGGCTA,1.50752245677182
252,CAAGGATAACCAAGGCAGGGGCGCTGGAGA,1.8028465014695412
253,GGGAGGGCGGTGTAACCTGTGCTCTGGCTG,0.9815502580079869
254,ATCCTTTTAACGGACCCAATGGAGAGGCAG,2.057287170962071
255,CAGATGTGCTGATTGTAGTAGCACTGGAAG,0.6726803380001495
256,CTCTCCTTCCATTGATGGCCGACTAGGCCC,1.1964830282041075
257,GGGTGCTGCGCATTCAATACGGCGGGGTGC,2.354040327512153
258,GCAGAACCGACGGAGGGCGTAGTGGGGACA,3.8206649984455847
259,AGAAATGGGATCTGCCCGGCGCAGTGGCTC,2.0455158376296967
260,TGCTGGACGGGCACGTGACGCGCACGGCCA,2.6633969349257414
261,TGAGTGATGGACACAACACCGCGGAGGAGG,2.588844906606908
262,CACACTTCTACCAATCGCCTTAGGAGGGCT,3.1364248506253847
263,GGGGGGGTGGGGACCCGCTAGACCTGGCAG,1.1280198584660326
264,GACACTCCACAAATTCGCACGCCCAGGCAC,1.9205984131922365
265,GTATAGCTATCCCGCACACTCATGAGGCAG,2.5397133091994597
266,CGCTGGTAATCCCAACACTTAGTGAGGCTG,2.302344621266125
267,GCAGTGAGCTGAGATCCGGGCCACTGGCCT,1.3355697018513146
268,GTGGTTCACATCCCGCGGCTCACGGGGGAG,1.5439145364701947
269,GGGGTCAAACGGATCCACCACGATGGGCTC,1.1772736352177844
270,TGCTTCTCTACAATATTTCGGATCTGGCGC,0.836870402238981
271,CAGAGACTTCAACAGGTATCTAGCAGGTGA,1.4492445110717775
272,ATAAATCGGGAATAAACGTAGGGCAGGCAG,1.0642709689625065
273,GGTGGCACTGGGGGACGTCCCGGATGGCAC,2.305718582524469
274,GGAGCAGCAGCAGCTCCGCCACTCGGGCGC,2.411211864127539
275,GACCCTCCGGATTCGGCGCGCGTGCGGCCC,2.159464001746251
276,GTGGCGAGTAGACTCGAAGGTTGATGGGCA,1.477629749380946
277,CCACGGCCTGTGTCCCGGTAGTCGCGGCCC,1.7975337823721533
278,TCAAATACGAGAGAAACCTTCACAAGGAAT,1.088838587755714
279,CTGAGCCAGTGTTTAAACAGACGATGGTAT,0.9549282839293863
280,CGCAGCCGCAGACAAAAGACCTCGGGGCCG,4.582259460152562
281,ATTTTCTCGGGGGGTCCGACGCCGAGGAGC,1.6866915575038222
282,AGGGGCGGTGGCCCCATCCCAATCTGGAAC,1.3361535975597232
283,GCGCAGACCGTCCCTGCCGGCCAAGGGGAA,2.136657374603739
284,GGCAGGCGCTCGCTCGGCTCAGAGAGGCAG,5.355924475348692
285,TAAGATATCTGGAGGAACATCTCGAGGTGA,2.6261170111924788
286,AGAAGTACTTGGCCCTCCGGAAGAAGGAGA,1.725075056525977
287,ATTGGCTAACCAACTGGTCTAATATGGTGG,1.1598731977361327
288,AAGGCCACAGCCACTGTTGTTAATGGGAGG,0.8915154777017993
289,GCTTCGGGCGGCAAATCCGGCGGCGGGAGC,2.2474533898478124
290,GAGGGCGTCAGATCTCATTACGGGTGGTTG,2.1962296466643303
291,CCCATGACAGCTTGCGAACAATCCTGGGTG,0.5303045548140307
292,GCGCCACGCGCAGACCGTCCCTGCCGGCCA,2.2885029837344373
293,CATCTCGTCCGTGGCGCAGAGTTCCGGGTC,1.06301838143311
294,CCAACTCTTCGAACTCCCGCTCGATGGTGG,2.492115383600151
295,TGTGAGGGATGTGGAACACTATGTTGGTAA,1.8989021588598118
296,TCAAACCGAATACACCCGAGACAGTGGAGG,1.7044797440935693
297,GAGCTAGCGTTACACAGTAGAAGCAGGTGC,1.2336566968850027
298,GCTGCCCAACGCACCGAATAGTTACGGTCG,0.7128627776374176
299,CTTGAACTTGCCTTCCTCCTGAGTAGGAGG,2.133146908750716
300,ACGGGGTTGGCAGCGTTCGGGCCCCGGCTG,1.5711609382402851
301,GGGAGGCGGAGGAATATGTCCGAGAGGGAA,3.168499656194505
302,AGTAGTAGCAACAGGTACCGTCACAGGAAC,1.048175446317619
303,CAAAGGTAAGGTGTGACATATCATCGGTTC,0.7931528956645546
304,AGGTGTACCCATTGCTCAACTGTATGGAGG,1.4033844038820131
305,GGGGAGGTTCAGACTTCGGGAATCAGGGCG,1.2614423172167253
306,CCAGTCACTTGCTGCGCTACCGTCAGGTGG,1.4379870904326684
307,ACCTCGGGGCCGGCCTCGCAAAGATGGCGC,2.212649096010652
308,GCCGGACGCCTGGAACGCAACTCCAGGCAG,1.3198902494042113
309,AGGAGTTGCACAGGTACGGCCTACTGGAAT,1.4486074726265261
310,TCTGCAATGGACCGGGTTAATGGGAGGCTT,3.6048748096163883
311,GTTTACGTAGCATCGCACCAATAGTGGGCT,2.0837034718265004
312,GTACCTGAAAGCCTAGTCAGCCCGAGGCCC,2.1579648332775743
313,ACGAGCCTATTTAGGGATGACAAGTGGACA,2.0648466025015098
314,GCACTGCAGAGATCTAGGCCCTAGAGGAAT,2.417483271380849
315,AAAAAGTACAGTATTGGACACTGCGGGAGA,1.3696852272276598
316,TCCTGGTGACTAGGATGTCGTCGGAGGAGG,2.8071302330349694
317,GCGAGGTCCTGCCGATCCCGGAGAGGGAGG,1.837697151206789
318,GCAGCAGGAACCACGCGCTGTTGAAGGGCT,2.1760251995068236
319,ACATGAAGTGCATCCCATCAGTTCTGGGCT,1.140592664255246
320,ATAGCAATACGAGCCATCCTCTGCTGGCTG,0.7375371508992034
321,TAGGATCAAACGGATCTACCACGATGGGTT,1.740698446014817
322,GCGGGTACTGCGCCGCGTCCATGTAGGAGT,0.7176159673789554
323,CCTGCTCAGCGCGGCCCACGCGGGGGGGAG,1.3037681747002978
324,TTACTGAAAGAGGAGCCCGTCGTCTGGCTT,0.3176286129473439
325,ATCTCTTTATCCTAAGAGTTGCCCTGGCCC,0.3383535963769399
326,CCGAGAGGGAAGTGTCGACTGCGCCGGCGG,1.5149648102354278
327,GGCCGCAGGCATGTCTGTTCCCGCCGGCGC,2.1289006866906477
328,TGATTTCTGGATCCGGATTACCACTGGCTG,0.6561993682326662
329,ATAAGGTCCTCGTCAACGTCCCCCTGGAAA,2.313708841659539
330,GAAGAAAATGAGCAACGTGCCACGAGGATC,3.2008285446183447
331,GCTGAGACCGAGCAGCCTCGTGACTGGGCG,1.9208596921522656
332,TCATGATGATGGGCAGCGCCCGAGTGGCGG,2.728848386870294
333,GAAAGCTGACGCGCTGGTAGATCCTGGTGG,1.7399827553303329
334,AAAGGACGTCGATCGAGGCGGTGTGGGCAG,1.1376223001533126
335,AGACCGATGGTTGTGTCCCGAACGAGGGCA,2.410721943039629
336,TCAGACACGACATGTGCTCAGCGGAGGGAG,1.8687917441458481
337,GTTTAATCCGGGGTCCTCGCACAGAGGTCT,2.130127164050109
338,CACACAACCGACAGCTGAGACGAAGGGCTC,1.899380496303374
339,GCCTCACAACGATGTTCTTCAGCGGGGAAA,2.7520545286751847
340,ATTGCCAGTATCATAGCACTACTAAGGAAC,0.47723679236090455
341,GAAAGGGCGGCGATCAAGGCGGTGCGGACA,3.7179963936853357
342,AGAAGACGATTAATGCAAGAACCTAGGTTA,1.3629554600914335
343,TGCCCTCGTTCGGGACACAACCATCGGTCT,1.2269576949584233
344,GACCTCGCTCGACCTAGGCTCCCGTGGACT,1.3470979583756253
345,AATCATTGCAGGTCAGATCAATAGTGGATT,1.9747906370792545
346,TCGCCGAGATCAGTCATCCCGAAGAGGAAG,2.0992334405151443
347,CTCGACCCCACTGTGGCGGCGAGATGGCAC,1.8835838182703954
348,TGCCCCAGTTTGTGGATTCTGCCCTGGTGT,1.8662110292495846
349,CAGTGCTATATACAAAACACCGCCTGGAAT,2.4568197135522754
350,AGCCTCCTCCACGAAAGCCCGTCGAGGAAA,2.44991400776923
351,CAGATGCCGGAGTTAATTCGCTCAGGGCTC,0.12616106009067551
352,TGCTGCGGGTTGCCCTGTTTGCGGCGGGAC,1.5516632592027984
353,GAATGGGAGGACGCTTGCGGGATAGGGAGG,2.256220627620377
354,TCCTGGAGACGTCCTTCCTTGTCGTGGCAG,1.3272119452977054
355,CACATCACAACCAATTGTTGCTCCAGGACA,0.7376597235908334
356,AAAGACTTACCAGAGACGCCGGGAAGGGGG,2.1019197559720255
357,TGCGAGCACGGCCCATAGGATCGATGGCCT,1.5916157140025875
358,ATTCCTTGCGGGTTTCCGTAGCACAGGTAT,0.2526245299424461
359,CCCAATCCAGATCTGAGTTCGGTAGGGTTT,0.8140942250716656
360,AGGATATTAGAGGGTACTGCAGCTAGGTCC,0.7619960964160862
361,CCTTGAAGGGGATCATCTCGTCCGTGGCGC,2.8462378312877017
362,TTGTGCCTGTATATTATCCGAGGATGGTTT,0.6696194322474538
363,TTACATGAGATGCGGTACTCTGCACGGCAA,1.055742152330305
364,ATGGTTAAGTAGTAGAAGCCTGGGGGGTCA,5.062319216484524
365,TCTGTGAGTTGCACGCCGTAGCGGCGGCCC,1.2093571774678689
366,CTCTGCACCACTGGACGTTTGCAGGGGAGG,1.7555430727957853
367,TGCAAGCAGCCCTTCAACAGCGCGTGGTTC,3.3338975964042525
368,GAGTTGCGGGAAGCTAGGCATTGGTGGTAC,3.5333286123916086
369,TTAGAAATCGCAGCTAACGTGTGTAGGCGT,0.15501294333869442
370,GGATTCTTGGACCTCGCTCGACCTAGGCTC,2.40146469966316
371,ACACGCACGGCTTCCGCATCTACCTGGAGC,1.7190512872676762
372,CATGCTAGAAGCCGAGGCAGACCCTGGGGT,2.304107205299698
373,GAAAATGATAGCCATCCCTAAGTGTGGAAA,2.1914497469140923
374,AAATTTTGGCAATAAGATGACCGAGGGGCA,1.4475577352744744
375,AGGGCCTACAAGACAGCGCAAATGTGGCTT,2.410313680795211
376,TGAAGGTGGTTGAGCGTACTCGCACGGCCA,0.5503282869644032
377,AGTGGGCAGGTTATCTGGGCACATGGGGTC,0.60867414197401
378,AATGGCTCGTTGTGGGCACTGTCGGGGTTG,1.2909631461053976
379,GGGAGGTGGTGGAGACTGCTCACGGGGCAG,2.0236754178534717
380,CTGGGAGTAGTCCGCATCTATCACAGGAAA,0.5529492256473522
381,GCGGGAACAAGCTCTACATCCCGTAGGAAG,1.7082544838246811
382,AGGGCCTGTCGAAAGCTCTTCCACGGGACT,1.2813785703723963
383,TACCTGCTACAGTCTCCCGTACCCAGGTGT,0.8728140167426099
384,ACATACAAGCACTTAAGTTTACACTGGTTC,0.3089764821495324
385,GGGCGGCTGGCGCGCTGTGTACTTAGGTCG,0.9522404787070413
386,CAAGAAGATGCGCATGGCTCGATGTGGACA,4.252765065434257
387,GGCCCCTAGACCAGGAAAATCCATGGGAAC,1.639768422971533
388,TTCGGGTTGTGCTCACAGTCGCTGAGGTGA,1.9388842250639327
389,ACCATCAGATGAAGGATCAATCTCTGGAGC,1.737847706787803
390,GACTTCGACAACTTAAACGGCTTCAGGCAA,1.2466576001197887
391,CTCTGTAGCCCAGACTCCCATTATTGGAGG,0.287173235444173
392,ATGTTCCGCATGATCCGAGGTACTGGGCGC,1.313248410657472
393,TAATTCGTGCACGGATGTGAATCTTGGTGG,0.7457314030964391
394,ATTTCTGCCGATAAACAACCAATGGGGAAA,2.8485621898864975
395,GCTCTAGGCAATCTGCCCTCGTTCGGGACA,0.5853021799712007
396,ACTCACAGGCTTCATTGACTGAACAGGTTG,0.16531116777907803
397,ATTGGGGCTCAAGTAAGGGACTCGAGGTCC,2.251617946921078
398,CGAAGATAGAGCAACGGGTCATACTGGATA,1.1212518260819209
399,TACAGCTCAGTACAGGACGTGTCCGGGCTG,1.3777954165106912
400,TTCAGGGGCACATTAATTCGTGCACGGATG,0.4263908735779775
401,AGCATCACTAATCAGAACGGATCCAGGGAT,1.5377208867184158
402,AAAGCCACATTTGCGCTGTCTTGTAGGCCC,0.2636830501980191
403,ACTCTTGAAAACCGGAATCGAAAATGGAGA,0.9568617784623381
404,GTGGACGCAAAGGTCGTGGATCCAAGGTTT,0.45874557061233917
405,ATTTGCTCTTCAAACCTCCTGTAGAGGTAA,1.1220446725954023
406,TCTTTATCCCGGCGTGCAGCCACGAGGTCC,2.495324417803531
407,GGAAGTTATGGTACTGATGTAACCAGGTGC,0.7061815078573092
408,ATCTGACACTTGAAAATCTTTGACAGGAAC,1.2291650012277726
409,CCCTGCCTGGAGGTAAGCTCTGCGGGGATT,3.632893680896085
410,CTGAGGATCGCCCTCGTCCTTGAAGGGGAT,0.6866997395776082
411,TACATGCGACTTCGACAACTTAAACGGCTT,0.4711151145345651
412,GGGGTGGGTGCGCGAAGCGAGCTCTGGCCG,0.9112558629080935
413,GATGCATCACACTGTAGATCTCCTGGGAGA,1.079550763109725
414,AACTGTACTTCAGGAGATTAAACGAGGAAA,2.677185101074956
415,CCGCCCCTCTTGACACGACGAACCTGGCCG,0.919240821258298
416,TCCTTCAGGCATTCCACTCTTGTAAGGAAA,1.6779916781302038
417,CCGTCGTCTGGCTTCCGACCACTCTGGAGA,1.1983148710644353
418,TGTTACCGGTGAAGAAGCCGAAAATGGAGC,1.470871223591675
419,TTGAGCGTTGGGTGGTACTTGCAGAGGTGG,1.1697082480759273
420,GGATATGTAGGGCTTGGCGAGTCTAGGTCA,0.269774620735748
421,TCGTGGTAGAAGGTGTAACTCCGGTGGGAG,2.2717751982247743
422,AACAGTTTAGCCAAGTATCATGCATGGTTC,0.7075903516653071
423,AGTGGCGCGGTAGTCGTGACCCGGCGGTCC,2.6628003277848813
