,30mer,GNL-Scorer
0,CCTTACAGGGCGCTCCATATTCGCAGGTGC,0.4993380638488758
1,ACCTTCTCAATTAAATCTGACGTCTGGGGT,0.29535953114905866
2,TCGGCATGATTGCCAACTCCGTGGTGGTCT,0.645773279311219
3,ATAGTTTCTTTGGTCCCACGCCTGCGGCAC,0.2488767940931338
4,CTTACCCACTACTATGATGATGCCCGGACC,0.23792661388517278
5,ATGTGCGCACCTGCATCCCCAAAGTGGAGC,0.43128955164711424
6,TTCCTGTAGGAGCACTGTCGACCCTGGCAT,0.6122071789353896
7,TGGCCAAGCCGTGGAGTGCTGCCAAGGGGA,0.37158022794106715
8,GCTTGCGATGCCGGTACATCCAAAAGGCCA,0.4639052588747219
9,CAGTAGTGGTTGACGAACTCGGTGGGGCGC,0.730797839503329
10,GCAATTGCTGTGGACCGCTACCTCCGGGTC,0.334777252491248
11,TCATGGGCTCCTCGGTGTACATCACGGTGG,0.528720939568514
12,TGGAGACACAGGACGCGCTGTACGTGGCGC,0.6687146857033026
13,CTTGGAAATGTTCACCGGTGCCGGCGGTTG,0.572206242433404
14,TCGAAACTGACGCTCAGGAGATCGCGGAAA,0.41335140469969245
15,CCGTGTTCACGAGCCGCGCGCTCAAGGCGC,0.307765345048884
16,AGTTGTACTCCAGCGCGCGGCTCACGGCCC,0.38322438650705504
17,GCCCGCCGAGTACTGGCCGCGCGGCGGCCC,0.7361596638620296
18,CCTCCGAGCCCGGTAACCTGTCGTCGGCCG,0.48903320956867535
19,TGGCACCCAATGGAAGCCATGCGCCGGACC,0.5826230913115724
20,TCTGGAGTCTCGGAGTCCAGGCGATGGCCA,0.58513065838385
21,CAAGAAAGGTGACCGAAGAGCTGACGGAGA,0.5323612696916131
22,CAGCAGAAACCGACCGCGTATGTGAGGCCA,0.5131929148588252
23,CCTGTCCGTCCATGGGCCGCACATAGGCAG,0.5339646641408704
24,GTCTACACAGCTATGGAATACCGCTGGCCC,0.4902241580259392
25,TCACAAGCCCGAAGTGAAGACCGCTGGTAA,0.5067366389172947
26,CCATGAGCGACGTGGCTATTGTGAAGGAGG,0.556237418161156
27,ATGGTCGCCAACAGCCTCAAGCAGCGGGCC,0.5394564944527962
28,TGACCTCTCCAGTGGACGGATTGACGGTGG,0.2697273603928909
29,CCGGGCGTAGACACGGAAGAGCGAGGGCAC,0.848059907611856
30,CTCTGTAGTTCTTTCGCTGTAGCAGGGCTG,0.40745652795091636
31,ATCATCTGCATCATCACGCCGCACGGGTTG,0.49712548763488873
32,TGGGGAACAACCAGACGGCGGTCCAGGACA,0.36746985757175366
33,CCACGTAGAAGGCGGCTCGGAGAACGGAGA,0.4371367515233253
34,GGGGAGATGCTCCACATCCGCTACCGGCTG,0.3302797715357011
35,AGCCTACGAGGAAGGCCAGCGTCACGGCGG,0.6281391208282916
36,ATGGCTGCACAAACCGTTCGTACCAGGACA,0.2387365614844026
37,CAGCAGTCGCTGAACTCGAGCGCTGGGAGC,0.3743097794018724
38,GGAGCCGGACCTGAAGAACTCGAACGGGAA,0.46705343007719025
39,GTGGCGTCCAGCCGGTGAGCATCCAGGCCT,0.28865947467064657
40,TGGCATCCGCCACATCTTCGTGTATGGGCC,0.08920182670565413
41,GTTCGCCAGCAACTGCTCGATGCACGGGCT,0.3924814614854595
42,TCTCTCTCCTCGATCGTCTCCTTGTGGCTT,0.3993527341290457
43,TGGCCCCGAACGGCCGGCGCCACACGGTGA,0.4852305482398305
44,AACTCCCATCTATCAGACTAGCAGCGGACA,0.6562422681055537
45,TGGTGCTGGCGACCGGGGGCAACCTGGCTG,0.39108360586139
46,GCATCTTCGGTGAAACTTGCTCCGAGGTCC,0.41525484349270636
47,CAGGGGGTAGATGCCGCTCAGGCCTGGAGT,0.402884828540804
48,GAAAGTTCTTCGGCTACTTCTCCGCGGCCG,0.6130131153087677
49,CCTGGCGGTTGAAGCGCAGGTAGAGGGAGT,0.4157332129031821
50,AGAAGTCGTCGCCGGCCTGGCGGAGGGTCA,0.5878702411905701
51,GAGCTCGACATCTACAACAACCTACGGCAG,0.598617236127321
52,ACTGGATACAGCTGTCAGCCGGCGAGGCCA,0.6136812635479838
53,GGCAGGTCGGTTCGAGCCGAGACGAGGAGC,0.6815943446922745
54,CTGAGAGTTTGTAAGGAGCGCTCCCGGTGC,0.36973856735613175
55,AGCTGTGAACGTTCCCATACAGGGGGGTTG,0.6798239883863821
56,CCATGGTGGACCCGGTGGGCTTCGCGGAGG,0.3722942432929912
57,TCCTGCCCCGGCGGCAACTGAACGTGGCAG,0.6494958816543512
58,CTGATGACACAAGCGGTGACGTTGTGGCCC,0.4807506752776487
59,ATCTGTTGGCGACAGAAAAGTCAATGGCCA,0.38120043449798
60,TTTAATTGGCCGACCTTCCTTGATGGGTTG,0.09011545802308651
61,TTTGTTGATGGACCTATACACCACAGGGCT,0.4922233533846512
62,CCACCGCCACGACAGTCGCCCCCGCGGGGA,0.359863626177255
63,GGACATGATCCGCCCTTGCCTTAAAGGTTG,0.05307355802765934
64,GCATCAAGCAGTGCATCCGATCCATGGCCT,0.46154076907115194
65,AAAAGTCTGGATAATCTAATGAGCTGGAGA,0.35371788693950257
66,GCCAAGCGGACCATCAATGCCATCTGGTTC,0.22380360227660567
67,TGGCCCGCTTCGGAGACGAGATGCCGGCCC,0.2904118293205895
68,CGGCCGCCCAGCTCGTCCCCGAAGCGGACC,0.446217779926269
69,TCTGTGCTTTCGTCTGCTTGTAGGCGGCCG,0.34165277831063334
70,TGGTTTCTTCGCTTAGGGGTCCCTAGGCCT,0.04207604634875062
71,CCTGGTTTGAGCGCATCAGCATGTTGGTCA,0.3375708064726439
72,GCATGTACCAGCCGTGCGACGACATGGACT,0.4797141374645222
73,CTGGATAATATCGAGCTAGGCCAGTGGCAC,0.6259308640307604
74,GAGCAGGAGGTCGACGGCGTGATGCGGATT,0.5435141004736572
75,AAAATCCATTGCTGCTAAGTACTCCGGTTC,0.2941859539216578
76,GCCTTCTCGAGCTGCGCTAATGCCTGGCGC,0.4521801640030578
77,CATGTATGACGACTCCTACGTGCCCGGGTT,0.36502325682111336
78,GTCCTCCTCCTCCTACGCCAAGAACGGGAC,0.44293664358603557
79,GGATTTGTACCAAGCGCATCCCCATGGACG,0.49918688300628244
80,TGAAGGCAGCGAAAGCACCAACGGTGGTTA,0.6817139319868513
81,GCACTGAGGACGATGTTGTTCTTGCGGCTG,0.35902619371936595
82,TCGGTGCTGACCGCGATACCCAGGAGGCCC,0.5915444538387997
83,CAGGTCGGGAGAAAGGTCGCTGTGTGGCCT,0.44763809339522664
84,TCCTCTTGGACTTGTAGACGCGGGAGGCCG,0.5657132996839875
85,TTGATATAGCGGCTGAGCATGTGCCGGTTA,0.5842299218541942
86,GCAGACATCATCGAGTATTTCCGCTGGAAC,0.4799839215796
87,CCTCAGCGATGCCGGACTCCCCAGCGGAGG,0.7068931547485928
88,GCTTCTCTGGTCGGGCACGACGCGCGGCAT,0.42246484441369647
89,CTAGAAGAGCAATGCGTCGACCCCCGGCTG,0.4496311386315204
90,TAGTCCCTTGGAAGAGCTTTCGACAGGCTC,0.34344931108996146
91,GTTGGTGAGCTCCTCCAGGCGGAACGGCGA,0.503551376143917
92,CCAGCACGCTGAGCAGGAATATCAAGGAGT,0.37643923410643443
93,CCGGGTCCGGTTCCCTGCACGCTCCGGTTC,0.5176714876333173
94,TGGCATCGGGGTACGCGCGGCGGATGGTTT,0.4053585767850598
95,GCCCTGCGGACCGGGTCCACCTCGTGGCAC,0.6157357177221305
96,CGGGGTACGTAGCGCTCCTCCAGGCGGAGC,0.6677319276303706
97,GGCCTTGTAGCAAAGCTCCGGCAGTGGCTC,0.6116354479617145
98,CTCCAGCTATATACTGTATCCTCTGGGTAA,0.2537318912984097
99,GTTCTGGTCCTGTTCAAATACAAGCGGCTC,0.50141585086433
100,AGTAGGCAATCGGTACAAATAGCCTGGAGA,0.13414591586238922
101,TGGCCAATTACACGCTGGCACCAGAGGATG,0.4577354125216424
102,GGTGTACCGCTGCATGATCAGCTATGGTGG,0.3467406922938525
103,CTGAGACGACCGAGCGGTCAGCGAAGGGTT,0.6351141187551661
104,GTGCAGCCGCGGAGCCCTGTACACAGGCTT,0.3767919306636498
105,GGAGGACGCGCCACCAGGTGACGTTGGCGT,0.5776254844169102
106,GGTGGCTATGAGGTGCCGGACAGGTGGCGC,0.6438083966515187
107,TTCTTCTGGATGTTGTACTGTCGCAGGACG,0.4644663226772052
108,ACACCGGGCCTGACCCCGTGCTTGTGGGCA,0.13930090100393866
109,TTGACGCCGAGAGCTACACGTTCACGGTGC,0.1396000477563728
110,GCGCTGACCAGCAGTACGAATGCGTGGCGG,0.746500220531261
111,CGCGCGTGCGGCCCGCCGCGAGTGAGGGTT,0.3522003334692312
112,ACGAAGTTCTGCGGCGCCAGGTTGAGGCCG,0.4858029921828224
113,CCATGGAGTCGGCCGACTTCTACGAGGCGG,0.7174787205191209
114,CCGGCCCGGCTGTACCTACGCGGTGGGCGC,0.7132133153019053
115,CCCAAGGAACGACAGGGCCCCACTTGGTCT,0.23058174545329058
116,CGATATGCGCCCTTGGCCCCGTAGTGGCAG,0.41779039899388803
117,ACTGGCTGGAGTTTGGCATCGTGCTGGTAG,0.5295345393380115
118,AGGAGCAGCTGCTCAAGTACTCGCCGGACC,0.6508229148140228
119,GCTGCTATCAATAAATCTTGCTGACGGCCC,0.324798090684693
120,CCCATGAGCAGGTACGTGGTATAGAGGTTC,0.44904625276420695
121,CTACCTCCACGGTGGTATTAGTTGGGGTAC,0.40620394355395906
122,CAGACGGTACCACCGATGACCCTCTGGGAG,0.32447902732121015
123,GGGATGATGACGTGACCAGGCGCACGGACT,0.5757267554647896
124,GAGTGGACAGATGCCTACCTACGATGGGAC,0.5458803959417189
125,TGGGCTCCGAACATGAGACCCGTCTGGTGG,0.2904916343642643
126,GGGGCTACAACCGCTGGGCGCGCCCGGTGC,0.17421917681038424
127,GGGTCAGACACGTTGGCTACAGGCCGGATG,0.5879177268787383
128,CGGGTCGGGACCACTTGTTGTAACCGGAGA,0.22654239752925887
129,TGGAAAACGTTTCCGACCCTGTCACGGTAC,0.24543833647149493
130,AGATAGGCATCGTGCCAGATTTGGCGGATC,0.23312213821137218
131,TATGATAGCTCCGTGCGGCCAGCGCGGGAG,0.4606671029117455
132,CCTACGACCGCACAGAGATCGACTTGGTGC,0.4502657356846749
133,TCATCAGGATTCCAGCGTAACTTGTGGTCT,0.4955614013239962
134,GAATGGACTGATTACCGCCTGACCTGGAAC,0.4478805877048002
135,GCTACAACAAGGAGCTCCGGCCCGTGGCAC,0.5545690259297098
136,AGGATTACCGACTCAACTACAGCAAGGACG,0.7415607576424565
137,TCTCGTTCCGCGGGCCGCAGGTTGGGGTCG,0.5193609973003184
138,GAGCAGTCGCTCACTGGTCTCACTAGGAGA,0.34486373507102197
139,GAAGCCTTCTCCGTCTGGCGGGATTGGAGA,0.0540887456222886
140,CTCTGTGATGATATTAGTGACCAGCGGAGA,0.611833379722927
141,GCCCTTTGAACACTGCACCAGCTACGGACT,0.24265841476648453
142,GGTCTGCTCGTACTGCAGCGCCCGTGGCTC,0.5138073294578962
143,ATAGCGGTTGCTGGAATGTCCATCAGGTCT,0.1663508515996901
144,TGGCAGCAGGTTCCGGGATACCCGAGGTCA,0.6527795049549219
145,TGGAAGCGAATTCTTCCCGGGCGTAGGCAT,0.38917748859118184
146,AGGGCGTACCTTTCACCCTCACCACGGTGG,0.6902248777706816
147,GGCTGGAATCGATGGAGAAAGCATCGGCAA,0.662949453366082
148,AAGAAGAGCGAGGTCCCCGAGTGATGGTAG,0.6129735212078622
149,CTTTGAATACGGTTGCTCTTGTTACGGATA,0.12862338582470934
150,ACCCTGTGGGGTATAGCCGGCACATGGTGG,0.37695065666863514
151,ATCTCGAGTCGCTACGTTCGCACCTGGAGT,0.45181414783242335
152,AGGTGGAACCAGAACCGAATCCTGAGGAGG,0.7996094189083036
153,ATACCATCGACACGCTCAACATGCAGGTGG,0.33845459873282957
154,CGGCTATCTTTGCGGTGGAACACGTGGAAG,0.5472977197776323
155,ATCCTGTCCTCCCACCAACTCCGCCGGAAG,0.6288688347496303
156,GCCCAGGCGCTCGTACTGCACATGGGGTGC,0.5368389940261626
157,CTTGGCCGTGCGTCAGGAGGGCGGTGGCCG,0.6959949359556206
158,GGGCAGCTGTACTAGAGTTACGGTGGGAGC,0.5564273613256785
159,TGGACGCCGTCTTGGAACCCTTCCCGGCCG,0.024382822595552578
160,TGTGCTGTCATTCGCCGAGAAACCGGGCGA,0.32652272436190777
161,GCTAGTGCGGTACTGCTGCAGAGCCGGCGC,0.35230487467495464
162,GAGCAACGGTGACCTTGCGATGTGTGGGCA,0.45498058343593395
163,TACTCGGGCCACGTAGGTGCTGCTGGGCAT,0.35658071296707416
164,GGGGTCCATGGTCCGCAGCATGGGGGGCTC,0.5546476169144243
165,TGGAAGACTGGCGGGGACAGTTATAGGAGG,0.07555381734774669
166,TGGGCAGTTGATGCCGTGGCAAACTGGTAC,0.14835352341658425
167,CTTTAATCTCGACAAGCTCATATGTGGTTA,0.37030951725481187
168,AGTCATCAATAGTGTCATGGCATGTGGCAG,0.351062827864129
169,TGAGAAACCCGCAGCCCCGATTCTGGGACC,-0.027559398283487746
170,TCCTGGGGCGTAATACAATCTCGGAGGTCT,0.5786996215015163
171,GGGTTATTCGAGTGACCGAGACCGCGGCCG,0.6682653325359074
172,GGCAGCTCTGGCCGATGGAGCTGAAGGCGT,0.5348573826306751
173,AGGTGGAAAGCGGTGACACGCCAAAGGACC,0.5366055838832835
174,AGCACTGAACGTGCGAGACAATGTTGGGGA,0.2954091204611624
175,AGCCAACAGCGAAAAGACCAATAACGGAAT,133.3057632933971
176,ATGGATGCCCAAATGCGTTAAGTTCGGATG,0.07925280406344748
177,TGTCTCTGATGTGCTCAGCCCGAGCGGAAT,0.46310703673125797
178,TTTCTTACTGCTCATGGATTACATCGGTAT,0.2820571339742095
179,ATTCTCGCAGCGTTTCGTCAGAGCCGGACC,0.38258782658902835
180,AGCGATGCGACCCTCCGGGACGGCCGGGGC,0.32071847824534694
181,AGGTTCAACCGGTGGCTTTTTGGAAGGTGT,0.24950744174795214
182,GGGTTAGCGACGGCAGCAAGGTGTCGGTGT,0.5943201272545737
183,TACACCACCCTATAGTGTATATTGTGGATT,0.20042492268541023
184,CTTTCAACCTCTACTATGCCGAGTCGGACC,0.2475010023473725
185,CAGCTGCTCTGTTCTCGACAGCTTCGGGGA,0.21942629418769855
186,CAGAATAACTGGCTACGAACTGATTGGATC,0.32684546641500645
187,ATTTATTGGATTCACGCACTGTCATGGGGG,0.19525732608074287
188,CGGGACCTCGCGCAGGGGGCGCCCCGGGAC,0.2999720626231619
189,ACTATACCCCGATACGAACATACCAGGTGT,0.4316105702749893
190,GCGCACGAGCTGGGTCCCCCGAGACGGCGC,0.47004631904673877
191,GGGCCCCCCGCCGGTTGATGAAGGTGGTGA,0.5730486630057703
192,ACGGACCAAGTTTATCCGGCGCCGTGGCGC,0.6674899976789543
193,ATTGCACCCGATGAGAGCTTCTCGCGGCTG,0.5163461945448928
194,CCGTCTTCTACTATGAGAGCGATGCGGACA,0.4052170008083693
195,AGCCAATCTCAGATGTCTCTCCGGTGGTGT,0.725306931372605
196,TCAGGATACCTTTGCCATCTGTGTCGGCTA,0.4045104208430814
197,GTGACAGGGGTGGTATTGTTCAGCGGGTCT,0.1715030542082523
198,TCTGGTATTGGTTCTCAGCATCGCCGGTCA,0.34072121503966324
199,GGGTCTGGGTGAGCCTTCTCGTGGCGGCGG,0.511345659157268
200,CCAGGCTCAACGTGGACGGGCTCCTGGTCT,0.2576710289684052
201,TCTTAGCCAGGTGTGGCGTTCCGTAGGCAC,0.4486290784875073
202,CGTTCCCTTGGATCTGATGCAGTAGGGCCA,0.2626527380285473
203,GAACCGTTGCGCCAGCCCTGTTACTGGTCC,0.13700658175596947
204,TCAACTCATACACCGAAACCTGACCGGGCC,0.21775239884991615
205,CGCTTCGCGCAAGCTCCCATTTCCGGGCGA,0.169239740447235
206,GGAGATAATCGCCCCAGTTACCATCGGCAA,0.44611421291741626
207,CCTCGGTCCATGCCCCGGCCACCACGGAAG,0.5024961990335834
208,GTGAAATCGAAGCAGGACTCCATGCGGCAC,0.5415409686821884
209,GGCCACCACCGGACCCTGAGGCGCAGGACA,0.5076269836853822
210,GAAGTGCGCCTGGGAGCTGCTGTTCGGTGA,0.23695019970208664
211,CAGGTGGTAAAGACTATCGGCCTCCGGGAA,0.20970059351322834
212,AACCTTACCCATTAAGACCTTTCGTGGAGC,0.26907015746292795
213,GACCCCCAGCGTCTACGACGAGAGCGGGAG,0.47813551633581275
214,GGTGGCCGCCTGCTTCAGTCTGTGCGGCCC,0.3775698509354073
215,AGGCGGAGTTCGGGACCCACGAGTCGGACA,0.6278077279607712
216,TCCCATCACGGGGGCCGTAGTAGAAGGCCA,0.3013716492362317
217,TAGGGGATTCCCAGCACGCTGATGTGGGGA,0.41891770222221925
218,CTCGAGCAAGCGACCCCAGTCGAAGGGCTC,0.4943383900110181
219,CCCACTGCAAGGCCCGGCGCACGGTGGCGG,0.67084570227899
220,AAAAGAATGACCGGCTCGTTCGACAGGCCA,0.18479064160549696
221,ATGAACTCCGTCCGAGCCGCCAACCGGAGA,0.387520320554408
222,TCCTGTCAGACTGGAGCACGTACCCGGAAC,0.37541032813797925
223,GCTGCTGGCTGACCGCGCGAACGCCGGCTG,0.5707460825500295
224,CCCAGCGCAAAGGCGGCCACATAGAGGCCG,0.4771262634152189
225,CAGACGACCTTGGGCAGGTACCAGCGGAAG,0.5363116933154151
226,CGGGCGACGCGCCCTTGCGCAGCCTGGAGC,0.10357413295406825
227,GGGGTTCTTCTGGTTCGGCCATCACGGCTC,0.13551672172744078
228,GCTGAAGAACGGCAGGGAGTTCCGCGGCGA,0.6413432226100131
229,GGTAGGAAGCTGGCAATCTCTAGGCGGCCC,0.5297143228917995
230,CTCTCTGGGTCGTCTGAAACAAATCGGCCA,-0.04370392505730891
231,CCGGCGAGGTCGAGCGCCTAGTGTCGGAGC,0.44279335946479903
232,TCTCTGCCACTTCTGCGAGCTCCACGGCCC,0.34187666377927206
233,CCAGTCCCTCTTTGACTCAGCGTACGGAGC,0.3613744511076806
234,GATGTTAGGTGACGTAACCCGGCAGGGAAT,0.5726672327401445
235,GGCCATGCCGGCGTTGGCGCGCGACGGCGG,0.521383842755963
236,GGCGATTTGAACGCGATTGCAAAGAGGCGG,0.36368899706704183
237,TCTCCGCGCTCTCGCGGATCGCCATGGCGA,0.4501565126906848
238,GCGCGGCTGCCAACCCCGACGCCGCGGCGG,0.6240283630565653
239,AGTCGGGATCTAGGTCTATGATCGCGGCAG,0.5569114296094011
240,CGAAGACCGCCGCACTCTAGTAAGTGGTTG,0.5213482266811427
241,TCCAAGGTCCGACGATCACCTTCATGGCCA,0.24818086481406065
242,CTGAGACCATTCGGAATGGTAGGATGGCAC,0.4955016593684556
243,AGATTCGTGCGACGGCGTGGAGTGCGGCCC,0.44158253154723903
244,GGGATATGGCTCGACTGGCGGCTATGGCAG,0.34209923073272575
245,TCCAGTTGCACGAGTTCGCGCCGCTGGTGG,0.46037035920845604
246,ACCGCCGGCGGCCCGGGACTTCTTAGGCGC,0.1869311948630592
247,CACAGATAGAGCGGCACGGCGGGATGGCCT,0.5142514179856712
248,GCCGCGACGCCGAGGTCCTCTGCATGGATT,0.3859807327411111
249,GGCGGGCGGCGCGGCACTGGAGATCGGCCG,0.37433638904974353
250,ACCAGATGGAAGTCGGGGTCACACCGGAAA,0.5620696873325086
251,CTCAGGCGATTGTCATAACCATCTAGGAGT,0.3088045194259321
252,CATAAGCGTTGTTCTGTATCATAACGGAAG,0.3547487094962938
253,CGATGAATGACATCGGCGACTACGTGGGCT,0.48740062073041224
254,TGCTGTTCAATCGGAGGACTTTAATGGTGC,0.029233763222403897
255,AGACATCTCGTGGACTTCTCTTCCGGGCCA,0.184042134136994
256,AAGAACCTTGATGTGACCAAGATCCGGAAG,0.3935496857997691
257,GTTCTCCACGCCGATGCCGAACAGCGGCCC,0.7089307549744572
258,CACCATGAACGTCTCGGGCTGCCCAGGGGC,0.2510218269500675
259,CGCGGGCGTTACGCGGCGTGCGCAGGGCGC,0.5331996708889883
260,CAGCCAGGTGGAAGGATGACCGTCTGGCTT,0.5095565298255658
261,CAGCCGGCATATGGTGAGCCCCCTGGGATC,0.0947555067289998
262,GAGGTGGCGCCCGAGCAGCCGCGCTGGATG,0.48015914532774007
263,ACAGATTCGCGTGGATGGCATTGCGGGTGC,0.11014427312883435
264,TGTGAAACGGGATTGTACTATCACTGGCTG,0.29458340287217855
265,AGACAGGCTCTAAGGGGCAGACGGCGGGGG,0.5677090024530764
266,GACTATAGGGTCAACATCTTCCTGCGGCAG,0.6462319871204736
267,GGGCACTCTGGCAGCACTCGCGTCCGGGTT,0.34867878710908773
268,CGTGGTTAGTAAGGATCATTCCCTCGGTCG,0.32896278630212916
269,GGCTATCTACGACCTGAGATCTGCTGGCTC,0.39323689382704385
270,ATGAGAAAGCGTGCCAAATGATGTTGGATA,0.32529598110293456
271,CCTGGTAAAATTCCGTAACCCTTCCGGAAC,0.1112516033050518
272,GGTGCACGATGTAGGTGACGAAGGAGGCCA,0.576712832986898
273,AGGGTAACGGTGCCGTTAGGCAGAAGGCCG,0.43850985416072175
274,TGCGTGGCGTCTACTCCAGATCGCAGGACC,0.35820891764098417
275,CGGCCGTGCTCTCCTTCAGCACCGTGGCGA,0.6390554671974569
276,ATTACTGTACCGTTAACCATTGACAGGTAT,0.20078895710800726
277,GAGTCCTTGGATGGCCTTATTCGGAGGTCC,0.4838675092904656
278,CACTACATCGAGCGTGCACTGCCGCGGACC,0.5514462922037384
279,CTGGTGACCATCCTGCGGAACCAACGGCTG,0.584049669711739
280,TCTTTAGCCCCTCAATTCTGCCGCCGGCGC,0.43381815936418766
281,TGTTTTCTGCACCTATCCGAGCTACGGCGT,0.35315581347009006
282,AGATGACCAGGTCGTACCACCAGACGGCAG,0.7616908053953102
283,AGACCCTCATTCCACTCGAAGTCGGGGCGC,0.6421461503786801
284,TGCCCGGGATTCCCAGTGCACTTCAGGGCC,0.042979149666885874
285,CAGCAGCACCACGGCGCGCTCCGACGGCAC,0.5026551872002836
286,TGGTCCTCACGGATTCCAGCCGAGGGGCGT,0.580863305930629
287,AGGACAATGCGTTGGAGCGCAGGGAGGCCT,0.45362139800503765
288,CAAGATCTACCGAATACAAGAACCCGGATT,0.4574158174250258
289,TCACATAAGCTGATGCGGACGGTGGGGACA,0.572954036201188
290,TGCCAGCGAGCCGCACAACGCGTCCGGCGC,0.5641273002094633
291,CGGCCAACGTGTTCCTGATGCATCTGGCCG,0.23584490743273068
292,CTTTGGCGTACTTCGGCTGTACAATGGCCA,0.3510618380909385
293,CATTGCTTCGGTAACATTTCATAGAGGACA,0.3706352925279186
294,GCAACTGAGGACCGGAAGCGAGCTTGGAAC,0.28792666933735833
295,CTGGTGGTGACCGATCTACTGGTAGGGCTG,0.5151621103540014
296,GGTGTCGTTTCACAGCTCGCCGGAGGGCAA,0.5566882982538646
297,GCAGGTTCCCGCACGTGAGGTTCAGGGTGA,0.25147708600825314
298,CAGGTTGAGCAGGTAGACAGCGTACGGCTT,0.3300739831965718
299,TGGGGCTGACAGTGCGCCTCGCAGTGGGCT,0.6186194298851235
300,CCATCGAGCGGTGCCAATCCATCCTGGCCA,0.39107571911413475
301,GGCGCGCTTCTCGCCCGCATGTCGCGGCTA,0.5313935524418465
302,GGCAATGGCCTTTACCGCCAGCATCGGCAG,0.37706628143442167
303,CCCAGGAGACCGCGATGATCACCTTGGCCC,0.6084197608532174
304,AGGGCTGCCACGTGGACTCGCGCGTGGACC,0.5778169250016074
305,CTTCCGTACATGCTGACGAAGTAAAGGCAC,0.3683911529356547
306,TCGGAGTTCTCGATGGAGATGCGCAGGTCT,0.4874651022919345
307,TCTTGGCGATCACGGCCATCACAGCGGCAT,0.6558949037746218
308,TGCACGATGAGGCGGTAGCGTGCCAGGCCA,0.056664161178620054
309,TCGAGTGTTGCAAACCTGACCGTCAGGAAC,0.43828076201332533
310,TTCCTCACCTGCATTGCCGTTGATCGGTAT,0.11755672021195207
311,TATGGTCGATGGTACAGCTCATCGAGGAGT,0.5584556365461928
312,CGACACGCACAGGAGCACGTCCCACGGATT,0.4997744975548202
313,ACAGATTCACCAGGAGGACGCCTGAGGCTC,0.5129432308005903
314,TGTTGAGCAGCGTGATCATTATGTCGGCAA,0.4252630058692912
315,TGGGTTTCATAATAGGAGTCAGCGTGGTGG,0.46785064139170296
316,GCATCCCGGTGTCACTCCTGTATTCGGGCC,0.012947316000745945
317,ACGGCCTCTACACCATCCGTGATAGGGAGA,0.27086200978663455
318,TTCAGGCCATTGCGGCAACCATCAGGGACT,0.2375138843890583
319,AGGTCGCACAGGGACACGTACTGAGGGAGG,0.48019599441273497
320,CGAAAGATCCAAGACTGCAGCCAGTGGAAT,0.6796208570260736
321,ACTGTATTCTTGATCGGCGCCCCTAGGAAA,0.2403359421766864
322,TTCATAACACCAGCCCCAATGCGTCGGAAG,0.6358807794360033
323,CAGGTGCCATCTTCGAGGAGAACGCGGCCA,0.49008884704493405
324,CCTCAGACCGCCCCGCAAGTACTCAGGATC,0.4404917884981443
325,CAGCACCAAAGGCGCCGAGACGCGGGGCAT,0.7291361271900003
326,TCACTGGTGTCCGTGGTCTCGTACTGGCTG,0.37278768036713283
327,GCAGGGCGAGCGTCAGCAGGCGCATGGTGC,0.5483512563928921
328,GTGGTGATTGTGCTGAACAAAGACCGGGAA,0.2466364830081349
329,GCCACCTCGTCGGAAGTGCCCACGAGGATG,0.48788998868618805
330,GCCAGCTCGACGCGCCCGTGTTTGTGGCCT,0.10741070827789223
331,TCGTGTTCTCGGGGCCCGCGTACGCGGCCG,0.3436933965308764
332,CTCGGCTGTCGTCCGGAGCGCGGCTGGCCG,0.4357741086272595
333,CACCAGCTCCAAGCTCAGGTTGTGCGGCAG,0.4044902921677529
334,TGGCAGGAGCGTCGTCTCAGCGCTCGGTGG,0.38674250487235007
335,CACACATCCTCGACAGTTGCTCCAAGGACA,0.3948594926317448
336,ATGTGGGCGAATCAATGAAGACCGAGGGAT,0.7041709955346926
337,AGGTCAGCGACTGCTCGAGGGCATGGGTGT,0.3245576574699498
338,CCGCCCAGCGTCAGGCCGCCCGCCAGGCGC,0.3273774206875022
339,TTGTGAGGATCCAGTAGAACTTGGCGGTCA,0.5754656213106397
340,ACAACGGGTCGTGCTGCCGCATCGAGGGGG,0.31516653624269764
341,GTCCCGGCTGTTAGACGAAGAGTTGGGCTT,0.2904614760013391
342,CAATACGTTGAAGACGATCCAAGGCGGGGA,0.5035570966773659
343,CGGCTGCCGGCGACCAGATCCTCCCGGAGG,0.5459275959882082
344,GGGGGGAGTCCTCCAATTTGGTGCCGGACA,0.43623995390409576
345,CCGAACCCGAGCCCGTCACGCTCCTGGTGA,0.39089805867434646
346,ATAATTGAGAAGCGCCGACGAGACCGGATC,0.30131035995723177
347,ATGGCTCGTACTAAACAGACAGCTCGGAAA,0.19588686951853163
348,TGGATGATGAGAGTAACAGCCCGACGGTCC,0.6322110626607087
349,CATGGTCAGCGTGAACGCGCCCCTCGGGGC,0.23382915388180914
350,TCATCTAGAACACGATTGGCCACACGGCTA,0.4565757280651761
351,CTTAAGCCACCAATAAAGAGCTTACGGAAC,0.11034889370137013
352,TGCCAAGTTGTACTTACTACGTCTCGGGTC,0.3478589740587499
353,GAAGTAGCCATAGGGCAGCGCCGCGGGCCC,0.30498183605528384
354,GAGGGGCGCAGATTTCGGCGAGCGAGGGAG,0.3921164282284024
355,CGGAGAGCCTTATGTACGTCTATGAGGACA,0.3417959526873613
356,AGTCATGAACGACTTTGACGAGTGCGGCCA,0.3947362780476127
357,GGCTCAGGACCTCGCCCGAAGCTACGGCAT,0.4908991521964048
358,GTGCTGTATGCCGTACGGAGTGAGCGGAAG,0.5619045777490512
359,GGCCATGGAGCGCGCGCCGCCCGACGGGCC,0.4676358484820706
360,GTGCTGAATACCCGCGCGACCGTCTGGATC,0.2910602708083405
361,CTTTGAGACCGGCGGCAACACTACTGGTAT,0.37265210988904296
362,GGAATACAGTAAACGCAGGACGGCTGGCCA,0.3782862585683404
363,GTGATCGCTGCAATTATTGTGACCCGGAAG,0.3131222023376048
364,ATGGGATTCTGGATGGCGACGTAGCGGTCC,0.5130543737101643
365,ATGTCAGTTACTATAGCTGCTACTGGGCTC,0.11039763350977716
366,AGACAATGACGTCAATGGATACGGTGGTTG,0.721854063902416
367,CATGGATGTGGATCAGACGCCTTCCGGTCT,0.26278201394166945
368,GCCATAGGTTCTCAGTTGCCATGCCGGACT,0.3346608011458514
369,TGTTTAATAGAAAGCCCTTCCGTCCGGTCA,0.3827918819460514
370,CATCTCTGGACGTCCTGCTCACAACGGCAT,0.7089370360029603
371,AGCACGTCGCACGCGATCCAAAGCTGGCAC,0.29043745640055385
372,AGATGAGCGCGATCAGCAGCGAGTTGGCCG,0.51976080584477
373,CGGCTGTGGGGAACAGATCAACTACGGCAG,0.5296145818693994
374,ATAAGCATGACGACCTATGATGATAGGTTT,0.24234667538894272
375,AGCACTAGGGTCGTCGCGCCCAGGAGGACG,0.39775954868631636
376,CGAGGCCTATGTCACCGTCCTAGAAGGATT,0.29823506113103293
377,TCATCTGGAGTATCGCTTACAGGGGGGCTT,0.6230095326957192
378,ACCTCAGGAGCGCCACTTCATAGCAGGTAC,0.36815034138559866
379,TCCCCATCCCGAAACCAGGACACTGGGTCC,0.2649575264006654
380,ATGTCCGTGGAACACGCAGACATCTGGGTC,0.18642995336576362
381,GGAGTCGCAGGGAGGCGCCACCCGGGGCCA,0.7078351985101585
382,GAAAACCCGATGATAGTGCTGTGTTGGATA,0.2931304414047191
383,ACCAGATTCGTACCTCACTCCCTAGGGCAG,0.4484118249165243
384,GGTCACCCGAATAGCCCGGGCCTCAGGCAG,0.15275794132861176
385,AGTAACGACCTATCTGATGTCCAATGGTAC,0.4354405199734972
386,GGGAGGCATTACAAGCGGGAGTTCAGGCTG,0.24413355528035252
387,GTTATATTCGTACCAACTATAGCACGGCCC,0.5071131598984591
388,AAGTTAATTGGCTCCTCAAGGTCCCGGTCC,0.4283494029343311
389,TTGTTTGTGAGTAATACCAATCCACGGTGT,0.41808173097911205
390,TCTGCTACACCGATTACCTCCAGACGGTCA,0.5227259692581554
391,GCGGGCCGGAGGGCACCCCAGACACGGTCT,0.5846314439535343
392,TGACATTGGTTGTCCCAGGACGAGTGGCTA,0.4397247531403041
393,GAACACGACAATTCTGACGCCCAATGGGAA,0.2770532542564097
394,TACATGAGCATCTCTACTTGCGAGTGGAAG,0.668840269763544
395,GTGAGTGGAGCCAACCTATTTATGTGGGTA,0.45231702294223375
396,AGTTCTCCTGCCAGTTAGCAGTCCCGGAGG,0.22097593903429424
397,TACCTCTTAAATAGGTGCGATGCACGGTAC,0.4157959031180405
398,TGAGGCCGCGGAAGTCCTCCCCGGTGGCTG,0.8265047998112398
399,GTGGCTGATCGACCAGATCGACAGCGGCAA,0.5543666108623133
400,GTTGCGCCGCAGTGCGAGTTCCTGAGGATC,0.30744788516364197
401,TTGGAGACATTTGTTCTCTGTACGCGGAGG,0.4007918474910739
402,GCTGATTGGCGCAAGGTCGTACGAAGGAAA,0.4188577884533715
403,TTAGTGGCGGCATGATTTTGTGCACGGATG,0.2087075166270056
404,AGCGTTCATGCAGCCTCTTGTCCACGGAGG,0.4976939574604795
405,GCTGGACAGAGTCAGCGAGAGCTTCGGCTG,0.4934969948000614
406,CGCCTCGTTCCTCCCGTCCGAGAGCGGACC,0.4552358366758269
407,TTACTGAAAGACGGACCGCAGTACAGGGTC,0.34811283796665093
408,TGATGAGGATCTTCCCGTTGGAGAAGGAGC,0.5558119169002933
409,CCGTGGTGTTGTCGATGCGGTGGACGGTGC,0.5977619663779812
410,GTCCCCGGGCACCACGGTCATGTCGGGCGG,0.3101337711472718
411,ACACGTTCACAACAGTCACTGTAGCGGACT,0.4972316592331256
412,GAACGGCGGTGCCATGACCGTCAGAGGAGG,0.3590654619349245
413,TGAGATCGGAGAAATCCCTTACGCTGGCGG,0.40170537910503334
414,GCTGCGAGCGGCTGGTGCTCAACGTGGCCG,0.6754774439068165
415,TCCATGACGTACAGCGAGAGTCTGCGGAGC,0.3563406146879957
416,TGCTCCGGCTGCGAAGGTTCTGCTCGGTAC,0.4673297764599471
417,GATGCCGGCGGGCATGACGAAGCATGGCTC,0.4314868361396773
418,TGAAGTCTTCCTGTTTAAGCCCGGGGGAGC,0.582011023248298
419,ACGATGCGCTCGCTCTCGTCCCCTTGGCCC,0.2253723026942287
420,GAAGAAGAACTCGCGGCCGCCACCGGGATG,0.4910990035651128
421,CACCCTAGCGGCCCGGGAGGAGTAGGGATC,0.3019112196555871
422,CTACGGCCTGGTTCCCGAGCTAGTCGGTGA,0.19501756645856716
423,TTGAGCACGCAGCGGAACACCTCGGGGTCC,0.659744071797113
424,CGGTGGTGCAGCTCGAGCAACAGGCGGCTC,0.8024378688948348
425,GGCGTCACCGCTGTGGTGTTAGACAGGATC,0.1528432924662515
426,GGGGGGCGTGCGGCAGGTGCTGTACGGGGA,0.27209722908514333
427,GCCATCAAGGGCGCGTTCTACCGCCGGGCG,0.4509415330961899
428,GCCCGTGCGCCTTCCGCGCCATCGTGGCGC,0.32472715485005654
429,GCAGCTCCCGGGACAGCGAATACCGGGCGC,0.3554896583046767
430,AGATCAAGATGATCCAATCCCACGTGGTCT,0.6382247434323891
431,CGAGCGTTGGCGATGATGAACTTACGGCCT,0.18765283349449402
432,GGACACCATCGCTACGCGCTTCGACGGCAC,0.44166113259708584
433,CCATGCCGGTCATGAAGGGGTTGCTGGCCC,0.1337786350935759
434,CAGGCACATGGTTCCTCTTTGGCGTGGTGT,0.5051482792831954
435,TGTCCCGCAAGGGCATCATCCCCGAGGAAT,0.5798885806939473
436,GCGCCAACGGCTTCGGCAACGGCAAGGTGC,0.515417534866202
437,ATCCAACGCCAGCGCATGTCCATTAGGATT,0.18584255480026202
438,TCATCACAAAAGTGGCAGCGAACAGGGTGA,0.23544264057223208
439,CCAACGTGTCAAACACATTCCGACTGGAAG,0.411683219432573
440,AAGAGGGCAAAGCTTGTGTGTCCGAGGTCA,0.43331649548316675
441,GGACATGCACGGACACAGCCGCAACGGCCA,0.5375020302850517
442,TTGCCACAGACCGTACGCGCCTGCTGGCCG,0.32335761045284195
443,TGCGCGAGACATACCGCTACCTGACGGACC,0.5929244793252686
444,ACGAAGCGGCCGGTGTCCTCGTTGAGGTGC,0.522360773306251
445,CTATGTACCGACCGCGAGCCCGGGCGGCTC,0.5302535720852852
446,TGGAGGCCAGCAACTACGGCGTGTCGGTGC,0.39599571158921565
447,GCCGGGTCTCTCCCGCGAGGCGCTGGGAAG,0.49077657803994956
448,TGAAGCGGCAGAACGTGCGCACGCTGGCGC,0.5978498300381463
449,GGGCCCATCCGTGTGTGAGCGACCAGGAGC,0.3832693325097687
450,GGGTCTAAGGCCCTGGTCCCGATACGGGCT,0.1910727802606753
451,TGGGTCAACGTGTCAGCTGCCGGCAGGTGG,0.5217449647627523
452,TATAAGATGAAGAGGTCCGGCCACTGGTCC,0.3958911844811268
453,GCTTCCGTGTACTCGTAAGCCACCCGGAGC,0.41131772781327025
454,GCGGGACGCGCTCAAGTTGCTGAGCGGCCG,0.645705778761869
455,TTGGGCGAGCTGAGACAGGGGATGCGGTGG,0.524011092418474
456,CCTTGAGACGCCGAAAGCGCTTGCTGGAGC,0.3608239636670658
457,CACCATGGTGCAGAAGTCGCGCAACGGCGG,0.5933755466976038
458,GCCCCACTTTCCGCTCCTCGTCGCCGGCCG,0.33224188997457227
459,GCAGGCGGCGGTAGCGCTTGTGCGCGGCCG,0.6169537618482084
460,GCAGTAGCAGGCCGTCGCCCCTGGCGGCTG,0.5369377271205129
461,AGGACGGGGAGATCCGCATCAATGTGGGCG,0.42000850120544775
462,AGCTGTGCGTATTCTCATTCTGCCAGGAGA,0.1789601392808282
463,TCTACGTCAACGAGAACACCTTCAAGGAGC,0.22356140539218616
464,TCGGGGACTGCTTCACGGTCAACGTGGGCG,0.5742139335364116
465,TAGTCGTCGCACAGGCTTAGCTGGCGGCTG,0.552236512991793
466,GGTGGGTAACCAAGGTACTTCGCAGGGATT,0.5102024554754283
467,GACACAAACACGATCCTGCCCACCCGGCGC,0.42557373573454393
468,CTTACGTGTCAGTGACGAGTAAAGAGGTGG,0.44883699915998077
469,GGTTGCTACCGCCGCAAGCCGCACCGGCTC,0.5932319294950184
470,TAAAACTAGTCCTCGAAAACCTCGTGGGAG,0.5246147166569222
471,TGTAAACGATCCATCTCAGCTCCCAGGTGT,0.35811965131119705
472,GTTACAGAGAGCACAACGCCGCACCGGACC,0.4803460762604512
473,AGTCTCGAGGTACACTCTCAGAGTCGGATT,0.4416527080292525
474,ATCTTGCCGCACCGGGCGCAGTTGGGGTTC,0.2823310815334157
475,GCGGGACCCACTGGTTACCTACGAAGGCTC,0.47509431377817335
476,TTTCCGCAAGTGACTGGATTGTACTGGTTG,0.24473378901903486
477,AGCTGGATGATTCGTCTTACTGTGTGGTTC,0.42620016415566386
478,CACACACTGTCATTGCGAGCCCGACGGCAG,0.5333553253276488
479,GGTGAGATTCTGGAACGCGTAGTCGGGGAT,0.20307662130417836
480,TGAGCCCTGCAACTGCGTGCCCGACGGCGC,0.5621750420173308
481,AAATCGGCTGGGCCTACTACTGCACGGGAG,0.5153035918800268
482,GCTAACAGTCAGTCTCCGAGTATTGGGTCC,0.23288210096563455
483,TGGCGTGTGGTTAACTGTGATCGGAGGAAG,0.6937479122157348
484,CCTGAGCCGGGCCGGGCTCCCGTTCGGGCT,0.19146098421769975
485,GTTATTCTATAGATCTGCGATGCCCGGGCA,0.12787253845308044
486,TTGAGTGTTCCGATTGGAGCCACAGGGATG,0.5072518029511595
487,CGCCGAGCCTCCGTGCGCGCGCCGCGGGGT,0.5481628671542793
488,TGCTGCTGCTCACGCCGCTCTTTGTGGCCT,0.22221235251074511
489,ACGGGGCGTACGCGGGGACCAGCGTGGTGG,0.6589263772144547
490,GGTCTCCGCTTCAACCGGCTGCTAGGGAAG,0.48942057394272576
491,GCTGATGATGCGGTCGGTCTCCACCGGTTC,0.4929123280283936
492,TGTCGCTGTTGGGGGACCCGCTACAGGCCC,0.23852425308664804
493,GCTGTGGGGCCACGAATCCCTACATGGTAT,0.29135960502429703
494,AAATGAGCGATAACGATGACATCGAGGTGG,0.5604295643663793
495,GAAATAATTCCGACTGTCCTCGTGTGGTTT,0.46298575924101537
496,CGCTACCACAGCATCATGACCGTGAGGAAG,0.7155931848812414
497,CCCTGCGCTACCACCACATCATGACGGCGA,0.580807069604429
498,TCCCGGAGCGCAAGCCCCGCAGTTGGGAAG,0.3302254390212791
499,TTCGGGATCTTGAGCTACGAACACCGGCCC,0.4330944439100741
500,TCCCGCTGCGCTCCATCGACGACGTGGTGC,0.8383456716295927
501,AGTATCAGCTTCCCAACTTCACCGCGGAAA,0.8478775050492806
502,ACAGTTGCACCCTGCGGTGAGCGTGGGCCA,0.4822576755735084
503,TATCTCAAACGGAAGATTCGTTCCCGGCCG,0.1730745394201585
504,GCCCCAGCTCTAACCTCACCTGGACGGTGC,0.47538427497618785
505,CTCAAGATGTAATCGAAACGCTCGCGGAGA,0.5351429631710161
506,ACTGCGATGGGCACGCGTGCAGCGTGGTCG,0.5850879035948842
507,GGTCTGGAAACTGGCACACGTATCGGGTTC,0.14737022070037376
508,TGGAATAGTTTAGGGCTGACTCCACGGTCC,0.2415703526326416
509,TGGACAGCACGTGGGGGCCGCCAACGGCGC,0.35443571034258015
510,CTCGACATCTCCGGGGTGCCCTGACGGAAG,0.2676942680031147
511,CGCCAACGACTCCCAGCACGACCCCGGGTA,0.5962093753800606
512,TTCTGTCGCCCTCGTAGGTCACCATGGCCT,0.41812133250137307
513,GGGTACGGATAAATGGCCACCACCAGGTCT,0.47009863022063025
514,CGCCCGCCTCGCAGCAGTTGGCGAAGGAGC,0.3716641910415792
515,CTGAGATCGTCAGGTTATATCGAGAGGCTG,0.550649903405912
516,CTACGTCTCTGAATAGATGGTATGAGGAGA,0.2705488672635479
517,CAGGGCTGTAGCGAGTCAAACTCGAGGTCT,0.578573214421306
518,GGAACTATGACCTCGACTACGACTCGGTGC,0.41931712861460757
519,CGCACGTTCAAGAACAGAGACAGGCGGCGC,0.7246301034837177
520,AGCCCTGAGTAGTAACGCTCCTTGAGGTTG,0.40310948325437
521,GCCCGCGGCGAACGCCAGCGCGTTGGGCTC,0.3158678366368397
522,GGATCTTGGTCTGGCGAACCTCCGAGGCGG,0.43535627835009927
523,GGTCGCTCAATCTCCAGGTCGCGCCGGCTG,0.5517070883898922
524,TCGTCGAAGCGGCTGACCACGGCCTGGACC,0.31165715750092016
525,AAGCAACCCAAGACGTTCACCGTGAGGATC,0.5118582906022189
526,CTGATGGCCCCTACCTGGTGATCGTGGAAC,0.43317825229322726
527,CGTGCAAGCCGTGCACCGAGTGCGTGGGGC,0.5108952262584834
528,GGTGACCACCGGCGCGAATGAGAGCGGTTC,0.5174518842111797
529,GGTAGTAGTTGGTAGGCGTGCGCATGGCCT,0.46883655122682
530,GTGGCGCAACTACCCTTTCTTGTTCGGGCC,-0.20406078075551526
531,GCAGCGGCGCCAGAGTCGACGCGTTGGAGC,0.46449839276798266
532,ACGGCCGTCATCCTTGTAATCCTAAGGGCG,0.35516239445886666
533,TGAATAGCTTCTTCGGAACCCCAGCGGCCA,0.563213471113243
534,ACATCAGCTGATAATCAACCCTCGAGGGTG,0.35345489063319
535,CTTCCTACAGCATTGAGACTGTCGTGGGGG,0.5206492967928373
536,CACCGAAGGCGCCCGAGGCGACGCTGGGTC,0.36460421585288505
537,CGACCCCGTAGCCGCTGCCTATGTAGGCAG,0.3600691336659947
538,CATTCCACCCAGCCTGAGTGATGACGGCTC,0.34255320317213944
539,AGCTGAGCACGTTGTAGTGGAAGCCGGAGG,0.37861967666178287
540,GGGGAACGAGCTATGCAGCGTGTGTGGGGA,0.3064202814543411
541,GATTTTCAATAAGAAACTTCCGTCTGGGCA,0.19931221746946637
542,AGGAGGGCCATGAAACGCAACGCCCGGCTG,0.45104356320114447
543,TGGCTGAGCTCCGGAGCATTAATGAGGCCT,0.465860015461933
544,GCAGTTCATTCTGACAAATCACGACGGCTC,0.5470578440152407
545,TTACTGGGGAAGACGGACGTCCAGCGGCCC,0.5196848643779763
546,CCCCTCGCTCCAGTGCCGCGTGTGCGGAGA,0.3873958164406084
547,GCGAGATCCGCAGGACGACGTGGCCGGGGG,0.3735206294831259
548,GCCGAGTCGTCCTCGGCCGCGCGCGGGTAG,0.5123451255831033
549,TTTAAGTCTGTTTCCCCCGAGGAAAGGCTG,0.2573962919009114
550,GACACATGATAGGGCTTTTAACAACGGCGC,0.2388927400704648
551,CTCAGAGCTACAGTTACCACTCTTCGGGAG,0.1951012169286208
552,TGGACTATTCGTACGACGAGGACCTGGACG,0.31752636588150485
553,GGAGCGGGACGAACCGCCGCCTAGCGGAGG,0.37381325300853585
554,TCCCGTAACTCTTGGCCAGTTCGTGGGCTT,0.46622278850771326
555,TTGCCACCCGGAACCGCACATCAGTGGATT,0.4480273118220466
556,ATGGGAACGCCAGTATCAACATCACGGACA,0.38026472665635014
557,CGGGCAACGCGTCGGAGCGCGTCCTGGCGG,0.3586884378738435
558,CGGGCAATGCGCTGTCCGCGCACGTGGTGC,0.4201090633867415
559,TCATTAAGGTTTAGCCCGTCCTCATGGTCC,0.17426097152092201
560,CCTTCATCTCCCGCTCGGGAATCATGGCAT,0.12301783641597597
561,TTCTTAGGGTCTGACATCGGATTCCGGAAG,0.10601109761237082
562,AGGGGATGGAGACGGGGCGGCACTAGGTTT,0.37882843539944333
563,ACGTAGACGACGAGGTGCTGGACGAGGATG,0.7984847506824901
564,GGGCTGCGTGTGGGACGGGTTTAGCGGCAG,0.24888312566817317
565,GGGGGACTACGTACCTGAGCCCTTCGGAAC,0.350694468276018
566,AGCCATGGAACCGGCCCCCTCCGCCGGCGC,0.5007276680792736
567,GGACTCCCCGATCCAGATCTTCCGCGGGGA,0.5364556962836156
568,TGGAGATTGGCTATACGTCTGTCACGGTCC,0.3875864410168406
569,AGAAAACGGCCACAACCCCATGCAAGGCGT,0.4712857068219627
570,CACAGTGACCCAATTCATCCTCGTCGGCTT,0.4200890072972021
571,TTACAACATGCTAATGAGTCCCCGTGGCTG,0.5596631582785514
572,GGCTCAAGAGGGTGGAATAGCGTAGGGGCT,0.5369866356684811
573,TGTACAGGCGAGCTTTAGGACAGGGGGTAT,0.5973963168107712
574,GCTAGAGAGCCGAAGATAAAGAACTGGAGC,133.68085026687646
575,CCTACCTGGATATCTGTTACTCTACGGTGA,0.2639451470153238
576,CTCTTGCCTTCTACTGTGCGGATACGGAGA,0.1342718030416763
577,TGGAGAAGGCTTTGCAGCACCTGGCGGCCG,0.6006237945914139
578,GAACATGCTCATCATTGCGACGATTGGCTT,0.23867095959722961
579,AGGAGGAACTCGGAGACACTCGACTGGTTT,0.52813912267513
580,GCTCAGACACGCACACCAACGAGCTGGTGA,0.5377381505078067
581,CAGAAAACGAGACGGGCCATCAGGAGGATG,0.5998000289559846
582,CCCAAGTCAAGCCATTCTCAAGAACGGAGG,0.4564420690464479
583,GGTGGTCTTCCTTATTGCGGTGAGTGGCAA,0.3207508758857247
584,CCTGGTTGAGACTTGTGTCGCCACAGGCCA,0.4737592067648462
585,GTGGGTTCAGCGCAGGAGTGACTACGGTGT,0.3751463784197069
586,CCACAGTTACTATGATACGGCCATAGGATA,0.3048772253316945
587,CTGTGTGTGATGCCCTGCGATACTCGGCCA,0.10272216284807756
588,CAAAAAGCTCAGCCTCGTTAAACGTGGTGC,0.5845790654244609
589,CTGCCCTCATACTAGTATGTTGTCTGGACT,0.128208114547659
590,CCATGGTTAACCAAAGCTCCCCCATGGGCT,0.5623051968595012
591,GGTGCCATCGTCCGAGCTATACTGAGGATG,0.6503583855001145
592,TATTTGGAAGATATTACCTTATATCGGCAC,0.04555722291791131
593,GGATAATCGATGGCTTGATCCAGATGGTGG,0.4725038635733003
594,TTCCCTACTGTGCCTCCCGTATTGTGGATC,0.06059067830577314
595,CTGCAGTTCTACGAATCCGTTCAGTGGAGG,0.49995755526197794
596,CCCACCACCGTGGCAAGGTACACGGGGAGA,0.6357681310192511
597,CTACAATTATGTGAGACGTGCAAGCGGAGA,0.39639047273884254
598,CTAGTCATGCTCCGAAGCCACTCACGGGAG,0.37327565996981504
599,TGTTGTTCTACTTTGCGAGCATGATGGGAA,0.21732895854723577
600,CCTCGCTATCAGACAGCGTGCTGCCGGTAG,0.45483326379775146
601,GGCCTCCATCCTACAGCTCGCTCTTGGATG,0.43122589258891186
602,GGAAATTATGACCCTAACGAACAGTGGCCT,0.5469078641143144
603,TATGCAGTCATCCTCTGTCGTATAAGGGAG,0.09918497119474867
604,AGGTCTCATCGTGGTGGCCAACAGCGGTAT,0.4595106891244223
605,TGGTGTTGTTGTGACAGCCAACAGTGGTAC,0.6724832953373572
606,GGCCATCATGAACCAGCGAATGTGTGGTCT,0.5479346224841339
607,TGGAATCAGGTTCCCTCCTGGCAATGGCAT,0.39503642837568287
608,TTCACTCTACTGCTACCCATATTGTGGTTC,0.20569270559084796
609,CAAGCAGAATGCCAGACTCGAGAAAGGAAA,0.4660602464372048
610,GGCATTGTGGTCAATGTCACTCCGAGGTCT,0.47098681954067945
611,AAGATTGGACTATCTGCCCTGACCAGGGGG,0.3426324457186347
612,TTGATTCCCGAGAGATTAGCTTTGAGGCCT,0.1871768055809706
613,CCATCTGCCACCCTCTGAGGTATTCGGTCA,-0.042666118142113296
614,TCAACGTTCGTAGAATCAGCTCTGAGGCCT,0.39935757471389755
615,GTCTTGCTCGCCATGTCCATTGATCGGGCA,0.1631711425918967
616,ATCTTTCTTGTCATCATTACTAAGCGGAGA,0.24153766415398237
617,AACTATTGAATCGGATGTCTGAACAGGCTA,0.34997623834616776
618,ATGTCCATGACGGCCAGCATTGAGAGGAAG,0.5434693543038913
619,ATGGGTTTTCCATTCTAATGTCGACGGTGG,0.3677961386289663
620,TCCTTTCTCAAGATGCCCGCTCCAAGGCCC,0.28104617356576433
621,AGGGGCTCGCGAAATCACATTCCCAGGATG,0.3135828267022256
622,GTCAGGATGCTAGAGTGTCGGAGTGGGAAG,0.5352859083761234
623,TAGAACTGGTGGTGGGTAACACACAGGCCA,0.5915156612369239
624,GCACACGTGTTGCAGGCTTTCCATCGGCCC,0.28387568063033775
625,AATGGTCCACCGTGAGAAATCCCGGGGTCC,0.6992815187128743
626,TCTGGATTGTCGGAAAGTCCTAAGAGGAGA,0.48927794461926877
627,ACCGCAATGCAGCCACCGTTTTGGGGGCTA,0.4073000195579999
628,ACTCATTAATTGTTGTGTCAGTGCAGGATA,0.2842697044815805
629,ATACGATATTAGTCGACATCTGCGGGGTTG,0.6738228701990325
630,GGCAGCGCCATCTTTACATATGTACGGCCC,0.20069498032006639
631,AACTGTGGGTCATCTGTCAATCCTAGGAGA,0.29020142592663345
632,TGGAGATTCGAATATCTCTCTTCGTGGTTC,0.3226869081153336
633,CCAAGATGCTTGTCGTCATCCTCACGGGGG,0.3653530332600512
634,CTCCATGTACCTAGTCACTTTCACCGGGAA,0.14269280938804574
635,TGTGGTCTACGCCATCGGACTCATTGGCTC,0.19086174492789598
636,CTGACATGCGGGTAGTATGGACTGTGGCCC,0.5209155616156709
637,TTCACAAGCTCGCTGATATCTGTCTGGGTG,0.34111339204128255
638,GCGCTTCGCATATGATAGCAGTCACGGTTT,0.30183843051275216
639,CTATACACAGTAATCATGTCACGAAGGGTA,0.5285858123168046
640,GGGCTGTCTGCCGACCCCAACATCCGGGCT,0.27823715846702224
641,TCAGATCAGTCTTCGGAGAAGAATCGGGTA,0.15338392966454606
642,CTTCCTGATTCACTACTATGCCAGTGGCGA,0.6231727116434231
643,AGAGGCGCGAGTGCTTCTGGCGTGTGGTGC,0.48739303647876064
644,GCGGCTGCGGATGAGCACGATGCGCGGCGT,0.544451341727423
645,TCGGTCTTGTAGTCGAACAGCGACAGGCAG,0.45461335045162987
646,GAGGGCACAACGCCACTCTCCACGGGGCAC,0.8274481764486465
647,CAGGACGCTCTGTTCCTCTGACCGAGGTTG,0.683687901305319
648,GAGACTGGAAGCGTAGGTACGATGTGGGCA,0.5995312268756934
649,CCTGGAACCCACTGAGTTTGTCGTCGGCAG,0.5242606720664924
650,AGCTGTACTATCCGAGTGTCTCTGGGGCAC,0.541741177259613
651,TTTAAGTCCCACCTTAAGTCAAGTCGGAAT,0.30556337620749097
652,GGTGCTGTGGCCGGCTGTCCCCAACGGGAC,0.3623885584228945
653,GTGGACGCATTCCAGGTCTTGAGGCGGCAC,0.6099095706006896
654,TGCCACCCACTTCGGGCACTACGCTGGGGC,0.33759084451529353
655,CAGAACATTGCACGCGACAGTTTCAGGCAC,-0.030108498824798158
656,ACTGACCGAGAAGTAAGTCCCAAATGGCAA,0.48807097827850754
657,CCACCCGGGTCCGTCCGAAGCACACGGTCA,0.5435936477319845
658,GGAGCGGGTGAACGACGCTTCGTGCGGCCC,0.46877272174573803
659,ACCTGTCCTGCTGGTCCGAGGAGTCGGATA,0.3451540293415827
660,TCATTCTCGGTACCGTGCCGGGAAGGGCCG,0.31705377063998785
661,TGCTCGTATTTCTCCAGCTCCGTATGGTAG,0.37175588422567807
662,CAGAATAACCGACGGAGCCCGGGCAGGGAC,0.45532258555255334
663,GCGACCCCATAGATGATTATGCATTGGTAC,0.4118311930148624
664,CGTTGGTGCGGTCTATGAGGCGCCGGGAGA,0.4620145913819751
665,TGGGGACTTCCCATCCGGCGTTCCTGGTCT,0.09659359945819013
666,GGTTCAGCTCCGGTGGTGTGGGAACGGATG,0.324217224521693
667,ATGCGCCTCTAGACTCATGCCCGTTGGACT,0.44049364796611234
668,TGGTCCTGCGTCTTTTCGTCGGAGGGGTCC,0.41298929875694346
669,ATTCCTCTGCCTACGAGTCCTGTATGGCTG,0.22567126489398537
670,GAGGAATGCCAGGCGGAAGGCCGTGGGAGC,0.636223056696847
671,GGCATCACGGAAGGTGCGTCCGAGTGGCAC,0.4750149670806616
672,CAGCATGCGTGACAGACACGGGCATGGTGA,0.4269948124537841
673,GCCGCGACGTCACCTACACGCCCGTGGCCG,0.629580310387085
674,GACCACTGTAGGCGGGGTTGTCCCAGGCTC,0.3521041695454292
675,GCAGGCGTGGAGCCGCGATAACCCCGGCTT,0.6014206737232608
676,TGCTTGAAGTGCGAGGTATGATAGGGGCTC,0.5895549228589183
677,GGCCATACCAGGGCGTCCGTGTGAAGGAGC,0.4706128621476562
678,CAGATAACGGGCTCTCTAGATCGCCGGCCT,0.532832991383348
679,TCCAGCTTCATGCGGATCGTACGACGGAAG,0.5468054440097998
680,CTGGATTCAGCTGGTCGATATCACTGGAGA,0.3054925681011871
681,TGGGGTACAGCGAGTCGTCGCCGTCGGCCG,0.6441423131870136
682,ACGCCAGCAGCGATGAGAGCGAGCCGGATG,0.5435686309025665
683,CAAGCGCAGCCACAAGTTCGTGCCTGGTGC,0.19442038476916834
684,CCAGGGCCATCCCAATGACAATCTTGGCAG,0.3608052031707796
685,GCGCTGCACTCCGCCGAAAGCCTCCGGCGG,0.43772103957098607
686,ACGAGTGGCCCACGGCCAAGAAGTAGGTGA,0.4463893602531199
687,GGTGGTGTTCTGGCAGCGGTAGAACGGCGA,0.3244110840200676
688,CCAGCACCCCGGCCGAGAACATGACGGAGC,0.5778208231876665
689,TGTGGGCGCCCGAGCGTTCCGCCGAGGCGC,0.6616580035845641
690,AGGCGGACGAATTGACCCCGGGAGTGGACA,0.5180155621256364
691,TTGTGACTCCAATACACCGCTCAATGGCCA,0.43450549881788825
692,TCGTGCAGGAACCTCACCTACGTGCGGGGC,0.5759727882692711
693,GATGGGGACCGCCCGGATCGCACCCGGCCT,0.5086695958011755
694,CAGCCAGTACACATGTACCGGGCCCGGAGC,0.22038302651127561
695,CGGGAGCAGTTCATCGCTCTGTACCGGCTG,0.29712272740613965
696,CTATCAGCGCCGGGCATCAGATGATGGCAA,0.3449105911408321
697,GTCTGCGAAAGCCTTCCCACACAGGGGCAG,0.7957708622675173
698,TGCTCAACAGGTAAAGGACTGACTCGGCTG,0.41402603541141003
699,GGCGTGTACCGCGTGCAGATCCGCAGGATC,0.49530296370347315
700,TTGACCCAAACCGAATGGCAGCATCGGCAC,0.3953022589086186
701,CCACCAATAAGGAGCGACTCTTTGCGGCTG,0.18768621686707831
702,GGGTGTTCGAGGTGAACCATTAATGGGTAT,0.07775044512596874
703,CGGTTCCGCTGTGTGAAACGAGCGCGGGGC,0.5718954240199965
704,CCGTAGTCCGGCACCGAGCCCTGGCGGCTC,0.5286291709462745
705,AGGGCTACCACTGCACGGCGCACAAGGAGG,0.38442559252698927
706,GATTTGTCGTGTAAACAAGAATTGTGGAAG,0.31492968195996807
707,CCCTTGCTGTACGTCCATGCCCTGCGGGAC,0.3418206224548903
708,CAGGCGCTGGCCCTACGGCTCGGACGGCTG,0.4498979619998311
709,TGGCCTGGTTGACGGCAGTTCGGACGGCGC,0.5386189269699517
710,TCTACGTGCCCTTCTCCAATGCGACGGGTG,0.5245501330161026
711,GGCGGCGGCTGCGGACTCGTTCTCAGGCGG,0.38198721003656644
712,CACCCTCCGAGGCCGACGCCATTGTGGAGT,0.1996164113041774
713,CAAGTCCGATGCTGATGTAACCAGGGGTCC,0.9099260633089665
714,TGCAAAGACTCCATATAGACGGTGCGGTTG,0.556196081114003
715,GCCGCGTTACAGCGCTGGCTCCGGCGGAAG,0.5742382357321709
716,GGAAGCCACAATATGACATTACGATGGAAA,0.49237604453974115
717,GAATGGCAAGCATTGGATTACTCACGGTCG,0.44971856609960326
718,GAGAAAGAGTTCGCACCCTCGTTCTGGGAC,0.2812407630442162
719,CGGCGGCTCGTGCTGGCATCTACGGGGATA,0.5650849027750768
720,AAACCGATGGAACAGCTCGTAAATTGGTTT,-0.08246915590308423
721,TCATGGTGGCTATCGTGGCTGCATCGGCCA,0.3171936376998543
722,AGCACTATGGAGTGTACAGCTGCGAGGGGT,0.5071476546899552
723,TTCTCACTTCATGAAGTTTCCCGCAGGCTA,0.39012647505429476
724,TGCAGTGCAGCGCTACCGTGCTCAAGGAGC,0.3744716628621829
725,TCTCGTCTTCGCCCTCGCCCCCATCGGCCA,0.159389154947555
726,TCCAGTGCATCGCCACCATTCATAAGGAGC,0.26959755355462733
727,TACGTCAACTATGATATCATCGTCCGGCAT,0.3305259876340698
728,TTTTCCACCACAATGGCGCAACAGAGGATG,0.4567017047043149
729,GACGATGACCTCGCTCACCGGCGCCGGCCG,0.3557343008447875
730,AACCTCAGGCTGTTCTCCCTCGGCGGGAGC,0.41584433725245207
731,AGCGACGCAACAGTAACGTTAGTCAGGCCA,0.21618508004250958
732,TACAAGGAAATCTTTACCGCCCTCGGGCCT,0.20784971261503582
733,CCTGAGTGCTTGCGCCCCTTCACCCGGGAG,0.2683383209894039
734,TGCCATTGACAGCGTAGATGTCGGTGGCCT,0.5289279954352162
735,CCGATGACTGCCATCGGCCTTTGGTGGTTT,0.345099181106707
736,TGGCAAACAGCTGCCCTTCATCTATGGGGA,0.12201195676652032
737,ACGGGGCCCGTCGAGCCCGTAGCGTGGCCT,0.4843282665201347
738,ACAACACCGCTCCCTCGTTACCTGTGGCCC,0.4550891447852663
739,GCAGCAGCGCGAACAGACGGGCGGGGGCCA,0.44147113987180076
740,GCGGCGGTGGTCGCCCTCTCCTTGAGGCGC,0.4565554087795973
741,GAGGGGGCGAGTCAGACTTCCTGCCGGTCT,0.5425787562369069
742,TGGTCATAATAACCTGTAGAATCGAGGCCC,0.3665412901771037
743,CCGGGCGGCGGAGAACGGAAGTCGTGGAGG,0.8496352158143812
744,GGCGTTGGGCCAATACACCAGCCAAGGGAG,0.3650701903148905
745,TCCGATTTTTTGGACCAGTTACCACGGTCC,0.204646138155969
746,CTGAGGTCCAAGATGTTGCAGACCGGGTCA,0.4181187424164854
747,GGGGCTGTATTATAATGTGATCATCGGGTG,0.18838643099265195
748,ATGGCGAGCTCGACGTGGAAAATGGGGATC,0.4415692027006861
749,GCGCCTTGTTGTCCCACTTCGGCCGGGAGC,0.3247327469589514
750,CCCTTCCACGTGTCCCGGTCGGGGAGGTCT,0.5869951751371028
751,GAACTGTAGCGAGTTGGCCCACAGCGGCCG,0.6306110183658293
752,TGCTTCTGGCGCGGATGAACCCGCAGGTGC,0.6587087598229198
753,GGGTCTTGCAAACTCAGTAGCCCGCGGGCG,0.5501936882595231
754,CTTCCCCTATCGAGCGTACACCAATGGAGG,0.5045745102967103
755,GGGAAACTACCTCCGTATGTTCCGAGGTTC,0.4550347072499772
756,CAGATCACTGCGAAACCTGCTCGACGGTGA,0.6295272474302809
757,TCGATCGACTGTGTTGGAAGGCATCGGAGA,0.45012406129031834
758,TACCGCACCTCGCCCGACACGCTGAGGCGC,0.6751962505275289
759,CCACGTCGCACTACAGCTCGGCGCAGGGCG,0.4837026418238708
760,TCAGCAACCGTCGTATCCTGAACAAGGCTA,0.48482023044221756
761,CCCGTTCTGGGACGCATTTCGCCCTGGCTC,0.34876482786186425
762,CCATGGACATGCTTCATCCATCATCGGTGT,0.31839303909454797
763,CTGCAGCCAATGCCAGTAGCGCTCCGGCGG,0.4996204196296452
764,AGAACATTCGACTCTTGCAGGAAGCGGCTA,0.5171629550398966
765,CTGGGGCCGTGCAAAAGGATATATAGGCTC,0.1553084697705891
766,GTCATCTACCAGCCGCGCCGCAAGCGGGCC,0.507208132550016
767,TCCGTAGATGGCGTGCAGTCCCGGGGGAAA,0.76360780396286
768,CCTACGTTGCAGTTCACTCTTCGTTGGACA,0.3271400294390925
769,AAGGCACACCACTACACCATCGAGCGGGAG,0.6541353298306938
770,GCAGCTGTGCTACGCGAACGTGAATGGGTC,0.10249765232130359
771,CTGGGTCCCGGGTAATTCTGTACACGGCGT,0.4233833697187961
772,AGATGACGATGGCATTACCCGTCACGGCCA,0.4036143912891015
773,CAGCTAGCGAGGCGGTCAGGTTCACGGCGT,0.3687456052368492
774,CAACAACAAGTCGGATCTGCTGCCCGGGCT,0.37618046131958205
775,GGCAGTGAAGCGCGCTTTCATGCTTGGATT,0.17446345272320052
776,TTTGTCGCGCCACAGAATCAGTAGGGGCAC,0.5996694626290562
777,AAGCAGACATTTGTAGTGATGCTCCGGTGT,0.3246816137915498
778,ATCAACATAATGCGGTCACCAGTGGGGAGT,0.4815122395066327
779,TGCGAGAACACGCTTCGAAGCTTGAGGTTG,0.5447902468921932
780,GAATCCCCAGACGGAAGCTCATGTAGGTGC,0.5891372991347974
781,CCTGCTATTGCTACCAGGCGTAAAAGGAGT,-0.023599379105548435
782,CCATGTGGCCCAACGGCAGTTCCCTGGGGC,0.38390708105981264
783,TATAGCGGCCATGCGTTGTTGCTGGGGATT,0.4806312703314064
784,AGGCCCACAGGCGGTCCGGGTGGTCGGTGA,0.2549700421346073
785,TCAGTAGCCATATTCACCATCCACCGGATC,0.4541350324368316
786,CCCTGCTGCGCAGCCACTACCGCGAGGTGC,0.8772875136813794
787,CACTGGTCGTAGCCAAATCCAAAAAGGTTC,0.1492708275597041
788,ATGTCTCATGCGGCCGAACCAGCTCGGGAT,0.23681438332704063
789,GCCAGCGGTAGCAGTGAGTCGTCCAGGAGC,0.4254696918497691
790,TAGCCGGCCTGTTGCTGGTACTGTTGGTAC,0.2378164767654496
791,GTTCAGCCTGGCTCGGCAAGTAGATGGCGA,0.34069385419901965
792,TTGAACGAGAGAGAGATCGGCTTCGGGACC,0.2222302964770857
793,ACAGTGGTTCTAGATGACTCGAAGCGGGTG,0.4562855555497962
794,GGGCGTTGGTCGCCACATGGGCTTCGGTGA,0.19978394427620993
795,GGCCCGGGCGGGGTGCGCACGATACGGTCG,0.3734941792969999
796,GGGTCACGCAGAGCCCATTAGCTTCGGCAT,0.25587121562663473
797,CGCCTCGTGGTTCAATCCTCCCCGCGGAAG,0.7584523850858353
798,TGGAACAACGGGGACAGAACGCCCCGGCCG,0.6322905527187765
799,CCCGACCGCCTCGAGCGCTCGAGCAGGGCG,0.4461950438721558
800,GCCGCCGCAACACCGAGTGCGCGCCGGGCC,0.4342113290362193
801,CCTTGCATTCGCACACGCGGTTGTGGGTGC,0.1473243743664272
802,GGAGCGCGGACCTGGACAAGTGCATGGACT,0.5034705284772854
803,TCATAGAACTTGCCTTGCTCCTTGCGGCAG,0.4024263284513174
804,TTCCACCGTGTACTCGAGGCCTCTCGGAAG,0.22752096278822287
805,GCGCGTTTCGGGCCCTGTGCGGCCTGGCGC,0.31076736272670313
806,TCAACCTCGTGAAGATCGCGTCCACGGCCT,0.21036611990447995
807,AGGTGGCATTTACACCCTACGCCCCGGAGC,0.4654296265329898
808,CTGGCTTACAGCCACAGCGGGTGTCGGCCA,0.28811741453449513
809,GGGGACACCTACCCCAGCAACGACCGGTGC,0.48060957497494905
810,CGGGGCAATCACGCCGGCACCAGGTGGACA,0.6596720909926919
811,AGCCAAGTAACCTTGTTATCATGCCGGACT,0.3860685806944195
812,GGGCTCGACGCTAGGATCTGACTGCGGCTC,0.6421430584981374
813,CGGACGAGGCGGAAGACCGCGCGCAGGGCC,0.4804092539888558
814,TGCTGATCAGCAATCCGAGATCGATGGCCT,0.5108483775758224
815,GGGAGCGGACAGAGATGGCGGAGTCGGAGC,0.6065416094572471
816,GGCGAACGGCGACGAGCCGCTGACCGGCGA,0.3339009983800254
817,GTTATGGCCGCAGTCGAGCATCATGGGCTC,0.225008726348084
818,TGGTGCCGCGGTCATTGAACATGAAGGCCG,0.5911996325662643
819,TCTTCTATGAGACTATTGTCATCTCGGTAA,-0.05523908739351924
820,ATGCATTGCTCTATGCCATACGCAAGGAAG,0.43245563681913346
821,TTCTCACGGAGAACTGTCTGCCGCCGGTGA,0.3633920589163788
822,AGCTCTTGAGCGAGCCCCGCTTGAAGGAGC,0.12369723915933795
823,GGCTGCTGTTGCTGCGCCGGAGATTGGAGA,0.26131626952614573
824,CGTAGGCATCGGTGGGCTTCTCCGTGGTGT,0.5483689793571116
825,AGTTTGTACGGGTGCCGAGCGGAGTGGCCC,0.5548540267861659
826,AAGGTGTTACTGTGGCCGACTGATTGGAGA,0.21822594642554094
827,TTTATGACTCCATAAGCATCCGTTGGGCTC,0.4464001302148266
828,AGGGTGACTCGGAGGAGGCTTTCCCGGTGG,0.22241515986678229
829,CGATGTCCCCCTGCCGCCGCTCGATGGCGA,0.47941866352169327
830,TAGGGTGGACTCCAGCAGATCGATGGGGTT,0.4480490510430897
831,CGTCTACCGCCCCCTTAAGTTTCGTGGTGG,0.33764150180297414
832,GGCCGCCCGTACCGCTTCCACTTGAGGCTC,0.3131757554742556
833,TGGACGAGATAGACTTCCGCCACGTGGCCT,0.49854538194011666
834,AGTCTGCGTACTGGGCGGTAAGCTGGGGAT,0.17225023871076917
835,TGCTGTTCTCATCGCGTACCACGAAGGTGT,0.6243114320118586
836,CTTGGGGCGCTGCACGGTGTCCAGCGGCCG,0.5181730223369303
837,CGGTGAACTCGCGCGAGCCCTCCCAGGTCA,0.38276565111809413
838,TCGGTGCAGCTGCGGCTTACATTGCGGCCT,0.2833492850617991
839,GGTGTAATCTTCTGCTGTACACTGCGGCTA,0.6674179021376458
840,AGTCCTGCTCGTAACCTTCGAAGTCGGACG,0.2953534858821383
841,TGACATCACGAGTTCACGATACCGTGGGCT,0.570981162164168
842,ACACTCGCGGTTCACCTCGCAGCTCGGAGT,0.2725190368809207
843,TGTACCTATGGATCGATGCTCACCAGGCAA,0.40116272299400557
844,TCTGTGTCTAGGTCCTGCGTGACGTGGATC,0.48112088310680945
845,TCATGACCATCCACCGCTACCTGTCGGTAG,0.6920345165243751
846,AGGCGGCGGCTTTAGAGCAACCCGCGGAGC,0.6840097035484729
847,ATGTTCTTGAGGTACCGAGCCTTGCGGTCC,0.3509144775575421
848,AGTGAAGTAGACGTATACCAGACAGGGCTA,0.6372812292161811
849,AAGCGTCCGTTACCCAGAATATCACGGTGG,0.3857841899115666
