,30mer,GNL-Scorer
0,AGTAGAGTCGGGGTTTCGTCATGTTGGTCA,0.2710335312274892
1,CTGCCGCCGCCGCTTTCGGTGATGAGGAAA,0.1940845900560868
2,CCCGGGCAGCGTCGTGCACGGGTCGGGTGA,0.23189475543948368
3,GAGGTGGGCGGATCACTTGACGTCAGGAGT,0.5199534244937447
4,CTTTTTACCATAGTGTACGGGTGCAGGCAT,0.14615756762417087
5,TTCTTCTACTGAAGTGGTAGCAACAGGTAC,0.37988723472416397
6,CAGATAGAGATCCGCCCTATCTCAAGGGAC,0.4414265514725064
7,TTTCCTCATCACCGAAAGCGGCGGCGGCAG,0.5108498477085652
8,AGATTTCTGAATTATCGGCTAGCCTGGTCT,-0.09556244698840866
9,GCCTGCCTCAGCCTCACGAATAGCTGGGAT,0.2002410715704699
10,CCCAAAGTACTCCTGGAGTACTGCAGGAGG,0.3954623267995403
11,AGATCACCGTAGTCAATCTCAATGAGGGCC,0.41800865969976075
12,TGAGACGGAGTCTCGCTGTCGCCCAGGCTG,0.5961405686130425
13,GTAGTGGGATGCCGTCCCGCAAAATGGCCC,0.04387831925416108
14,CAGATCCGAGAGAAACCTTCGCAAGGGATT,0.8221177981204015
15,GCCCCCGTCCAGCCACGGCAAGCCTGGGCT,0.18311338480832084
16,TGGACTAGTGGAAGTGAACGCTCCTGGCAT,0.3052601877164045
17,TGTGGGGCATATGGACTAGGCACTGGGCTA,0.46649996302107155
18,ACACTGACATTTCAATTCCGTAGCTGGACA,0.04968351745722144
19,GTGTGCTTACCAGTATGACGACGATGGGTA,0.6188963142933401
20,CGCGGTTCAGGAATCGTCACCCGGCGGCCT,0.7120344509353604
21,TTCTGCTAACGATCTCTTTGATGATGGCTG,0.30820178454128677
22,TCCCACCAGTTCACAAACGGGCCTCGGGCT,0.020334387204499205
23,AAGCAGCTACCAGGCTAGAGTGCCAGGCAT,0.1576556777251381
24,TCTATCGGCTGGAAATATGTTTAAAGGATT,0.04994358816148392
25,GGAGGATTATAAGACTGTGCGACGAGGCTT,0.6099744198611825
26,ATAATTAACCTGCTGCGGCATGACTGGAGG,0.1948489490935852
27,GAGAGGCTGGTCATGCCGCTGGCACGGCCG,0.41699515164461864
28,GTTTCTCAAGCCACCGGCAACAATAGGACT,0.13712496471036562
29,ATGATTGGAAAACGAGCTAACGAAAGGCTA,0.5166195759766461
30,TAAAATAAAGATGGCGTTTCGGCCAGGTAG,0.1524758484760862
31,CCGTCCCATCGGTAGTGGACTGAATGGTGT,0.2932882895878177
32,AGCCCGCGCGGCAGCCGTAGGCCTTGGCCC,0.19181788198381522
33,TGGACCTCACCATTTTGGCTAGTGTGGCTA,0.09491385477700875
34,CCTGAGTTCAGTTCACGACCAGCCTGGTCA,0.37590206451565367
35,TGACTCAGAAACAGATCGCCCATCAGGTCT,0.21099478864599863
36,GTGACGATTCCTGAACCGCGGGGAAGGAAG,0.34504213943828455
37,CTATTTAAACTCTAGGCTTCGAACAGGAAA,0.23317750142603244
38,AGACCTAACAAAAGCGGCAATGTCAGGTAA,0.18702876106863053
39,CTCTCTAAATTACACTCGAACACATGGGCT,0.15193473942485536
40,GCTATCTTCAGGCCGTAACCTTTTCGGTTC,-0.040860573688528135
41,CAACAGATGCGAAGTTCGGGTGCCCGGCCT,0.08402767801550604
42,ATAAAGTAGAAGATCGATGCTAACTGGCAG,0.1485462303250491
43,GTTGCAGTTCACTCTTCGTTGGACAGGAGA,0.2589413266632268
44,TCCCACCAGTTCACAAACGGGCCTCGGGCT,0.020334387204499205
45,GTGTTTACATTACACATCCAGCGTGGGAAG,0.5584781649350825
46,GGGGAGATGCGCGTGCGGAGTAGCGGGAAG,0.24272745142744512
47,TAGACTTCCGCAATAATCCTACTAAGGAAG,0.1874152425316331
48,GATCCTGTATTAATTCCGGGTGTCTGGGAA,-0.09680002442559799
49,AGTTTGCCCTTATAGTTGGTAAGCTGGAAA,0.015869243427908075
50,TCCCGCCTCGGTCTCCCAACGTGCTGGGAT,0.4581973144884006
51,GGAGGCGGAGGTTGTAATGAGCCGAGGTCA,0.6295688542829649
52,TCTGTTGATACCTGGTTGAGGCTATGGACA,0.22361904865508042
53,TTGTCCTCAGTAAACGAGGGCCTCTGGCCA,0.15507850738251294
54,CGGTGCAGAGACCCCTGAATCGATGGGGCT,0.4438104154733884
55,GTGTTCGGCTGTAGTGCCGTTGTCCGGCTT,0.12361905161075704
56,TAAGTACTTATTTAATGCGTGTGCTGGCTC,0.301524569567571
57,CCAGGAGACCTCAGATGGTAAGCCTGGCAT,0.4526203373742599
58,GAATGAATAAGAACTCCCATTAGCAGGTGG,0.28723173546482195
59,ATGCTGCGGCCGTGGCTGCATTTGGGGAAG,0.09132239380099838
60,GAAGAATACTATCCTAGTTCCGACCGGAAT,0.44544640644514044
61,ACATGCATTAGACACCTGTCATAATGGAAA,0.10617854642124136
62,AGAACATGCTAAGTGACCTAAGAGTGGTAT,0.5678567176288791
63,ACCCGACCCGTGCACGACGCTGCCCGGGAG,0.24705744613779612
64,CTGAGCCCTCCAATAATGGGAGTCTGGGCT,0.10006518539326792
65,ATACTAATGTGGAGGCGCGAACAAAGGTCA,0.43876991107783003
66,AAAAGCTACAGATAAGTGGACTACTGGGCC,0.28228030152318473
67,TGAGGGCCTCTCGTGCATAGATACTGGAAA,0.25330943075912593
68,AAGGCACCATGGATGATATTAGTCAGGAAG,0.2594691346099034
69,TGCTGACGCAAACCTTTACTTGGGAGGTGG,0.45346224320459294
70,AATTCTATAAGTGATGAAAGGTACAGGCAT,0.27440962969868576
71,TTAATCGTCACACTTGAGAGGCGAAGGTAA,0.4033706562491932
72,TGATTTCTGGATCCGGATTACCGCTGGCTG,0.47596911934877095
73,CCGGTGCAGAGACCCCTGAATCGATGGGGC,0.4301169511606815
74,CAGTTAGCACAGCGCAGACCTATCTGGGTG,0.2528148051798693
75,AACCACGAAAACCCTCACTCGCGGCGGGCC,0.5477275581824279
76,TTATGTGGCAGTAGAACAACTAGACGGTGA,0.4295142845799145
77,GGACTACAAATCCCGATACTGTGATGGATG,0.5149514187134889
78,GCCCTCCCGGGCAGCGTCGTGCACGGGTCG,0.505206128742961
79,AACTCTCGCTCCAGTTCCCGGATCTGGAAT,0.173656690336629
80,ATTCTGCCACGTCTGTGGACGCAAAGGTCG,0.4022008397102559
81,TCATCTGAAGAAGGGTCGATGGCCTGGGGT,0.13839987976906043
82,GGCGACGGCTTCGGGCGGCAAATCCGGCGG,0.24576699439685856
83,TTTAGACTGAGAGCGGAAAGATCTGGGTGT,0.2772814985921761
84,AGGAACAGAGGGTTTGACATCAACAGGCTT,0.2538553751788708
85,CAACTGCGGGCCCATATCAATCGTAGGGAA,0.5107410604629534
86,AACTTTGTCATTACTAAGTATTCGGGGTTG,0.267795511246248
87,GCCAAAATCTGGCTGGCGGCCCATTGGGAC,0.13242443116731706
88,AGGTGTACCCATTGCTCAACTGTATGGAGG,0.24855967323700412
89,CTGCCAGATTCAGCTCGTAAGGACAGGCAC,0.5111998161151219
90,AAAATCACCTGGATTACAGACCCGTGGCAC,0.6870221051295893
91,TTGTGGGGCGTATGGACTAGGCACTGGGCT,0.5267096083130491
92,GTATAGCTATCTCGCACACTCATGAGGCAG,0.4522159790979188
93,TTCTACCAATCGCCTTAGGAGGGCTGGTTA,0.23877405136124574
94,TGGCAGAACCGACGGAGGGCGTAGTGGGGA,0.47116391655561807
95,CGCTGGTAATCCCAACACTTAGTGAGGCTG,0.5005083475087528
96,TCCTGCATGATGCGCGGCCCAAGGAGGGAG,0.3718341384375097
97,GTTTTTGGAACTTTGATTAGGGTTAGGGTT,0.00013536646362499738
98,GTTACAGAGAGCACAACGCCGTGCTGGACC,0.3056833955004641
99,ATTTATATCAATCGCGGGCTCTGAGGGCGC,0.31961405870500537
100,TTACGATGCTTGTGCCCGTGCACCTGGGAG,0.23672973604674663
101,TAGTTTGGTCCTTGCTCGCCCTATTGGATG,-0.09178849943673972
102,CCCACCCTCCAATTAGCCTTGTTGTGGAAG,0.3554903471927775
103,GCCCAAGGAGGACGCATCACAAATTGGTTT,0.30831349936423
104,TGGAGGAGATTCGTAAGAAACTCGGGGGCG,0.6294652593537682
105,AAATTTAGGCTTGGCAAGGCGCAGCGGCTC,0.5116318738089478
106,CTACAGAGGTTGTTCTAAACGGGATGGTTA,0.5403991863241198
107,CTTGACAAGATAGTACGGAGATGCTGGTAG,0.392176545997599
108,CCGCCCTCCCCGCCAAGACACGCCAGGAAA,0.4336550627633369
109,AAAAAAATATATAGCCAGGTGCGGTGGCTC,0.3907186968421694
110,AGACTAGCTCAAAGACTCGGTAGTGGGAAT,0.4149793055160391
111,AGCAGCAGTCGCGCATTGCAGAGCTGGAGA,0.3144623040186596
112,AATGGGTACACCTGAAAGACTGTTGGGGGC,0.33144377882695464
113,AAAAGAAGGGCCAGGTCTCGACACTGGAGA,0.553781704279827
114,ACTGGTCCACCATATTAGACCAGTTGGTTA,0.3788490718831552
115,CTTGGGCTCACTTGGAACGGCCTTGGGAGC,0.21530125153125979
116,TGGGGTTACAGGATGCACAGGCGGAGGAAG,0.6815407690121436
117,CACGGTGGGCATGGTGCGGCACCAGGGAAA,0.4781469831949916
118,CTTCTTCAACCATCTCGACTCGCAGGGCAA,0.5160326314240096
119,TCAGATCCGAGAGAAACCTTCGCAAGGGAT,0.42776083888466077
120,GTGTGGTCTGTCTGGATAAAAGCGTGGCAT,0.6706771815506742
121,TGAGGTCCCCAGGGCCCCTAGACCAGGAAA,0.369032618025227
122,CAGAAGGTCAGCCTGCCGTCAGTTTGGGCC,0.18575409620257965
123,GAAAGGTTGCCTCGGAGCGCCAACTGGTGT,0.3071609022311512
124,GCAGATCTCACGCAGTAGCCGCGTCGGGTC,0.45502946473160844
125,TTCCTTAAATATCTAGCATGACACAGGACA,0.2692746881412864
126,GGTCCGGACAACTGTCCCCCGGCAGGGAGG,0.4347603603342729
127,GAGTTTCCGTAGTAGGGCGGGACGTGGTTG,0.4213795973869534
128,ATTTGCGATGCAACAGCTTGGCGGAGGATT,0.6072725153005989
129,TGTGTTTCCTGGCGTGTCTTGGCGGGGAGG,0.46684218569400926
130,TTGTGCACATTGTCAAATTAACTGTGGCTT,0.5044802048509534
131,CGAGCAGCCTCGTGACTGGGCGTGGGGGAG,0.39792152460615093
132,CTGTCTTTATGACAAAGAGGAGCGAGGCCT,0.3783614729574758
133,AGACGGTGACAATAAATACGATGCTGGGGA,0.4960117634079746
134,CGTGGCTTGCGCTAACATCGGGGGCGGGGC,0.5091487685045879
135,TACAGGTCAGTACAGGCCGGGTTCGGGCTG,0.29239916936342225
136,AACTAGAATGCCTAGGTTCCTTAGAGGTAT,0.4260186417852172
137,GTGCTCTGTTCAGACTCTAATAGGAGGTTA,0.5774439914561813
138,AAGGGAATAGCGCTGCAAATTGGCAGGACA,0.3712655948785335
139,GTAAGACGCTCAAGCCACGTCAACGGGAGG,0.1927967752976476
140,TGGTTTTCCCGGGCGGGCACGTGACGGGGT,0.31058928609247305
141,TCTTTTCCTCATCACCGAAAGCGGCGGCGG,0.6646693373892452
142,AATGTGGAGGCGCGAACAAAGGTCAGGGTG,0.543320316329587
143,TAGATCTGACAGCCGAACATACCTGGGGAA,0.5201383341613908
144,CATCTACCTGCATGCTAGAAGCCGAGGCAG,0.6008680463774299
145,GGCGTTGTGCTCTCTGTAACTGCGGGGAGC,0.6685644227781542
146,CGGGAAAAGCGAGCGGCGAGAGCGAGGAGG,0.483890275083499
147,TTCGGGAATCAGGGCGCGGACGCTGGGCGT,0.39874255758682065
148,CAGCGACTACGAGAGCTGCTGATTCGGCAG,0.3584701203740377
149,TCTTGCTAGTATCGAACTCCTGGAAGGAAT,0.5600327090980128
150,AAGAAATTGGGCTTTATGGCTTGCTGGCTT,0.01292866582499319
151,TGCTCACTCGCTACCCCCTTATTCAGGGCC,-0.021117965834183794
152,ATTGTCTAGGGAGTGCTAACCCCTCGGTGA,0.33922787648054586
153,AGATGCTGATGACTACTTATCGATTGGAGT,0.4378249194861181
154,GCTAGGGAGAAGCTAGACCACCACAGGCAC,0.543494595734471
155,AATGGGAGGCTTGCTTTGGCTCGCTGGAAG,0.27435735293793795
156,TGTGATTGACGCCACGTTGACCGGAGGCCC,0.6166438223174291
157,TCCTCCCGGGTTAATTTGTAGCACTGGACT,0.24737469333263795
158,ATCTTTCCGCTCTCAGTCTAAAGCAGGTGT,0.25344196878568104
159,GGCTGGAGTGCAGTGGATTGATTGCGGCTC,0.5025549181467854
160,TGGGGATAGTAATCCGGACATGACTGGAAT,0.395533867757871
161,GTGACGATCCAAATTTGAACGCCGGGGACA,0.49427211926702586
162,GGAGGGGGCTCCGTCACCGCATCCTGGGCT,0.262410853402425
163,ACAAACTGGTTTGGGGCTCGCTCTTGGTCC,0.10555900014151265
164,AGGAGAGGGAGGCGCTCGGCGGACTGGACA,0.3890380617866438
165,GTAAATCACTCCGCACGCTATTAATGGTCC,0.14642874485222523
166,GTGAGATTTCATGAAGATGGCGCCAGGACG,0.30995788186966844
167,GAAAGGTTGCCTCGGAGCGCCAACTGGTGT,0.3071609022311512
168,CTTGACAAGTGCCCCCAAATTAGGTGGTTT,0.3025905030577736
169,TGAGGCTGTCGGTGTCAAACAACCAGGTAC,0.4180176388355674
170,ACAGGTGATATTAACGCTTCCGCCTGGCAT,0.391475411765396
171,GGCACTGAGGCGGGGTACATCTTCAGGCAC,0.16787472611042964
172,GCTGGAGTCTACCTGGAAGGCTCTAGGGGA,0.2875287643968216
173,CGTTGATGGCGCTATCACGGCACCGGGCTC,0.35116717969896416
174,GGTTCTCTCAGCAGCAGACGTGTCCGGTAG,0.30980745559519596
175,AAGGAGGAAGAAGCACAACGGCCCAGGCAG,0.5739159465258898
176,ACTTAATTCGTGCTGCAAGTCCAGAGGTAT,0.6214143916547237
177,CTATATACATAGGATAAGTAGTACAGGCAG,0.4067770633569081
178,CCCAGATATATAAGGGCTATCAGATGGGTT,0.4122334692702432
179,TGTACCACGATGGAAAAATTATCGTGGATT,0.2201056110568309
180,ATGGTGGGATGGCAGTGACCGCCGTGGTGT,0.7321043546660815
181,CTGCAGCGACACCAGGTCCGCGCGCGGCGG,0.6635225115444454
182,TGCACATTGAAGCTCTATGCCAGTGGGGAC,0.25947101460346933
183,TATATTGACACAAATTCCCAGTACAGGGGG,0.2704094647528563
184,TCTTTTCCTCATCACCGAAAGCGGCGGCGG,0.6646693373892452
185,GAGGGACAAAGACCGTGTGAAGACAGGGCA,0.4075850837231796
186,GGCTATTGGGTATGTTACTGCCGATGGGAA,0.3644775115320613
187,GGCACGTGTGTCGCAGCCCGAACCCGGCCT,0.366244305195055
188,ATGGGGGGTGTCTGGGTCTGCCGATGGGGC,0.5081268739691607
189,ACACACAACCGACAGCTGAGACGAAGGGCT,0.5729777897180153
190,CCTGTGCCCCTAACTGTGTAGCGGAGGTCG,0.6196323422450745
191,GCTGCTCAGTGGTACTTAACGTTGAGGTTA,0.3574488465741199
192,GGATTCCGAGCTTCGCTTGAGAACAGGGCA,0.3068554069498426
193,ATCTTGATGTTTTGGTCCGTCTGAGGGTCA,0.22329772493066002
194,GGGAGGGAATGGGAGGACGCTTGCGGGATA,0.291390812588882
195,GCCGGCCAGGTTCGTCGTGTCAAGAGGGGC,0.4895133728450991
196,GGGCACGTGACGCGCACGGCCAATGGGGGC,0.12375539249757939
197,TAAACTCGAACTTCGCCGGTTAATGGGCTT,-0.15702417076885133
198,GGGGGCGCACACAGGGCGGGAAAGTGGCGG,0.3641200948891268
199,CAACAGCAAGGAGTGAATTTCCCCTGGAAT,0.4562723623821352
200,TGGGACCGCACGGGAGCCGAGGCAGGGGAT,0.5622587275342432
201,ATTCAGTCCACTACCGATGGGACGGGGGGC,0.5398565083275624
202,CAAGATATCTGGTGGAACATCTCGAGGTGA,0.5874867266594126
203,AGAAAGTTGGAAAGCTCGGCGTGTTGGATA,0.22901701312755773
204,CTCACAATTCCATATTACGATGCTGGGCTG,0.26961599857839436
205,TTTATCAATTGCAGCCCGTGGACGGGGAGC,0.4713440864604457
206,CATGTCCCCATAACTACGCTTGCGGGGATT,0.4456241463311159
207,GAAGGCACGGCTGGAACGTCCGGCTGGCTA,0.39408195918517497
208,TGCTGAAGTCTCCCCTGATCTGATAGGACA,0.3927112020449868
209,ACAGCTAGTGGCATAGCCAACTTGAGGTGC,0.26329062193648767
210,GGCCGCCATCCTCGAAGAAGACGAGGGTCT,0.8452252717104003
211,CTGTGTGGAGCACCCGGGCCGGCTAGGGGA,0.4008736320503339
212,GAAGAGTTGGATACTCAGCGTCGCTGGCAG,0.3098602281840821
213,CTCCCCACCTTCTTAAACTGCGGGTGGCAA,0.44168856563303005
214,CACTGGCCTACTACAGGGACGCTGAGGCCT,0.5651869871767949
215,GACACCAGAAGATGATATGCCGATAGGACG,0.4383422164294768
216,ATTATCTGCAATGGACCGGGTTAATGGGAG,0.05086860373115476
217,CAAAGGTGAGATGATATCAACCTCTGGTTC,0.37344984010399473
218,CGGCGGTAGCGAGCGACACTCCGCAGGATT,0.6074249459365102
219,GCAGCTGCGGCACTGGCCTACTACAGGGAC,0.11092993848663091
220,CGGCGGGGGCTACGGCGGACGCTACGGCGG,0.46183616194425947
221,ATGCTAGGGCGCCTGATTTAAGAATGGGTG,0.3157646617239189
222,CCTCATAGATTTTCTCCCGCCGATTGGCCA,0.1757610340415754
223,ACTCTTCGAACTCCCGCTCGATGGTGGTGG,0.6459954818358618
224,GCCAAACCCTACCGAACTCAGATCTGGATT,0.3290180291928446
225,GGACACCATTCAGTCCACTACCGATGGGAC,0.555576194397964
226,AAATACATGGTAAGTCAGAAGACCAGGAAA,0.3716467320747343
227,CTTTGTGGAATAACAGACTACTGAAGGTAA,0.3725171004255723
228,TAAAAGTTTCGGACTCCTCCACAATGGCTT,0.46723403672926844
229,AAGAATATCCCTCTGGGCTAAAGATGGCTC,0.3196846068287842
230,TCCCAGTTTGGTTTCGTAGGCGCGGGGCCG,0.5569411288238526
231,ACAGGGCGGGAAAGTGGCGGTAGGCGGGAG,0.36567253038393543
232,CCAGGGTAGGGATCCATGAAGCAGAGGCGG,0.9347738813114244
233,GATTTGTGCATATTTATTGCATCGGGGCAA,0.2769944911154152
234,GAGAAGCCATTGGTGTTGACGCTGAGGGCT,0.4472470697112112
235,TCCCTGGTACCAAGCGCTTAGAGCAGGTGG,0.5357659472838769
236,ACCACGAAAACCCTCACTCGCGGCGGGCCG,0.3767380491371328
237,TTACAGACTTTGATGAAGTCCGGCAGGAGA,0.30653062775569384
238,ATAAGATCTTCGTCAACATCCCCCTGGAAA,0.429898188121409
239,TGGACTTGAGCTGTAGTTTGACTATGGGAT,0.011689419527687095
240,TCTGGAGCCTGCCTTCGTCCTCGATGGGTG,0.5041354160573097
241,CCATTCAGTCCACTACCGATGGGACGGGGG,0.6217530428627891
242,CAAACTGTGGCAGCAACGTCAGTCGGGCAA,0.2038798987197612
243,TGATGCTGCGGCCGTGGCTGCATTTGGGGA,0.11237758929968289
244,CCCATTAGCAGGTGGGTTTAGCGCTGGGAG,0.42602404682992945
245,ACGGCCGGGTGAAATGGGTGTCGCTGGGTG,0.2283771881337131
246,GGGCGTGGACCCCGTCATTGTTCCCGGCTA,0.24085143084878813
247,GAGAGTGGCGGGGTCGGCGCAGTTGGGCTC,0.3060288805299336
248,CTGGGAGTGGTCGCGCGGAAACTCTGGCTC,0.44537265453040287
249,TATTGCAGCTTGTGCGCGGTAATTAGGTTG,-0.0881430010066444
250,AGGAGACAGACACCCCGTCCTCGCTGGCCA,0.47784819804421996
251,GGCAGATTTCGCACAAAACACGGAGGGCTA,0.6441218439737966
252,CAAGGATAACCAAGGCAGGGGCGCTGGAGA,0.32479458772145
253,GGGAGGGCGGTGTAACCTGTGCTCTGGCTG,0.5941564805203536
254,ATCCTTTTAACGGACCCAATGGAGAGGCAG,0.5762898143214927
255,CAGATGTGCTGATTGTAGTAGCACTGGAAG,0.5044378049376799
256,CTCTCCTTCCATTGATGGCCGACTAGGCCC,0.23543975685629648
257,GGGTGCTGCGCATTCAATACGGCGGGGTGC,0.7495457798248744
258,GCAGAACCGACGGAGGGCGTAGTGGGGACA,0.4250792305454443
259,AGAAATGGGATCTGCCCGGCGCAGTGGCTC,0.5230361764257883
260,TGCTGGACGGGCACGTGACGCGCACGGCCA,0.6228905076048994
261,TGAGTGATGGACACAACACCGCGGAGGAGG,0.8505045240898177
262,CACACTTCTACCAATCGCCTTAGGAGGGCT,0.18498768265414411
263,GGGGGGGTGGGGACCCGCTAGACCTGGCAG,0.507937790270147
264,GACACTCCACAAATTCGCACGCCCAGGCAC,133.43060950984753
265,GTATAGCTATCCCGCACACTCATGAGGCAG,0.47662761869928194
266,CGCTGGTAATCCCAACACTTAGTGAGGCTG,0.5005083475087528
267,GCAGTGAGCTGAGATCCGGGCCACTGGCCT,0.41334899692976235
268,GTGGTTCACATCCCGCGGCTCACGGGGGAG,0.5042460596839409
269,GGGGTCAAACGGATCCACCACGATGGGCTC,0.2969848527780974
270,TGCTTCTCTACAATATTTCGGATCTGGCGC,0.18566611806646938
271,CAGAGACTTCAACAGGTATCTAGCAGGTGA,0.3860644231531074
272,ATAAATCGGGAATAAACGTAGGGCAGGCAG,0.39547207929508654
273,GGTGGCACTGGGGGACGTCCCGGATGGCAC,0.4448855880339273
274,GGAGCAGCAGCAGCTCCGCCACTCGGGCGC,0.43626254532566033
275,GACCCTCCGGATTCGGCGCGCGTGCGGCCC,0.3014586982433187
276,GTGGCGAGTAGACTCGAAGGTTGATGGGCA,0.14178234948001178
277,CCACGGCCTGTGTCCCGGTAGTCGCGGCCC,0.47801523712899585
278,TCAAATACGAGAGAAACCTTCACAAGGAAT,0.43626119141984177
279,CTGAGCCAGTGTTTAAACAGACGATGGTAT,0.4414213880600595
280,CGCAGCCGCAGACAAAAGACCTCGGGGCCG,0.719294900931924
281,ATTTTCTCGGGGGGTCCGACGCCGAGGAGC,0.4203223171716559
282,AGGGGCGGTGGCCCCATCCCAATCTGGAAC,0.25057821863618623
283,GCGCAGACCGTCCCTGCCGGCCAAGGGGAA,0.502559999206261
284,GGCAGGCGCTCGCTCGGCTCAGAGAGGCAG,0.6742617369507806
285,TAAGATATCTGGAGGAACATCTCGAGGTGA,0.6086919463664326
286,AGAAGTACTTGGCCCTCCGGAAGAAGGAGA,0.4126031647252626
287,ATTGGCTAACCAACTGGTCTAATATGGTGG,0.10592979252893231
288,AAGGCCACAGCCACTGTTGTTAATGGGAGG,0.035639638114659755
289,GCTTCGGGCGGCAAATCCGGCGGCGGGAGC,0.44086204633934756
290,GAGGGCGTCAGATCTCATTACGGGTGGTTG,0.6513883493400476
291,CCCATGACAGCTTGCGAACAATCCTGGGTG,0.39715282771902105
292,GCGCCACGCGCAGACCGTCCCTGCCGGCCA,0.3746855489842502
293,CATCTCGTCCGTGGCGCAGAGTTCCGGGTC,0.21482671335663572
294,CCAACTCTTCGAACTCCCGCTCGATGGTGG,0.2798664572140541
295,TGTGAGGGATGTGGAACACTATGTTGGTAA,0.3744237566401436
296,TCAAACCGAATACACCCGAGACAGTGGAGG,0.6019326577084099
297,GAGCTAGCGTTACACAGTAGAAGCAGGTGC,0.47077678462132955
298,GCTGCCCAACGCACCGAATAGTTACGGTCG,0.25614231408182153
299,CTTGAACTTGCCTTCCTCCTGAGTAGGAGG,0.41426614711336374
300,ACGGGGTTGGCAGCGTTCGGGCCCCGGCTG,0.35162244987756197
301,GGGAGGCGGAGGAATATGTCCGAGAGGGAA,0.5900653709911077
302,AGTAGTAGCAACAGGTACCGTCACAGGAAC,0.40155172004022543
303,CAAAGGTAAGGTGTGACATATCATCGGTTC,0.28236535922616923
304,AGGTGTACCCATTGCTCAACTGTATGGAGG,0.24855967323700412
305,GGGGAGGTTCAGACTTCGGGAATCAGGGCG,0.059723776803193074
306,CCAGTCACTTGCTGCGCTACCGTCAGGTGG,0.4439803349842506
307,ACCTCGGGGCCGGCCTCGCAAAGATGGCGC,0.24744066245616048
308,GCCGGACGCCTGGAACGCAACTCCAGGCAG,0.6253830495105412
309,AGGAGTTGCACAGGTACGGCCTACTGGAAT,0.2551421304763102
310,TCTGCAATGGACCGGGTTAATGGGAGGCTT,0.5643877122567451
311,GTTTACGTAGCATCGCACCAATAGTGGGCT,0.3261423404972348
312,GTACCTGAAAGCCTAGTCAGCCCGAGGCCC,0.47055418082287326
313,ACGAGCCTATTTAGGGATGACAAGTGGACA,0.3484731169024935
314,GCACTGCAGAGATCTAGGCCCTAGAGGAAT,0.3006534957462206
315,AAAAAGTACAGTATTGGACACTGCGGGAGA,0.4061556802140567
316,TCCTGGTGACTAGGATGTCGTCGGAGGAGG,0.6249855169622736
317,GCGAGGTCCTGCCGATCCCGGAGAGGGAGG,0.671560445136085
318,GCAGCAGGAACCACGCGCTGTTGAAGGGCT,0.3203135305678759
319,ACATGAAGTGCATCCCATCAGTTCTGGGCT,0.27400380253035217
320,ATAGCAATACGAGCCATCCTCTGCTGGCTG,0.32422675352991703
321,TAGGATCAAACGGATCTACCACGATGGGTT,0.576414351354799
322,GCGGGTACTGCGCCGCGTCCATGTAGGAGT,0.605093959836277
323,CCTGCTCAGCGCGGCCCACGCGGGGGGGAG,0.4046153093674214
324,TTACTGAAAGAGGAGCCCGTCGTCTGGCTT,0.26165343869547164
325,ATCTCTTTATCCTAAGAGTTGCCCTGGCCC,0.21564438111684203
326,CCGAGAGGGAAGTGTCGACTGCGCCGGCGG,0.7012836208979543
327,GGCCGCAGGCATGTCTGTTCCCGCCGGCGC,0.5708319161242803
328,TGATTTCTGGATCCGGATTACCACTGGCTG,0.43124276171052833
329,ATAAGGTCCTCGTCAACGTCCCCCTGGAAA,0.4195867454880904
330,GAAGAAAATGAGCAACGTGCCACGAGGATC,0.5189260492531214
331,GCTGAGACCGAGCAGCCTCGTGACTGGGCG,0.39150515122839225
332,TCATGATGATGGGCAGCGCCCGAGTGGCGG,0.5089536170426303
333,GAAAGCTGACGCGCTGGTAGATCCTGGTGG,0.4706809259006808
334,AAAGGACGTCGATCGAGGCGGTGTGGGCAG,0.5807002104841508
335,AGACCGATGGTTGTGTCCCGAACGAGGGCA,0.44206754676491977
336,TCAGACACGACATGTGCTCAGCGGAGGGAG,0.6628302902757268
337,GTTTAATCCGGGGTCCTCGCACAGAGGTCT,0.527498451602022
338,CACACAACCGACAGCTGAGACGAAGGGCTC,0.5711113255389526
339,GCCTCACAACGATGTTCTTCAGCGGGGAAA,0.47730166068090085
340,ATTGCCAGTATCATAGCACTACTAAGGAAC,0.16748760630884152
341,GAAAGGGCGGCGATCAAGGCGGTGCGGACA,0.5286038497876011
342,AGAAGACGATTAATGCAAGAACCTAGGTTA,0.49731364842721293
343,TGCCCTCGTTCGGGACACAACCATCGGTCT,0.24733050905487586
344,GACCTCGCTCGACCTAGGCTCCCGTGGACT,0.5603957614769504
345,AATCATTGCAGGTCAGATCAATAGTGGATT,0.32772964230347257
346,TCGCCGAGATCAGTCATCCCGAAGAGGAAG,0.5609664089595086
347,CTCGACCCCACTGTGGCGGCGAGATGGCAC,0.3664526838166471
348,TGCCCCAGTTTGTGGATTCTGCCCTGGTGT,0.3166293865082601
349,CAGTGCTATATACAAAACACCGCCTGGAAT,0.3174149326946498
350,AGCCTCCTCCACGAAAGCCCGTCGAGGAAA,0.6788227588120042
351,CAGATGCCGGAGTTAATTCGCTCAGGGCTC,0.3928890034970274
352,TGCTGCGGGTTGCCCTGTTTGCGGCGGGAC,0.5324071659316534
353,GAATGGGAGGACGCTTGCGGGATAGGGAGG,0.395786155727226
354,TCCTGGAGACGTCCTTCCTTGTCGTGGCAG,0.6639026519036693
355,CACATCACAACCAATTGTTGCTCCAGGACA,0.2596336308606646
356,AAAGACTTACCAGAGACGCCGGGAAGGGGG,0.5855416297257177
357,TGCGAGCACGGCCCATAGGATCGATGGCCT,0.40641599406787
358,ATTCCTTGCGGGTTTCCGTAGCACAGGTAT,0.3372112029106522
359,CCCAATCCAGATCTGAGTTCGGTAGGGTTT,0.4198298150483757
360,AGGATATTAGAGGGTACTGCAGCTAGGTCC,0.4683759859587715
361,CCTTGAAGGGGATCATCTCGTCCGTGGCGC,0.6909307585055864
362,TTGTGCCTGTATATTATCCGAGGATGGTTT,0.27790809413940654
363,TTACATGAGATGCGGTACTCTGCACGGCAA,0.41929656835786644
364,ATGGTTAAGTAGTAGAAGCCTGGGGGGTCA,0.6666819414642282
365,TCTGTGAGTTGCACGCCGTAGCGGCGGCCC,0.5945920516678034
366,CTCTGCACCACTGGACGTTTGCAGGGGAGG,0.6882749897068405
367,TGCAAGCAGCCCTTCAACAGCGCGTGGTTC,0.4956893777763516
368,GAGTTGCGGGAAGCTAGGCATTGGTGGTAC,0.3939364470398692
369,TTAGAAATCGCAGCTAACGTGTGTAGGCGT,0.31293440878777634
370,GGATTCTTGGACCTCGCTCGACCTAGGCTC,0.4901715340156274
371,ACACGCACGGCTTCCGCATCTACCTGGAGC,0.36424142595887354
372,CATGCTAGAAGCCGAGGCAGACCCTGGGGT,0.4902299433975841
373,GAAAATGATAGCCATCCCTAAGTGTGGAAA,0.4810053204338134
374,AAATTTTGGCAATAAGATGACCGAGGGGCA,0.45064355606930184
375,AGGGCCTACAAGACAGCGCAAATGTGGCTT,0.4368767254386243
376,TGAAGGTGGTTGAGCGTACTCGCACGGCCA,0.4977647682193549
377,AGTGGGCAGGTTATCTGGGCACATGGGGTC,0.28844661719431874
378,AATGGCTCGTTGTGGGCACTGTCGGGGTTG,0.5080727852248579
379,GGGAGGTGGTGGAGACTGCTCACGGGGCAG,0.7768163132214447
380,CTGGGAGTAGTCCGCATCTATCACAGGAAA,0.4333864756003458
381,GCGGGAACAAGCTCTACATCCCGTAGGAAG,0.8137771730395826
382,AGGGCCTGTCGAAAGCTCTTCCACGGGACT,0.44737376897304504
383,TACCTGCTACAGTCTCCCGTACCCAGGTGT,0.4564240655355094
384,ACATACAAGCACTTAAGTTTACACTGGTTC,0.30776468103577725
385,GGGCGGCTGGCGCGCTGTGTACTTAGGTCG,0.28293745779442614
386,CAAGAAGATGCGCATGGCTCGATGTGGACA,0.6357372448130374
387,GGCCCCTAGACCAGGAAAATCCATGGGAAC,0.47391881408571024
388,TTCGGGTTGTGCTCACAGTCGCTGAGGTGA,0.6348350945842722
389,ACCATCAGATGAAGGATCAATCTCTGGAGC,0.3424493860069324
390,GACTTCGACAACTTAAACGGCTTCAGGCAA,0.12053877889013787
391,CTCTGTAGCCCAGACTCCCATTATTGGAGG,0.09905113933571619
392,ATGTTCCGCATGATCCGAGGTACTGGGCGC,0.3821463781294141
393,TAATTCGTGCACGGATGTGAATCTTGGTGG,0.2863936339046218
394,ATTTCTGCCGATAAACAACCAATGGGGAAA,0.2937135637797734
395,GCTCTAGGCAATCTGCCCTCGTTCGGGACA,0.24819161117501154
396,ACTCACAGGCTTCATTGACTGAACAGGTTG,0.3429910679153598
397,ATTGGGGCTCAAGTAAGGGACTCGAGGTCC,0.4559915136211812
398,CGAAGATAGAGCAACGGGTCATACTGGATA,0.27720340275050614
399,TACAGCTCAGTACAGGACGTGTCCGGGCTG,0.4713078914735733
400,TTCAGGGGCACATTAATTCGTGCACGGATG,0.3315286367634107
401,AGCATCACTAATCAGAACGGATCCAGGGAT,0.2101045790203233
402,AAAGCCACATTTGCGCTGTCTTGTAGGCCC,0.05447237035426278
403,ACTCTTGAAAACCGGAATCGAAAATGGAGA,0.1270629918828664
404,GTGGACGCAAAGGTCGTGGATCCAAGGTTT,0.31357748893473514
405,ATTTGCTCTTCAAACCTCCTGTAGAGGTAA,0.42534311657289203
406,TCTTTATCCCGGCGTGCAGCCACGAGGTCC,0.48106445084026617
407,GGAAGTTATGGTACTGATGTAACCAGGTGC,0.3164084408305705
408,ATCTGACACTTGAAAATCTTTGACAGGAAC,0.19908299571294186
409,CCCTGCCTGGAGGTAAGCTCTGCGGGGATT,0.6001760212669287
410,CTGAGGATCGCCCTCGTCCTTGAAGGGGAT,0.30955161225829486
411,TACATGCGACTTCGACAACTTAAACGGCTT,0.04594496563068273
412,GGGGTGGGTGCGCGAAGCGAGCTCTGGCCG,0.4863726939136721
413,GATGCATCACACTGTAGATCTCCTGGGAGA,0.34277071891094124
414,AACTGTACTTCAGGAGATTAAACGAGGAAA,0.5393278672612656
415,CCGCCCCTCTTGACACGACGAACCTGGCCG,0.45235392127374596
416,TCCTTCAGGCATTCCACTCTTGTAAGGAAA,0.22459487718698923
417,CCGTCGTCTGGCTTCCGACCACTCTGGAGA,0.3940268489073939
418,TGTTACCGGTGAAGAAGCCGAAAATGGAGC,0.2264942914480641
419,TTGAGCGTTGGGTGGTACTTGCAGAGGTGG,0.6895641572184754
420,GGATATGTAGGGCTTGGCGAGTCTAGGTCA,0.3454790937533643
421,TCGTGGTAGAAGGTGTAACTCCGGTGGGAG,0.7470410486578347
422,AACAGTTTAGCCAAGTATCATGCATGGTTC,0.5122613083234346
423,AGTGGCGCGGTAGTCGTGACCCGGCGGTCC,0.6738653271671871
