,30mer,SSC
0,CAGAAAAAAAAACACTGCAACAAGAGGGTA,0.643205
1,TCAGAAAAAGCAGCGTCAGTGGATTGGCCC,0.238107
2,CCAGAAAACAACGGCCCAGGAGGGCGGCCA,0.643027
3,ATACAAAAGGAAGATTGCTGATGAGGGCAG,0.5445949999999999
4,CAATAAAAGTATCAGTGTGTATAGAGGTGA,0.035121
5,CACCAAACACAAGTGGGAGCAGGCTGGTGA,0.5312560000000001
6,AACGAAACAGTGACGTTCCGTCTCTGGAAT,0.10649000000000002
7,TGGAAAACAGTGTGCAGTTCCAGTTGGAGG,-0.672569
8,CCAGAAACGCCTAAGCCTAGTTGTGGGGAT,0.157775
9,ACAGAAACTGATGGGCTGGCATTCTGGGCT,-0.134668
10,TGACAAAGACTTCTGTGTCCAGAAGGGCAA,-0.21273000000000003
11,CCCCAAAGAGGAGGAGAAGGTGCAAGGCCA,0.45147299999999996
12,AAGGAAAGCAGACTTATGGAGACATGGAAG,0.42108199999999996
13,GAGGAAAGCAGCCAGGACAGCAGTGGGCAG,0.823325
14,TGGTAAAGCAGTCGCCCCTGCTTGTGGTAG,0.22778800000000002
15,AGCAAAAGGCCACAGTTATTGTCATGGTCA,-0.8662610000000001
16,CACAAAAGTAGTCGCCCTCATCCTTGGTGG,-0.474497
17,CTGCAAAGTCTCTGGCAGGGGCGTAGGGCT,0.233148
18,TCAGAAATAATACCAACAACTGGAGGGAGA,0.230613
19,CCAGAAATGATGATTGCTGCTCAGGGGCCA,-0.0498
20,TCCAAAATGCTAAGTGTGGAAATGAGGATT,-0.489274
21,ATCCAAATTTCTGGCTGCAAGTGCAGGAGT,0.219979
22,TTCCAACAAAATGTCAGAATGGATTGGCTC,0.18190499999999998
23,GATGAACAACAGGAACTCGTTGAAAGGGGT,0.10764100000000001
24,TGGTAACACTGAGACAGCTTCTCCTGGGCA,0.24810900000000002
25,CCAGAACAGCAACGGTCGCCATGTTGGAGA,-0.10993800000000001
26,CGCCAACAGCAGGAGCAGCGTGCACGGTAC,0.13968
27,GTCAAACAGCTCACTGATCTGGGCCGGCGT,-0.445533
28,CATGAACATGACTCCCCGGAGGCCTGGGCT,0.554772
29,CCCAAACCCAGCGGGCCTGGCCCCAGGCAC,0.452618
30,CAGGAACCCCATGGTCTGGCCAGCTGGTGA,-0.134668
31,CATGAACCGCTGGACCCTGCAGATGGGCTT,-0.096759
32,CCAGAACGATCTCTTCAGCACATCAGGCAA,0.381083
33,CGGTAACGATTCCACGCTTTACTTTGGTCC,-0.7908029999999999
34,CAGAAACGCCTAAGCCTAGTTGTGGGGATC,-0.753155
35,CGGGAACGCGACGCTGCTGCGCACAGGTGC,0.283351
36,AAACAACGGCCCAGGAGGGCGGCCAGGCGC,0.34048
37,TAAAAACGTACAGGCCCCTGTCATTGGGGG,0.165525
38,TGAAAACGTGGACGGCGGCGGACATGGCGG,0.365787
39,TGGAAACTACTGAATTGTCTTCTTTGGAGA,-0.5382140000000001
40,GTGGAACTCAGTGACATTCCAGTTGGGGTC,-0.256254
41,CAGAAACTGATGGGCTGGCATTCTGGGCTT,-0.277685
42,ACAGAACTGGTTGCTGTGGTAGCAGGGAGT,-0.39633
43,AGCCAACTTCACCACCAAGGATGAGGGCGA,0.534108
44,CAAGAAGAAAATAAGAAGAAGAACAGGAAT,0.678933
45,CTAAAAGAAACGATCGGTGACTTTTGGCAG,0.5336609999999999
46,ATTGAAGAGAGACAGTACATGCCCTGGGAG,0.604651
47,AGAGAAGAGGAAGCACGTGCTCTCAGGCAC,0.61427
48,GATGAAGATGAGAAGGAGAAACACAGGTAG,0.399093
49,GGAAAAGCAGGTACGAGGCCAGGGAGGAGG,0.240997
50,CTGGAAGCAGTGCTGATGTCTTGCTGGAAA,-0.5089600000000001
51,GGCCAAGCATGGAGGAAGGCACTCGGGCTT,0.22357800000000003
52,TCGAAAGCCAGGTAGAACTTGTAGCGGGCC,0.07925800000000001
53,GTTGAAGCGCAGCCGGCAGTCAGGGGGCGG,0.23621999999999999
54,CTCCAAGGACAACCAGAACAGCAACGGTCG,0.343413
55,GGCCAAGGACAGGCCCCTGGGCCTGGGGAA,0.493018
56,CTCGAAGGAGACCATCAGCCCCTGGGGGCA,0.001308
57,CTACAAGGCCAAGGACAGGCCCCTGGGCCT,0.33395
58,AGCTAAGGCGACAGAGGTGTCTGATGGTGC,-0.007273000000000001
59,GCCCAAGGTTCAGAGCCGCCTGGTCGGGGG,-0.19329200000000002
60,GTGGAAGTAGCGGCGATAGACCGCGGGGTT,0.40860799999999997
61,TGCAAAGTCTCTGGCAGGGGCGTAGGGCTG,0.608874
62,TGGAAAGTGCAGAAACAGAAGATGTGGTTG,0.341984
63,GCTGAAGTGCGCCAGAGATCACAGTGGGAG,-0.0012519999999999999
64,CCAGAAGTTTGAGCCACAAACCCATGGTCA,0.411775
65,AGACAATAGTATAAATGTTACATGTGGTCC,-0.15073399999999998
66,CTGCAATAGTCACTGGAGCTGTGGTGGCTT,-0.09944800000000001
67,TGGAAATATAGAAGCCCTTGGCCATGGTGA,-0.13002
68,CCTGAATCATAGACACCAGGTCTTTGGGTT,0.725719
69,TAGGAATCGGGTTTCAGCGTGTTGGGGAGG,0.597422
70,TGACAATGAAGGCCAGCAAGTACGTGGACA,0.505546
71,CAGGAATGACACCCACCCTACCACAGGGTC,0.403756
72,TCATAATGACCAGCAAAGAAGTTAAGGATG,0.402095
73,GTGGAATGACCTGTGGCTGAACGAGGGCTT,0.22353499999999998
74,CATTAATGCATCCTTTGTGATGGTAGGTAC,0.032428
75,CTCGAATGCCGAGTTCAACTGCGACGGGGA,-0.132939
76,TGTCAATGGGAAGATTCAAAGAAATGGGAC,0.079038
77,CATCAATGTAGCTGGCATTTATGTAGGTGG,-0.798466
78,TTGGAATGTCTCAGCTCAAAAGTTCGGAGA,-0.349061
79,CCGAAATTGGGCTCCTGCACACAGTGGCCC,0.171531
80,CGCCACAACAGCAGTAGCGCCACGAGGGCC,0.411206
81,ATGAACAACAGGAACTCGTTGAAAGGGGTG,-0.367768
82,GGAAACAAGAGACCAGAGCAGGAGTGGTTC,0.451427
83,GACAACAAGCTCTAACGAGACCAGTGGACC,0.290935
84,GAAGACAATTCAGTAGTTTCCAAGGGGGTC,-0.44528900000000005
85,TCACACACACTGCTGCCCCCGACCAGGCGG,0.239907
86,CGGTACACATCATTCAGCACCATGAGGTCT,0.5605829999999999
87,CAGAACACCATCTACCTGAACCTGTGGGAC,-0.364267
88,AACTACACCCTCAGCCAGGGGCACAGGGTG,0.299006
89,CCTCACACCTTGCAGATCCGGATCTGGGCC,0.403487
90,GTGCACACGGCTGCCACGCCCAGGAGGATC,0.029071
91,CCGAACACGTCCACGGTCACATGTTGGCTC,-0.214299
92,GGAGACACTCACGGGTTATTATTGGGGTTC,-0.949625
93,GGTAACACTGAGACAGCTTCTCCTGGGCAC,-0.46916199999999997
94,AGGCACAGAACAACCCTGTCTGCTGGGATC,-0.661884
95,ATCCACAGACAAGCTGGTCAAGTGTGGCGG,0.019783000000000002
96,TGAGACAGCTTCTCCTGGGCACAGAGGAAC,0.15625799999999998
97,TGTCACAGGATTGGCTGCAGTGACAGGAGG,0.49003
98,GCTCACAGGCCCAGGACACAGAGCAGGTCA,0.12036600000000001
99,AGTGACAGGGACCTTATGGGCACTGGGAAT,0.5818479999999999
100,TTGGACAGGGCTGTCAGGTCCTTGGGGTGG,-0.010341
101,GGAAACAGGGGCTGGTGGCATGGGTGGTGA,-0.23681799999999997
102,ACTTACAGGTGACGTTGAGCTGGATGGTTC,-0.030581
103,TACAACAGTAAGCTCCAAGACCAGTGGTCC,0.38393
104,AGGCACAGTATATCCTGATTCATCAGGCTT,-0.156944
105,GGAGACAGTGGATGGAGGAGGCTCTGGGAA,0.7548739999999999
106,TGTGACAGTTCTGCAGCCAGGGGCCGGGGA,1.076666
107,TGCCACATACCTGCTGGGAACGCTGGGTGA,0.041145999999999995
108,ACTTACATAGCTGCACACCACCCCAGGCCG,0.664891
109,GACTACATGAACATGACTCCCCGGAGGCCT,0.003149
110,ATGAACATGACTCCCCGGAGGCCTGGGCTC,0.61553
111,TTACACATGCCATGTGTACCATCAGGGGCT,-0.569952
112,CAGGACATGGAGCTTGTGGAGACCAGGCCT,0.279281
113,CCACACATGGCCAGCAGCACCACCAGGAGT,0.33699
114,AGTGACATTCCAGTTGGGGTCTTCTGGAAG,0.5774560000000001
115,TGTAACATTTATACTATTGTCTGTCGGCCG,-0.292485
116,AGCTACCACAACGAAGCAAACATGTGGTAA,0.274482
117,TGTCACCACAGCTACTGGGTCTCTGGGGCC,0.27924899999999997
118,ACTTACCACATGTTTGCTTCGTTGTGGTAG,-0.5136729999999999
119,AACCACCACCAAGGCAATAAGCATGGGCAC,-0.194416
120,TTCCACCACCGCGACCTCGTGAAGGGGCCC,-0.185387
121,ACCCACCACCGTGCCGGAGCCCACAGGTAA,0.311812
122,AGAGACCAGAGCAGGAGTGGTTCATGGGGC,0.547821
123,AATGACCAGCAAAGAAGTTAAGGATGGGGC,0.009023
124,GGACACCAGCTCCTGCAGAGCTGAGGGACC,0.282652
125,CTTCACCAGCTTCTTGTAGACCAGAGGACC,-0.181118
126,CCCGACCAGGCGGCTCTGAACCTTGGGCTG,-0.35689099999999996
127,AGACACCAGGTCTTTGGGTTCTGCAGGCAG,-0.30596
128,GTGTACCAGTACCAGTGTACCACATGGAAA,-0.107573
129,CACGACCAGTGCCCAAAACAGCTTAGGAGA,0.324328
130,CAGTACCAGTGTACCACATGGAAAGGGGAA,0.207071
131,CTCCACCCACAGGCTGTGAACAACCGGTCC,-0.20549499999999998
132,CAGCACCCAGGTACTCCACGTAGGAGGCGA,0.24454099999999998
133,AGAGACCCAGTAGCTGTGGTGACAGGGGGA,-0.28112
134,ATCCACCCAGTGACCCCTCCCCTCTGGAGG,-0.328146
135,AATCACCCCACGGCCCCAGGACCACGGCAC,0.746525
136,GAGCACCCTCTTACCTGTGGGCTCCGGCAC,0.5890890000000001
137,CATCACCCTGACCTGGCAGTTGAATGGGGA,-0.00907
138,AGTCACCCTGAGGTGCTGGGCCCTGGGCTT,0.372399
139,GAGCACCGAGGAGTGAGTAGTCCTGGGGCC,0.5031260000000001
140,TGTGACCGTGGACGTGTTCGGCCGGGGCGG,-0.15617999999999999
141,GGGCACCGTGGGGCTCGCCGACGGCGGCGG,0.72144
142,AAATACCTCAGCGAGTGTGGGCCTGGGGGC,0.708555
143,GGCGACCTCCAGCCCCAGGCCCCCGGGCCA,0.315062
144,AAAAACCTGACCTGCTCTGTGTCCTGGGCC,-0.0084
145,CTGTACCTGAGCCTACTGCCTCTCAGGAAG,-0.01991
146,CCTCACCTGCTCCTCAAACTTCGACGGAGA,-0.318899
147,TGCTACCTGGTATTCAGCCTCCAGAGGGGA,0.159428
148,GGGAACCTGGTGACCATAGAGTGGTGGAAT,-0.12571
149,GGTGACCTGGTGGTTATGGGATCTTGGGTA,0.381378
150,CCTGACCTGTCAGGTGAAGTTCGCTGGAGC,0.026001
151,TCTTACCTGTGGGCTCCGGCACGGTGGTGG,0.138431
152,TACAACCTTCTCGCAAAGGAATTCCGGGCA,0.492209
153,GGTGACGAAATACCTCAGCGAGTGTGGGCC,0.61636
154,AGCAACGAGGTCAGCCTCAGCTGCAGGTAT,0.029115
155,TCACACGATGTGAAGAAGGAAACAGGGTAA,0.30637
156,CTCTACGCAAAGCACGGCCTGGGGTGGTGT,0.29686399999999996
157,TTCAACGCCGGCGCCATGGAGAACTGGGGA,0.192974
158,TAGGACGCGCGGTCGGTGAGCAGGCGGCAG,0.192777
159,CGGTACGCTGCAAAGTCTCTGGCAGGGGCG,-0.164918
160,GCGGACGGGGTGGTGGAGGCCACGGGGGAG,0.20532399999999998
161,GGGGACGGTGGGAAGAGCTATGTCGGGAGC,0.38343299999999997
162,AAAAACGTACAGGCCCCTGTCATTGGGGGT,0.032
163,AAGCACGTGCTCTCAGGCACCCTTGGGATA,0.358138
164,GTCCACGTGGATGAAGGCGCCGCGGGGCAC,0.683344
165,CGGTACGTGTGCTCGGGTATCCCAAGGGTG,-0.151041
166,AGTGACTACATGAACATGACTCCCCGGAGG,-0.327952
167,GTGAACTACGACGAAGAGAACTGGAGGAAG,0.188211
168,TTATACTATTGTCTGTCGGCCGGGAGGTTT,0.141247
169,AGAGACTCACCCAGCGTTCCCAGCAGGTAT,-0.598534
170,TGGAACTCAGTGACATTCCAGTTGGGGTCT,-0.10490799999999999
171,AGCCACTCCACGCACGTGCCCTCCAGGTAG,-0.325285
172,AAGAACTCCCCAGTTCATGGTTACTGGTTC,0.592105
173,TCGAACTCGCTGTCCATCTCATACTGGCTG,-0.44739799999999996
174,TTGAACTCGGCATTCGAGCGAAACTGGGGC,0.65499
175,ACCAACTGAGCCAACATGTGACCGTGGACG,-0.305322
176,CCACACTGCAGAGACTTACAGATGAGGTTC,-0.171568
177,CCACACTGGAACTCTCCACAGAACTGGTTG,0.294149
178,AGCCACTGGGACGAGCGCCAGGCCCGGGTC,0.3938
179,GAGAACTGGGGACTGGTGACCTACCGGGAG,-0.173225
180,TCGCACTGTCAGTGGTGTACTCCCAGGAGA,-0.36905
181,CGCCACTGTCCAGGAAACAGGGGCTGGTGG,0.8201940000000001
182,GCAGACTGTTCCTGGCTGAATTTCAGGTAT,-0.504586
183,ACTTACTGTTCTGGTTCACTCCTGTGGGGC,-0.481117
184,AGAGACTTACAGATGAGGTTCCCCAGGCCC,0.054587000000000004
185,CAGCACTTACAGGTGACGTTGAGCTGGATG,-0.133226
186,AGGTACTTGGAGCTGTGATATGTGGGGTAG,-0.290222
187,CTGCACTTTCCAAGAGATTGAACAAGGCAC,-0.05631900000000001
188,AACCAGAAATGATGATTGCTGCTCAGGGGC,-0.274893
189,AGAGAGAAATTGACATTCACCTGGTGGTAC,0.021031
190,AGCCAGAAATTTGGATCCATAGCCAGGGCC,0.045743
191,CTGTAGAACAAGTGCGCAGAATACTGGCCA,0.489972
192,TACAAGAAGCTGGTGAAGAAATGTAGGTAC,0.045624
193,ATCAAGAAGTACAGGAGGAGACTCAGGGCA,0.598282
194,GCGCAGAATACTGGCCAAGCATGGAGGAAG,0.153921
195,GCCAAGAATCAAGTGGCATGTTACTGGTGC,0.286384
196,GCGGAGAATCCGAGATATGAGCCGCGGGCG,0.28834699999999996
197,AAGAAGACAATTCAGTAGTTTCCAAGGGGG,-0.571458
198,GGGGAGACACTCACGGGTTATTATTGGGGT,-0.43650500000000003
199,GATGAGACAGTTGATGACTTCTGGAGGATG,-0.22934899999999997
200,GCCAAGACCCAAACCCAGCGGGCCTGGCCC,0.669519
201,CGATAGACCGCGGGGTTGCGGTCGAGGAAA,-0.083981
202,ACGAAGACCTGAAAACGTGGACGGCGGCGG,0.9765459999999999
203,CCAAAGACCTGGTGTCTATGATTCAGGACC,-0.205317
204,ACACAGACGGTCCATGGCAGCCCCCGGCCT,0.831735
205,CAGTAGACGGTGGACCGCAGGTTGGGGTGG,0.652096
206,AGAGAGACTCAGGGCCTACCTGGAGGGCAC,-0.608093
207,TGCCAGACTTCAACGCCGGCGCCATGGAGA,0.218939
208,TTGAAGAGAGACAGTACATGCCCTGGGAGG,0.145489
209,AAGCAGAGAGACTCAGGGCCTACCTGGAGG,0.386675
210,TGACAGAGATGGATCCCAGCAGACAGGGTT,0.514026
211,CGTTAGAGCTTGTTGTCACAGTGGTGGGGG,0.030248
212,TCATAGAGGAACTGGTATTGCTCCTGGTGA,0.15803299999999998
213,CGCCAGAGGCAAAAGCGGAGGACTGGGGCC,0.597404
214,CTCCAGAGGGGAGGGGTCACTGGGTGGATC,-0.503973
215,TGACAGAGTTAGTGAATGGAGACCAGGTTT,0.343591
216,GAGCAGAGTTTCCGAGTGGACCTGAGGACC,-0.165676
217,GTGGAGATCCAGATGGAAAACAAGTGGAAA,0.311008
218,TTACAGATGAGGTTCCCCAGGCCCAGGGGC,1.097067
219,TTACAGATGATGAAAAGCAGCTGATGGATG,1.113193
220,ACACAGATGCAGGCTGCAGATGCCCGGAAG,0.41921400000000003
221,TATGAGATGGACAGCGAGTTCGAGGGGGAG,-0.499742
222,GGCCAGCAAGTACGTGGACATCTTGGGCGT,-0.304732
223,AGTCAGCACCCAGGTACTCCACGTAGGAGG,-0.136404
224,CAGCAGCACGCCCACCGGTCGCGACGGGGT,-0.192896
225,CCAGAGCAGATGACGGTGAGCGCCTGGCCG,0.349352
226,ATGGAGCAGGAGGGGCCCGAGTATTGGGAG,0.496532
227,CCTCAGCCACCACCAACCCCGCCTCGGCCA,0.682772
228,CTGCAGCCAGGGGCCGGGGACGGTGGGAAG,0.494088
229,CGAAAGCCAGGTAGAACTTGTAGCGGGCCA,0.19606099999999999
230,TAGAAGCCCAGGGCCCAGCACCTCAGGGTG,0.435242
231,GGGAAGCCCATCTGCAGGGTCCAGCGGTTC,0.12479200000000001
232,CACCAGCCCCTGTTTCCTGGACAGTGGCGG,0.362538
233,AGGGAGCCCTTGAGGTGCACCACCAGGTAC,0.218779
234,TCGCAGCCGTCGTAGGCGTACTGCTGGTAC,0.005147
235,CACCAGCCTGCTCCCACTTGTGTTTGGTGA,-0.107471
236,GAACAGCGACGTGGAAGTCTGTGTCGGGAA,0.006032
237,ACCCAGCGCTGGCCCGGGGGCCTGGGGCTG,0.711791
238,AGGCAGCGGAGCACTCACCTGGCCAGGTTG,0.44851800000000003
239,AGGCAGCGGCGGCGGCAGAAGCCCTGGCGA,0.091851
240,GAGGAGCGGGCTGCACCTTGCTGTAGGAGA,0.316173
241,TCTCAGCGTCACCCGGTAGGAATCGGGTTT,0.5789310000000001
242,CATCAGCGTCGCTCTCCTGCTCTCAGGTAC,0.117309
243,CACCAGCTCAGTCTTGTCAATGTCGGGGGG,0.125088
244,CTCCAGCTCCTCCCAGATTGCAGCTGGTGC,0.131754
245,CACCAGCTGCAATCTGGGAGGAGCTGGAGA,0.777043
246,GTTCAGCTTCTGAATGATGTAATCAGGACA,0.007409000000000001
247,TTAGAGCTTGTTGTCACAGTGGTGGGGGGT,0.25646199999999997
248,ACCCAGGAAATACATTGCTGCACAAGGTAA,0.564508
249,ATCTAGGAAGTCTGTGCTCAGTACTGGGGC,-0.23300700000000002
250,GCCAAGGACAGGCCCCTGGGCCTGGGGAAC,0.46698500000000004
251,GAGGAGGACAGGGGGTCGAACAGCAGGGAG,0.3841
252,CCGTAGGACGCGCGGTCGGTGAGCAGGCGG,0.191457
253,TCGAAGGAGACCATCAGCCCCTGGGGGCAG,0.7579739999999999
254,GAGCAGGAGAGCGACGCTGATGGCTGGGTT,0.455196
255,CGGTAGGAGAGCGTCCAGTTGAAGAGGTTA,-0.110535
256,TTTGAGGAGCAGGTGAGGGTCTTCAGGAAC,0.826933
257,GTGCAGGAGCCCAATTTCGGGCACCGGCTG,0.866315
258,ATCCAGGATGTGTTCTGAACCAGCAGGCTT,0.16054000000000002
259,TGAGAGGCAGTAGGCTCAGGTACAGGGGTG,0.45621999999999996
260,ATCCAGGCCAAGACCCAAACCCAGCGGGCC,0.129217
261,TACGAGGCCAGGGAGGAGGCACTTGGGAAG,0.417541
262,TTCTAGGCCATCCCTGTCATCAATCGGGCA,-0.28129
263,CCACAGGCCCAAAATCCTCATCCCTGGCAC,0.21169000000000002
264,GGCCAGGCCTGAGGGCGGGTCGCCGGGGTG,0.278845
265,ACGAAGGCCTGAGGTGCACAGGTGTGGTGG,0.088699
266,TCCGAGGCGGGTGTGGACAGCGGGTGGGAG,0.837657
267,TCGTAGGCGTACTGCTGGTACCCGCGGAGG,-0.167917
268,GGGGAGGCTGACCCTGTGGTAGGGTGGGTG,-0.012378
269,ATGAAGGGAAAGGACCAAGGGCCAAGGGGT,0.9820540000000001
270,TCACAGGGAAGAATGTCAACATAACGGTTT,0.401474
271,GCTCAGGGAGCAGTTGTTCCTACTGGGATC,-0.378289
272,ACTCAGGGCAGATTCCGCCTCCTTGGGGAT,0.6266390000000001
273,CAGCAGGGGCAGCAGTAGCAGCAGCGGCAT,0.23980700000000002
274,CAGGAGGGGCCCGAGTATTGGGAGCGGGAG,0.196192
275,GGCTAGGGTAAGGACCTTGATATAGGGCTG,-0.15698199999999998
276,GCCCAGGGTGCAGTACTCACCGCCAGGCCC,0.405258
277,GCACAGGGTGGTCCTGCGTGGTGTGGGAGG,0.261395
278,GCTCAGGTACAGGGGTGCTCATGCTGGCAC,0.14238599999999998
279,TGCCAGGTCAGGGTGATGTCAGCAGGGTAG,-0.348575
280,CTGCAGGTCCGTCTGTCACAGGATTGGCTG,0.283073
281,CCCAAGGTTCAGAGCCGCCTGGTCGGGGGC,0.212193
282,GGTCAGGTTGGTGCCGTGGTCCTGGGGCCG,-0.123151
283,TTGTAGTAGCCGAGCAGGGTCCTCAGGTCC,0.274365
284,TGGAAGTAGCGGCGATAGACCGCGGGGTTG,-0.08183
285,AGTGAGTAGTCCTGGGGCCCAGGGAGGTGG,0.138192
286,CAGAAGTCATCAACTGTCTCATCCCGGGGC,-0.190717
287,ACTCAGTCATCTCCTAAGCTGTTTTGGGCA,-0.015481
288,AGGGAGTCCATGCATCTCACTCGAGGGCCC,-0.301078
289,GAGTAGTCCTGGGGCCCAGGGAGGTGGGGG,0.43284300000000003
290,TTCGAGTCGCCCTCGCACTCCCCGGGGCTG,-0.169817
291,TGGAAGTCGGCTACGTGGACGACACGGAGT,0.037145
292,GGCCAGTCGGGGGGCCCCTTCACGAGGTCG,-0.5602020000000001
293,TAAAAGTCTGATTACTAGATTCATAGGTGT,-0.29162899999999997
294,CTGTAGTGAGACACAGCTCCCGTTCGGGGC,0.038995999999999996
295,GAGGAGTGAGTAGTCCTGGGGCCCAGGGAG,0.576778
296,ACAGAGTGCCACTTAAGCATGAACTGGAGA,0.87249
297,CTAGAGTGCCAGGGATGAGGATTTTGGGCC,0.8539610000000001
298,GCCCAGTGCCATTGCGGCGGGCCACGGCGA,0.6920970000000001
299,CTGAAGTGCGCCAGAGATCACAGTGGGAGG,-0.101395
300,CCTTAGTGCTGGTGTTGGGCGTACAGGTAC,0.241031
301,GGACAGTGGCGGGGCCAGGCCTGAGGGCGG,-0.046132
302,TGACAGTGGCTCTTTGTGTTATCTGGGTAA,-0.9126540000000001
303,CGGCAGTGTGCGCCTGGATGCCCCAGGGCG,0.394784
304,TCGAAGTTCATCCAAACCCAGCGCTGGCCC,0.761328
305,CCCCAGTTCATGGTTACTGGTTCCGGGAAG,0.5736100000000001
306,ACGGAGTTCCAGAGTGTGAGGAGATGGTCT,-0.044141
307,CTGCAGTTCCGTCTGTCACAGGATTGGCTG,0.1293
308,CAAAAGTTCGGAGAGTGTAGGCTGAGGCTC,0.46427399999999996
309,TGACAGTTCTGCAGCCAGGGGCCGGGGACG,0.43284300000000003
310,GTCCAGTTGAAGAGGTTACTTGCCAGGCTT,-0.6601640000000001
311,CAGGAGTTGGAGGACACAGCACATTGGAAA,0.408071
312,TTCCAGTTGGGGTCTTCTGGAAGTGGGGTG,0.38784
313,GAAGATAAAGTCACCCTGAGGTGCTGGGCC,0.141154
314,TGTTATAAATGTGCAGACAGATTTGGGGAG,0.8383
315,AGGGATAATGGTTCATACTTCTTTCGGATG,0.021252
316,TCTCATACTGGCTGTCCTTCACCAGGGAGC,-0.760827
317,GCTAATACTTCAATTTGTTTGGAGTGGAAA,-0.36745900000000004
318,AACTATAGATTTATATGTACCACCAGGTGA,0.055948000000000005
319,TCTTATAGCATAAAACATATCCATGGGGTT,-0.08580399999999999
320,CGACATAGCTCTTCCCACCGTCCCCGGCCC,0.637645
321,CTGGATAGGGGTCCCTGTCAGGGGCGGTAC,0.068161
322,TTTGATAGGTCCGGACAAGGTCAATGGAAT,0.530334
323,TTGGATATAGACCACGGAGATCCTTGGCAG,0.348308
324,CATTATCACCCACCTAGGCAGATCAGGCTC,0.535808
325,GGTCATCACGGTGGATACCAGCACGGGGAC,0.42905699999999997
326,TTTAATCAGATGATTATAACCGTGTGGAAC,-0.287287
327,TGCCATCAGCACCGCCTGCTCCAACGGAGT,-0.8427209999999999
328,CCCCATCAGCTTCCTAACCTGCAGTGGACG,-0.11549200000000001
329,TTTGATCAGGGCTTCAAGGAACCCAGGAAA,0.727196
330,CTGAATCATAGACACCAGGTCTTTGGGTTC,0.265372
331,GTTCATCCAAACCCAGCGCTGGCCCGGGGG,0.367714
332,CGAAATCCCCGTCGCAGTTGAACTCGGCAT,-0.04517
333,CCTCATCCCTGGCACTCTAGAACCCGGCCA,0.413034
334,CTTCATCCCTTCTGGGGAAGCCTTGGGAAG,0.102154
335,TCCCATCGAATTGGCAAGGGCCTGGGGTCC,0.39920700000000003
336,CATAATCGCCGTGGCCCGCCGCAATGGCAC,-0.314359
337,TGGCATCGCCTCCCCAGACCAGATTGGCCT,-0.033392000000000005
338,GCTCATCTCCAGTTCATGCTTAAGTGGCAC,-0.46767
339,TATGATCTGCGCAAGAAAAGATCCAGGTAA,0.767975
340,CCCCATCTGCTCACTTGAATTCTGAGGGGC,-0.528066
341,CCTCATCTGTAAGTCTCTGCAGTGTGGCTC,0.19081800000000002
342,AATGATCTGTGCCCGATTGATGACAGGGAT,0.002802
343,CTTTATCTTCAGGTCTGCTGTGATGGGTCA,0.368788
344,AGGAATGACACCCACCCTACCACAGGGTCA,-0.033622000000000006
345,ATTAATGACGCCTTCAACCTGGCCAGGTGA,0.504504
346,GTTGATGACTTCTGGAGGATGATCTGGGAG,-0.000719
347,CGGGATGAGACAGTTGATGACTTCTGGAGG,0.75815
348,ACAGATGAGGTTCCCCAGGCCCAGGGGCCT,0.131574
349,CAGGATGATGCTTGCCACAGTGCCTGGGGC,0.586503
350,GTTCATGATGTCCCGCACGGTGGTGGGGAG,0.6093770000000001
351,TACCATGCACCTCCGTACCTTCATGGGGCC,-0.126172
352,TAACATGCCACTTGATTCTTGGCTTGGTGA,-0.410592
353,CAGCATGCCCCAAAGAGGAGGAGAAGGTGC,0.7920560000000001
354,TCGAATGCCGAGTTCAACTGCGACGGGGAT,0.808812
355,GAAAATGCTCACATGAAGAAGATGAGGCAG,0.342072
356,GTGGATGCTGACAAAACCTCCCCCGGGTTC,0.539196
357,ACTCATGCTGGATGGAGTTATCCTTGGTGT,-0.37764200000000003
358,TGCCATGGACCGTCTGTGTGCTGGCGGCCG,-0.280706
359,CTTCATGGCCGGCTCATCGAAGCATGGGAA,0.43589399999999995
360,CTCCATGGCGCCGGCGTTGAAGTCTGGCAG,-0.29594899999999996
361,GTCAATGGGAAGATTCAAAGAAATGGGACT,0.581299
362,GGGTATGGGATGGAAGAAAGTGCAGGGCAC,0.46776999999999996
363,TGTGATGGGTCACATGGGCCTTTGGGGAAT,0.108302
364,TGTCATGGTCACACGATGTGAAGAAGGAAA,-0.028845999999999997
365,GTCTATGGTTATGTTGTCAAGCTAAGGCGA,-0.015078999999999999
366,CCTGATGTGCTGAAGAGATCGTTCTGGGCT,0.008401
367,AGTAATGTTCCCAAACATGGCAGCTGGAAA,0.937212
368,TGTGATGTTGACAGAGTTAGTGAATGGAGA,-0.08959400000000001
369,CGCCATGTTGGAGACAGTGGATGGAGGAGG,0.771299
370,ATACATTACTTACATCAATGTAGCTGGCAT,-0.045632
371,TGGTATTCAGCCTCCAGAGGGGAGGGGTCA,0.804717
372,AGGAATTCCGGGCATCCCTGTACAAGGGCG,0.086097
373,TGTCATTCCTGCCCACTGCTGTCCTGGCTG,-0.23362600000000003
374,GCCAATTCGATGGGAGGCCCCGAACGGGAG,0.00543
375,TTTTATTCTGATTGTGGGGCTTTCGGGCAT,0.014961000000000002
376,CTTCATTGAACAGACCCCAGAACCAGGTCT,0.966951
377,CCCAATTTCGGGCACCGGCTGCCCCGGCCC,-0.093464
378,AGGTATTTCGTCACCGCCGTGTCCCGGCCC,0.216354
379,TATTATTTCTGAAGTGAATGAAGAGGGGTG,-0.113646
380,CATACAAAAGGAAGATTGCTGATGAGGGCA,-0.46723400000000004
381,CATCCAAACCCAGCGCTGGCCCGGGGGCCT,-0.143004
382,GGCACAAAGACGTCCGAGTCCGCCCGGTAG,-0.231927
383,GTGACAAAGACTTCTGTGTCCAGAAGGGCA,-0.647025
384,GGCACAAAGCGCTCGTAGTTGGCACGGTCT,-0.636509
385,GCCACAACAGCAGTAGCGCCACGAGGGCCA,0.152071
386,TGAACAACAGGAACTCGTTGAAAGGGGTGA,0.12931199999999998
387,GGCGCAACGCGTTGCTCGCTGGGGCGGTGC,-0.46951499999999996
388,ACTGCAACGCTATCGCCCAGGGCGGGGAGG,0.592026
389,GCTCCAACGGAGTTCCAGAGTGTGAGGAGA,0.301371
390,CCCACAACTAGGCTTAGGCGTTTCTGGAAC,0.702545
391,TCTTCAACTGGACGCTCTCCTACCGGGCGG,-0.368317
392,TAGCCAACTTCACCACCAAGGATGAGGGCG,0.649514
393,GCTGCAAGAAAAACGTTAGTCTCTTGGCCT,0.022628
394,TGGCCAAGCATGGAGGAAGGCACTCGGGCT,0.5506979999999999
395,CAAACAAGCTAGATCAAGAAGTACAGGAGG,0.41303100000000004
396,GTTTCAAGCTTTCCACCTCAAAACTGGTCA,0.06698
397,AGGCCAAGGACAGGCCCCTGGGCCTGGGGA,0.475234
398,TCTACAAGGCCAAGGACAGGCCCCTGGGCC,0.779738
399,TGTACAAGGGCGTGAACAGCGACGTGGAAG,0.23029699999999997
400,TGTTCAATGAAGGGAAAGGACCAAGGGCCA,0.515827
401,AGGGCAATGAGCAGAGTTTCCGAGTGGACC,-0.723679
402,ACCTCAATGTGACGGGCTATTACCGGGTGA,-0.577922
403,AAGACAATTCAGTAGTTTCCAAGGGGGTCA,-0.590178
404,TGTGCACAATCATCGCACTGTCAGTGGTGT,0.32669000000000004
405,CTCTCACACTATTCAGGTGATCTCTGGCTG,0.34379899999999997
406,AAGGCACAGAACAACCCTGTCTGCTGGGAT,0.290804
407,CCACCACAGATGCCCACTTCTGGAAGGTTC,-0.640016
408,AATTCACAGTAATGTTCCCAAACATGGCAG,0.144887
409,TTGTCACAGTGGTGGGGGGTGCACTGGTTC,0.089657
410,CTGCCACATACCTGCTGGGAACGCTGGGTG,0.440528
411,ATTACACATGCCATGTGTACCATCAGGGGC,0.089491
412,TGATCACCAAACACAAGTGGGAGCAGGCTG,1.246378
413,CTCCCACCACAGCAGCACGCCCACCGGTCG,0.46552299999999996
414,CTGTCACCACAGCTACTGGGTCTCTGGGGC,0.594671
415,AAACCACCACCAAGGCAATAAGCATGGGCA,-0.400037
416,TTTCCACCACCGCGACCTCGTGAAGGGGCC,0.06175599999999999
417,GGGACACCAGCTCCTGCAGAGCTGAGGGAC,0.260081
418,AATTCACCAGCTGGCCAGACCATGGGGTTC,-0.31863600000000003
419,GGTTCACCAGGCAGGCTGTCAGGCTGGTCA,-0.789213
420,AGGTCACCAGTCCCCAGTTCTCCATGGCGC,-0.640048
421,GTGGCACCATCCTCTACAAGGCCAAGGACA,0.584058
422,AGAACACCATCTACCTGAACCTGTGGGACC,0.0031579999999999998
423,CAACCACCCCACCCACCACCGTGCCGGAGC,0.287015
424,AAGCCACCCCGGCGACCCGCCCTCAGGCCT,0.515806
425,AGGCCACCCCTTCCAGACTGTCCGAGGCAG,0.164024
426,TGACCACCCGCTCCTTGTTGCTGCTGGAGG,0.193741
427,ACTACACCCTCAGCCAGGGGCACAGGGTGG,0.9218930000000001
428,AAGTCACCCTGAGGTGCTGGGCCCTGGGCT,0.505087
429,GGACCACCCTGTGCCCCTGGCTGAGGGTGT,0.446072
430,TGAGCACCGAGGAGTGAGTAGTCCTGGGGC,-0.126199
431,CACTCACCGGGGAGGCTGACCCTGTGGTAG,-0.803221
432,CCAGCACCGTCCGTTTCACCTGCAAGGAGG,-0.127798
433,TGTGCACCTCAGGCCTTCGTGTCCTGGCAC,0.192966
434,CTCACACCTTGCAGATCCGGATCTGGGCCC,0.701361
435,AGGACACGAAGGCCTGAGGTGCACAGGTGT,0.347087
436,GTCACACGATGTGAAGAAGGAAACAGGGTA,0.881806
437,ACTCCACGCACGTGCCCTCCAGGTAGGCCC,-0.356574
438,GCAGCACGCCCACCGGTCGCGACGGGGTTG,0.172315
439,CCAACACGCGCAGATCCACCTCCTCGGCAG,-0.188191
440,CGTGCACGCTGCTCCTGCTGTTGGCGGCCG,0.31900300000000004
441,AAAGCACGGCCTGAGCCTCTCCGTAGGACG,-0.286955
442,CCCGCACGGTGGTGGGGAGTTGGATGGACC,-0.279384
443,GAAGCACGTGCTCTCAGGCACCCTTGGGAT,0.390721
444,AGAGCACGTGCTTCCTCTTCTCTCGGGTCA,-0.46837799999999996
445,CGTCCACGTGGATGAAGGCGCCGCGGGGCA,0.851563
446,CAGCCACTCACCTGCCCACAGCAGGGGCAG,-0.08515299999999999
447,GGAGCACTCACCTGGCCAGGTTGAAGGCGT,0.430792
448,CCCACACTCTCCTTACCCCATCTCAGGGTG,0.421546
449,CACACACTGCTGCCCCCGACCAGGCGGCTC,-0.409695
450,AAGGCACTGCTGTGCCAGTCTTGCAGGTGT,-0.707142
451,ATGGCACTGGGCCGGGCCCAGATCCGGATC,0.280686
452,TGGTCACTGTGATTGCTCATGAGCTGGCCC,0.011072
453,ACCCCACTTCCAGAAGACCCCAACTGGAAT,0.471425
454,GAGGCACTTGGGAAGTCGTCCACGTGGATG,-0.346613
455,CTTCCAGAAAACAACGGCCCAGGAGGGCGG,0.480629
456,ACCCCAGAACCAGGTCTTCTGCCAAGGATC,-0.8464889999999999
457,CCATCAGAGATGGCAGACAGCAGCAGGACT,1.012507
458,AGACCAGAGCAGGAGTGGTTCATGGGGCCA,-0.301881
459,GCGCCAGAGGCAAAAGCGGAGGACTGGGGC,0.7974640000000001
460,GCGCCAGAGTGACAGGGACCTTATGGGCAC,0.002171
461,TCTCCAGATATGACCATGGGTTTGTGGCTC,0.25754499999999997
462,TGACCAGCAAAGAAGTTAAGGATGGGGCCC,0.267812
463,AGGCCAGCAAGTACGTGGACATCTTGGGCG,0.215117
464,TTCACAGCAATTTAGATGAACAACAGGAAC,-0.09068899999999999
465,TCTTCAGCACATCAGGCAATGAGTGGGTCC,-0.086866
466,CCAGCAGCACCACCAGGAGTACAAGGGTCA,0.605449
467,ATACCAGCACGGGGACCCTTTCCCAGGAGC,-0.171019
468,CCAGCAGCACTTCGTGGGAGTCCATGGATA,0.10509500000000001
469,CCTCCAGCAGCAACAAGGAGCGGGTGGTCA,0.990598
470,CGAACAGCAGGGAGTTCTCCCGGTAGGTCA,-0.38129
471,AAAGCAGCCAGGACAGCAGTGGGCAGGAAT,0.691473
472,TCTGCAGCCAGGGGCCGGGGACGGTGGGAA,0.777065
473,TGGACAGCGAGTTCGAGGGGGAGTTGGCAG,1.0402049999999998
474,TGATCAGCGCCGTACACGTCAAGCCGGCGG,-0.035267
475,AACCCAGCGCTGGCCCGGGGGCCTGGGGCT,0.49816000000000005
476,TGGACAGCGTAGCTCCGGCGCCAGTGGAAG,0.647644
477,GTCTCAGCGTCACCCGGTAGGAATCGGGTT,0.377783
478,CACCCAGCGTTCCCAGCAGGTATGTGGCAG,0.437547
479,CCACCAGCTCAGTCTTGTCAATGTCGGGGG,0.07535399999999999
480,TCCCCAGCTCTCTGTGCATGTGACAGGTGA,-0.33939899999999995
481,CAGGCAGCTCTTCCCCTTTCCATGTGGTAC,-0.928494
482,GCGGCAGCTGCCCCCAGCAAGCGTAGGTGA,0.634839
483,TGGGCAGCTGGCTTACCAAGTTCCAGGTGG,0.816476
484,ATTGCAGCTGGTGCCAGGACACGAAGGCCT,0.273883
485,ATCTCAGCTGTTTGCACACTGCAGAGGCCT,-0.507794
486,AGTCCAGCTTACCAGAGCAGATGACGGTGA,0.9380799999999999
487,TCCCCAGGCCCAGGGGCCTGTCCTTGGCCT,-0.020377000000000003
488,GCCCCAGGCCCCCGGGCCAGCGCTGGGTTT,0.342862
489,ACCCCAGGCCCTTGCCAATTCGATGGGAGG,-0.767941
490,GGGCCAGGCCTGAGGGCGGGTCGCCGGGGT,0.31387600000000004
491,GGGTCAGGCTGAACTCATGCTGGATGGAGT,-0.012327
492,TGCTCAGGGAGCAGTTGTTCCTACTGGGAT,-0.401329
493,GACTCAGGGCAGATTCCGCCTCCTTGGGGA,-0.208546
494,GCCCCAGGGCGGGGGCCAGTCGGGGGGCCC,-0.228448
495,GGCACAGGGTGGTCCTGCGTGGTGTGGGAG,0.328375
496,AAAGCAGGTACGAGGCCAGGGAGGAGGCAC,0.669542
497,GGTTCAGGTAGATGGTGTTCTGGTAGGCAA,-0.52945
498,CTGCCAGGTCAGGGTGATGTCAGCAGGGTA,-0.050036000000000004
499,GCCACAGGTCATTCCACCACTCTATGGTCA,0.08189
500,CTGTCAGGTGAAGTTCGCTGGAGCTGGTGT,0.8549829999999999
501,AGGTCAGGTTGGTGCCGTGGTCCTGGGGCC,0.266253
502,CGGACAGTCTGGAAGGGGTGGCCTAGGTAA,0.24243499999999998
503,GTGCCAGTCTTGCAGGTGTCCCGAGGGCAG,-0.86329
504,CACCCAGTGACCCCTCCCCTCTGGAGGCTG,0.111453
505,GCTCCAGTGACTATTGCAGCTCCAAGGACA,0.24238800000000002
506,CTGACAGTGCGATGATTGTGCACACGGCTG,-0.132133
507,GAGACAGTGGATGGAGGAGGCTCTGGGAAG,0.80096
508,TGGACAGTGGCGGGGCCAGGCCTGAGGGCG,0.460133
509,GTGACAGTGGCTCTTTGTGTTATCTGGGTA,0.159114
510,AAAACAGTGTGCAGTTCCAGTTGGAGGCTG,0.300733
511,TCCCCAGTTCATGGTTACTGGTTCCGGGAA,0.25201
512,GTGACAGTTCTGCAGCCAGGGGCCGGGGAC,0.6840579999999999
513,CGCACAGTTGCTGTGTGGCTTCGATGGAAA,-0.227331
514,ATTCCAGTTGGGGTCTTCTGGAAGTGGGGT,0.094449
515,TGCTCATAATCACCCCACGGCCCCAGGACC,0.9367270000000001
516,CATTCATACCTGAAAGATGTCAGTTGGACA,-0.166827
517,ATCTCATACTGGCTGTCCTTCACCAGGGAG,-0.219025
518,TCAACATCACGCTTATCCACCCCAAGGACC,0.3363
519,CGGTCATCACGGTGGATACCAGCACGGGGA,-0.609653
520,AGCCCATCAGTTTCTGTGGGGTCAGGGACA,-0.09081399999999999
521,GGGGCATCCAGGCGCACACTGCCGAGGAGG,-0.168391
522,CATGCATCCATCCTCGTCCACTGCAGGTTA,0.10766600000000001
523,ACTTCATCCCTTCTGGGGAAGCCTTGGGAA,-0.059647000000000006
524,GCATCATCCTGACCCTTGTACTCCTGGTGG,-0.44786400000000004
525,CTCCCATCGAATTGGCAAGGGCCTGGGGTC,0.352181
526,TGAGCATCGTAGACGCCAGGAGGAGGGATA,0.631405
527,ACCCCATCTCAGGGTGAGGGGCTCAGGCAG,0.40270100000000003
528,TGGGCATCTGTGGTGGTGCCTCTTGGGAAG,-0.717959
529,GGTTCATGATGTCCCGCACGGTGGTGGGGA,0.303677
530,CTACCATGCACCTCCGTACCTTCATGGGGC,-0.572894
531,TACACATGCCATGTGTACCATCAGGGGCTG,-0.001363
532,TGCCCATGCTTATTGCCTTGGTGGTGGTTT,-0.280725
533,CCAGCATGGCATCAATTCCAATGTAGGTAC,0.128448
534,CCAACATGGCGACCGTTGCTGTTCTGGTTG,-0.36864
535,TTCTCATGGCGGCAGTCCAGGCGAAGGTTT,0.40336
536,GGTTCATGGGGCCATTGGAGGAGCTGGTGT,0.569276
537,AGTTCATGGTTACTGGTTCCGGGAAGGAGC,-0.694184
538,CCAACATGTGACCGTGGACGTGTTCGGCCG,0.049939
539,AGATCATTAATGACGCCTTCAACCTGGCCA,-0.482995
540,AATACATTAATGCATCCTTTGTGATGGTAG,-0.758458
541,CCGACATTGACAAGACTGAGCTGGTGGAGC,0.14418699999999998
542,GTTCCATTGCTCCTCTCGTTGTCTAGGTAA,-0.689897
543,GTAACATTGGAATCGGGGTCAAGGAGGAAG,-0.266183
544,CCTACATTGGAATTGATGCCATGCTGGAAG,-0.039424
545,TCCTCATTTCCACACTTAGCATTTTGGACA,-0.327719
546,TCATCCAAACCCAGCGCTGGCCCGGGGGCC,0.253364
547,GTCGCCAACCCCGTCGCGACCGGTGGGCGT,-0.08566900000000001
548,CCATCCAACTCCCCACCACCGTGCGGGACA,0.256531
549,GGCACCAAGGCTCGTCCCAGAAGGAGGTGA,0.260023
550,GTTTCCAAGGGGGTCAAAGAAACTGGGATT,0.44142600000000004
551,TGGTCCAAGGTGGTGGCCGAGGCGGGGTTG,0.37731
552,ATTTCCAAGTCCCTGGGCATCCTGGGGATC,0.19455
553,GTCACCACAGCTACTGGGTCTCTGGGGCCC,-0.567509
554,AATTCCACCACACCTGTGCACCTCAGGCCT,0.053163999999999996
555,GGCACCACCACAGATGCCCACTTCTGGAAG,0.523652
556,TTTTCCACCACCGCGACCTCGTGAAGGGGC,0.066402
557,AGCACCACCAGGAGTACAAGGGTCAGGATG,0.46291000000000004
558,AGGACCACCCTGTGCCCCTGGCTGAGGGTG,-0.09715800000000001
559,GCATCCACCGTGTGGAAGGAGATGAGGTCG,-0.016582
560,GCTGCCACGCCCAGGAGGATCCCCAGGATG,0.060587
561,GATTCCACGCTTTACTTTGGTCCAAGGTGG,-0.22906500000000002
562,TCGTCCACGTGGATGAAGGCGCCGCGGGGC,0.315498
563,TATTCCACTAAAGCCTGATGAATCAGGATA,0.592484
564,ACAGCCACTCACCTGCCCACAGCAGGGGCA,0.293624
565,ACATCCACTTTGCCCTCTGCTTCCAGGCCT,-0.179161
566,GCTTCCAGAAAACAACGGCCCAGGAGGGCG,0.45922799999999997
567,TTCCCCAGAACTACCTGAAGAAGCAGGTCA,0.67711
568,CCTTCCAGAAGTGGGCATCTGTGGTGGTGC,-0.430835
569,GAGACCAGAGCAGGAGTGGTTCATGGGGCC,-0.384626
570,AGCGCCAGAGTGACAGGGACCTTATGGGCA,0.002501
571,ATGACCAGCAAAGAAGTTAAGGATGGGGCC,-0.038664
572,AATGCCAGCCCATCAGTTTCTGTGGGGTCA,-0.7007899999999999
573,AAACCCAGCGCTGGCCCGGGGGCCTGGGGC,0.556933
574,CACACCAGGATCCACCCCAACCTGCGGTCC,0.08038
575,AGCCCCAGGCCCCCGGGCCAGCGCTGGGTT,0.408409
576,GACCCCAGGCCCTTGCCAATTCGATGGGAG,-0.41769399999999995
577,GCATCCAGGCGCACACTGCCGAGGAGGTGG,-0.272348
578,GGAGCCAGGGCGGCCGCCAACAGCAGGAGC,0.494957
579,TGCCCCAGGGCGGGGGCCAGTCGGGGGGCC,0.10411199999999998
580,AGACCCAGTAGCTGTGGTGACAGGGGGACC,0.11539500000000001
581,TGTGCCAGTCTTGCAGGTGTCCCGAGGGCA,0.09192
582,AGTACCAGTGTACCACATGGAAAGGGGAAG,0.572553
583,GTGCCCATAAGGTCCCTGTCACTCTGGCGC,-0.44582299999999997
584,TCTCCCATCAGAGTGAAGACCCACAGGAGG,0.47938500000000006
585,CAGCCCATCAGTTTCTGTGGGGTCAGGGAC,0.936104
586,CCTCCCATCGAATTGGCAAGGGCCTGGGGT,0.730567
587,ACTTCCATGTACCGGGGCTCCCCGAGGCCG,-0.26814
588,AGGACCATTCGAAAAATGCCCAGCAGGCCT,0.13009600000000002
589,TCTACCCAAGATCCCATAACCACCAGGTCA,-0.114324
590,AAGACCCACAGGAGGAAAGCAGCCAGGACA,0.33623400000000003
591,CCTCCCCACCATCACCATGGCCAAGGGCTT,0.47655600000000004
592,CACGCCCACCGGTCGCGACGGGGTTGGCGA,0.427079
593,TCCTCCCAGATTGCAGCTGGTGCCAGGACA,0.517972
594,TGGACCCAGCATGCCCCAAAGAGGAGGAGA,0.030483999999999997
595,CAGGCCCAGGACACAGAGCAGGTCAGGTTT,0.493233
596,CCACCCCAGGGCGCCTCAGTCCTCAGGATG,0.196405
597,ATGCCCCAGGGCGGGGGCCAGTCGGGGGGC,0.12828
598,GAGACCCAGTAGCTGTGGTGACAGGGGGAC,0.263829
599,CAATCCCAGTTTCTTTGACCCCCTTGGAAA,-0.114641
600,TGTGCCCATCACATCCATCAGAGATGGCAG,0.039031
601,GGGCCCCATCCTTAACTTCTTTGCTGGTCA,-0.489937
602,CCTCCCCATTCAACTGCCAGGTCAGGGTGA,0.681722
603,TCTTCCCATTGACATAGGCAAGTAGGGACA,0.330328
604,CTGACCCCACAGAAACTGATGGGCTGGCAT,-0.136486
605,GTTTCCCCACAGGGGCCCTGGCTATGGATC,0.124876
606,AGGGCCCCAGAGACCCAGTAGCTGTGGTGA,-0.168638
607,TGGGCCCCAGGACTACTCACTCCTCGGTGC,0.07602
608,GGATCCCCAGGATGCCCAGGGACTTGGAAA,0.492504
609,CCGCCCCCAGGCCCACACTCGCTGAGGTAT,0.032507999999999995
610,GATGCCCCAGGGCGGGGGCCAGTCGGGGGG,0.048816000000000005
611,TCCTCCCCATTCAACTGCCAGGTCAGGGTG,0.259986
612,GCTGCCCCCACCTCCCTGGGCCCCAGGACT,0.631373
613,GGGCCCCCCGACTGGCCCCCGCCCTGGGGC,0.104952
614,TTCCCCCCCTAGACAAATAGTAGAAGGAAC,0.300324
615,TGGTCCCCCTGTCACCACAGCTACTGGGTC,0.7677149999999999
616,GGCCCCCCGACTGGCCCCCGCCCTGGGGCA,0.389142
617,CCAACCCCGCCTCGGCCACCACCTTGGACC,-0.3402
618,AGGCCCCCGGGCCAGCGCTGGGTTTGGATG,0.394623
619,CCTCCCCCGGGTTCCTCTGTGCCCAGGAGA,0.050912
620,CTGACCCCTCCCCCCACAGTGGTTCGGGAA,0.145924
621,GTCACCCCTGGGGCAGGTACAGCGAGGTTA,-0.07485900000000001
622,GGTCCCCCTGTCACCACAGCTACTGGGTCT,-0.084149
623,TCTTCCCCTTTCCATGTGGTACACTGGTAC,-0.322822
624,GCCCCCCGACTGGCCCCCGCCCTGGGGCAT,0.085414
625,GCTCCCCGAGGCCGGGCCGGGACACGGCGG,0.633885
626,ATGTCCCGCACGGTGGTGGGGAGTTGGATG,0.445194
627,TGGCCCCGCCACTGTCCAGGAAACAGGGGC,0.5874159999999999
628,GGTACCCGCGGAGGAGTCGCCCGTCGGACC,0.080573
629,CCCACCCGCTGTCCACACCCGCCTCGGAGA,0.198139
630,GATGCCCGGAATTCCTTTGCGAGAAGGTTG,-0.142251
631,CACACCCTACCCACTCCCAAAATCAGGTGA,0.322449
632,GTGTCCCTACTTGCCTATGTCAATGGGAAG,-0.27715
633,TGACCCCTCCCCCCACAGTGGTTCGGGAAC,0.43453100000000006
634,CCTCCCCTCTGGAGGCTGAATACCAGGTAG,-0.539783
635,ATCACCCTGACCTGGCAGTTGAATGGGGAG,-0.721661
636,TGCTCCCTGAGCATCGTAGACGCCAGGAGG,0.158004
637,GAAGCCCTGGCGACCTCCAGCCCCAGGCCC,0.8480049999999999
638,CAGCCCCTGTTTCCTGGACAGTGGCGGGGC,-0.062463
639,TTTTCCCTTCAGAAAACAAGATTTTGGTAA,0.7155090000000001
640,GGGTCCGACGGGCGACTCCTCCGCGGGTAC,-0.084937
641,AGGCCCGAGCACCCTCTTACCTGTGGGCTC,-0.507338
642,AGCACCGAGGAGTGAGTAGTCCTGGGGCCC,-0.344384
643,ATCTCCGAGGCGGGTGTGGACAGCGGGTGG,-0.176297
644,TGGACCGCAGGTTGGGGTGGATCCTGGTGT,0.623366
645,GGCCCCGCCACTGTCCAGGAAACAGGGGCT,0.410445
646,ACTGCCGCCATGAGAATAACACCAAGGATA,-0.2352
647,TGGCCCGCCGCAATGGCACTGGGCCGGGCC,0.20812399999999998
648,TGCCCCGCGGCGCCTTCATCCACGTGGACG,-0.457845
649,CCACCCGCTCCTTGTTGCTGCTGGAGGAGG,0.263191
650,CCTTCCGCTGAGCCTGATCTGCCTAGGTGG,-0.253922
651,GGGCCCGGCCCAGTGCCATTGCGGCGGGCC,-0.272491
652,GGCACCGGCTGCCCCGGCCCGCCCCGGCCG,0.365321
653,TCGGCCGGGGCGGGCCGGGGCAGCCGGTGC,0.827585
654,TAGCCCGTCACATTGAGGTTCAGCAGGACC,0.272949
655,ACCGCCGTGTCCCGGCCCGGCCTCGGGGAG,0.841309
656,TTACCCTAGCCAACTTCACCACCAAGGATG,-0.10321500000000002
657,CCCACCTAGGCAGATCAGGCTCAGCGGAAG,-0.134389
658,AGGACCTCAAACAGAAGCTTCCCAAGGCTT,0.047763
659,TGCACCTCAAGGGCTCCCTGGTGAAGGACA,0.253067
660,TTCTCCTCACTAGACTTGACCCACAGGCCC,-0.535021
661,ACACCCTCAGCCAGGGGCACAGGGTGGTCC,-0.047019
662,GCGACCTCATCTCCTTCCACACGGTGGATG,0.059729
663,TCCTCCTCCAGCAGCAACAAGGAGCGGGTG,0.094318
664,TCCACCTCCTCGGCAGTGTGCGCCTGGATG,-0.099425
665,TTCTCCTCCTCTTTGGGGCATGCTGGGTCC,-0.159352
666,CTGACCTCCTGCAGGTGGTCCCACAGGTTC,-0.424946
667,ATCACCTCCTTCTGGGACGAGCCTTGGTGC,-0.095427
668,CTGCCCTCGGGACACCTGCAAGACTGGCAC,-0.14688800000000002
669,CCGGCCTCGGGGAGCCCCGGTACATGGAAG,0.465768
670,AAGACCTGAAAACGTGGACGGCGGCGGACA,0.45017799999999997
671,TGTCCCTGACCCCACAGAAACTGATGGGCT,0.18731099999999998
672,TCATCCTGACCCTTGTACTCCTGGTGGTGC,-0.167496
673,AAAACCTGACCTGCTCTGTGTCCTGGGCCT,-0.50245
674,TCACCCTGACCTGGCAGTTGAATGGGGAGG,-0.12038199999999999
675,GCATCCTGAGGACTGAGGCGCCCTGGGGTG,0.707755
676,AAGGCCTGAGGTGCACAGGTGTGGTGGAAT,0.25050500000000003
677,ATATCCTGATTCATCAGGCTTTAGTGGAAT,-0.286588
678,GGGTCCTGCTGAACCTCAATGTGACGGGCT,-0.19903900000000002
679,TGCTCCTGCTGTTGGCGGCCGCCCTGGCTC,-0.237752
680,GTGACCTGCTTCTTCAGGTAGTTCTGGGGA,-0.051825
681,AAGGCCTGGAAGCAGAGGGCAAAGTGGATG,0.51823
682,GTGTCCTGGCACCAGCTGCAATCTGGGAGG,-0.389691
683,TCCTCCTGGCGTCTACGATGCTCAGGGAGC,0.25145
684,CTGTCCTGGCTGCTTTCCTCCTGTGGGTCT,-0.359045
685,CGCTCCTGGGAACACTTACTGTTCTGGTTC,-0.451938
686,TTCTCCTGGGCACAGAGGAACCCGGGGGAG,0.14561300000000002
687,GCATCCTGGGGATCCTCCTGGGCGTGGCAG,0.309813
688,TAGTCCTGGGGCCCAGGGAGGTGGGGGCAG,0.592457
689,GGGGCCTGGGGCTGGAGGTCGCCAGGGCTT,-0.395137
690,GCTACCTGGTATTCAGCCTCCAGAGGGGAG,-0.029505
691,GTGACCTGGTGGTTATGGGATCTTGGGTAG,0.395767
692,TGAACCTGTGGGACCACCTGCAGGAGGTCA,0.34532399999999996
693,AGCCCCTGTTTCCTGGACAGTGGCGGGGCC,0.330853
694,CTCTCCTTACCCCATCTCAGGGTGAGGGGC,0.075683
695,CTGTCCTTCACCAGGGAGCCCTTGAGGTGC,-0.282015
696,GGCCCCTTCACGAGGTCGCGGTGGTGGAAA,0.083179
697,ACAACCTTCTCGCAAAGGAATTCCGGGCAT,0.392296
698,ACCACCTTGGACCAAAGTAAAGCGTGGAAT,0.13977699999999998
699,GAAGCCTTGGGAAGCTTCTGTTTGAGGTCC,-0.32931900000000003
700,TCATCCTTGGTGGTGAAGTTGGCTAGGGTA,-0.560739
701,TTATCCTTGGTGTTATTCTCATGGCGGCAG,-0.5054649999999999
702,GTGACGAAATACCTCAGCGAGTGTGGGCCT,0.936667
703,GGGTCGAACAGCAGGGAGTTCTCCCGGTAG,-0.327598
704,CCAGCGAACTTCACCTGACAGGTCAGGTTG,0.298109
705,TGAACGAAGACCTGAAAACGTGGACGGCGG,0.544605
706,TCATCGAAGCATGGGAAGGACTTCCGGGCA,0.46416999999999997
707,GAGGCGAAGCCCTCGTTCAGCCACAGGTCA,0.599407
708,GACTCGAAGGAGACCATCAGCCCCTGGGGG,0.5649770000000001
709,CCGTCGAAGTTTGAGGAGCAGGTGAGGGTC,-0.069343
710,CCCCCGACATTGACAAGACTGAGCTGGTGG,0.235827
711,TCACCGACCGCGCGTCCTACGGAGAGGCTC,-0.38505
712,GTGGCGACCTCATCTCCTTCCACACGGTGG,-0.297817
713,TCGCCGACGGCGGCGGCGGGCGGGCGGCGC,0.692208
714,GTCGCGACGGGGTTGGCGACGCCCAGGGCA,0.194613
715,CTAACGAGACCAGTGGACCCTCTGTGGCTA,0.24279299999999998
716,AATCCGAGATATGAGCCGCGGGCGCGGTGG,0.505737
717,TCCCCGAGATGGGGGTCTACCTGGTGGGCC,-0.477268
718,GTGGCGAGCCCAGACAGTCTGCAGAGGACG,0.144016
719,TCGGCGAGCCCCACGGTGCCCCCATGGCGC,-0.294236
720,CATTCGAGCGAAACTGGGGCTGATAGGTAA,0.288976
721,GCCCCGAGGCCGCCCCCTGACTGCCGGCTG,0.259525
722,TGAACGAGGGCTTCGCCTCCTACGTGGAGT,-0.326689
723,GCTCCGAGGTCTATGGCCCCATGAAGGTAC,0.283493
724,ACTTCGAGTCGCCCTCGCACTCCCCGGGGC,0.340995
725,CTTTCGAGTGAGCCCAGGCCTCCGGGGAGT,0.08597
726,AGCCCGAGTGCCTTCCTCCATGCTTGGCCA,-0.209511
727,CTGGCGATGATGTCATAGAGGAACTGGTAT,0.8755719999999999
728,ACGGCGATTATGCCCTGAACGTGACGGGCC,0.12166099999999999
729,AGTGCGCAGAATACTGGCCAAGCATGGAGG,0.683087
730,GCTTCGCAGCCCCGGGGAGTGCGAGGGCGA,0.01066
731,GAAGCGCAGCCGGCAGTCAGGGGGCGGCCT,0.622588
732,GTCCCGCAGGCTCTCACACTATTCAGGTGA,0.14765699999999998
733,GCCCCGCCACTGTCCAGGAAACAGGGGCTG,0.07512
734,CCGGCGCCATGGAGAACTGGGGACTGGTGA,0.9459139999999999
735,GCGCCGCCCGCCCGCCGCCGCCGTCGGCGA,0.58197
736,TTCACGCCCTTGTACAGGGATGCCCGGAAT,0.315803
737,GGCTCGCCGACGGCGGCGGCGGGCGGGCGG,0.408209
738,GGCCCGCCGCAATGGCACTGGGCCGGGCCC,0.36346
739,TCAACGCCGGCGCCATGGAGAACTGGGGAC,0.764034
740,ATGGCGCCGGCGTTGAAGTCTGGCAGGCCA,-0.019334
741,TCAGCGCCGTACACGTCAAGCCGGCGGCCG,0.5644640000000001
742,GCTTCGCCTCCTACGTGGAGTACCTGGGTG,0.584942
743,CACCCGCCTCGGAGATCAACACGCCGGCCC,0.029120999999999998
744,TGTGCGCCTGGATGCCCCAGGGCGGGGGCC,0.648384
745,CCTCCGCCTTACCTAGACAACGAGAGGAGC,0.642725
746,TGTTCGCGCCATGGGGGCACCGTGGGGCTC,0.133479
747,CCACCGCGCCCGCGGCTCATATCTCGGATT,-0.449593
748,CCCGCGCGGGTCTGAGTCGGAGCCAGGGCG,0.542706
749,GCGGCGCGGGTGGCGCCGAGGCCGGGGGCT,0.363994
750,CGGGCGCGGTGGATGGAGCAGGAGGGGCCC,0.254683
751,ACCGCGCGTCCTACGGAGAGGCTCAGGCCG,0.599838
752,GCAACGCGTTGCGCCAGAGCTTCTCGGTGA,0.294004
753,GCAACGCTATCGCCCAGGGCGGGGAGGAGG,0.47147700000000003
754,AAAGCGCTCGTAGTTGGCACGGTCTGGGCC,0.5746060000000001
755,AACACGCTGAAACCCGATTCCTACCGGGTG,-0.152646
756,GCGGCGCTGATCACCAAACACAAGTGGGAG,0.26922399999999996
757,ACGGCGCTGATCACCTACGCTTGCTGGGGG,0.511412
758,CAGCCGCTGATGTTGAAGCGCAGCCGGCAG,0.79537
759,GGTACGCTGCAAAGTCTCTGGCAGGGGCGT,-0.051637999999999996
760,TACTCGCTGCGGTAGAAGCCCGCCAGGTCA,0.169731
761,AGTTCGCTGGAGCTGGTGTGACTACGGAGA,-0.092292
762,ACGTCGCTGTTCACGCCCTTGTACAGGGAT,-0.177403
763,TCCACGCTTTACTTTGGTCCAAGGTGGTGG,-0.07280199999999999
764,TTCCCGGAACCAGTAACCATGAACTGGGGA,0.783555
765,ACCACGGCACCAACCTGACCTGTCAGGTGA,0.190235
766,GCTCCGGCACGGTGGTGGGTGGGGTGGTTG,0.11506300000000001
767,CAGCCGGCAGTCAGGGGGCGGCCTCGGGGC,0.281358
768,GGCCCGGCCCAGTGCCATTGCGGCGGGCCA,-0.027869
769,CTCCCGGCCCGGTACTCACCCGCGCGGGTC,-0.056227
770,ACCCCGGCGACCCGCCCTCAGGCCTGGCCC,0.018694
771,ACGGCGGCGGCGGGCGGGCGGCGCGGGTGG,0.68971
772,GCGGCGGCGGGCGGGCGGCGCGGGTGGCGC,0.510071
773,GGGCCGGCGTGTTGATCTCCGAGGCGGGTG,-0.09938999999999999
774,TGCTCGGCTACTACAACCAGAGCAAGGGCG,1.118874
775,TGGCCGGCTCATCGAAGCATGGGAAGGACT,0.45247200000000004
776,CTGCCGGCTGCGCTTCAACATCAGCGGCTG,0.10132200000000001
777,GGAGCGGGAGACACAGAAAGCCAAGGGCAA,0.8716870000000001
778,GACGCGGGAGCGGTACGTGTGCTCGGGTAT,0.606559
779,TGGTCGGGGGCAGCAGTGTGTGTGAGGGCA,0.026871
780,AGATCGGGGGTGTTCCCTGCTCACAGGCCC,0.078072
781,TCGCCGGGGTGGCTTCTGGGGTAGAGGTAG,0.499557
782,CGGACGGGGTGGTGGAGGCCACGGGGGAGC,0.079964
783,AGGGCGGGTCGCCGGGGTGGCTTCTGGGGT,0.7827350000000001
784,GAATCGGGTTTCAGCGTGTTGGGGAGGCGG,-1.072743
785,TCCACGGTCACATGTTGGCTCAGTTGGTGG,-0.036034
786,GGTACGGTCTCAGCGTCACCCGGTAGGAAT,0.151201
787,GGCACGGTCTGGGCCCAGCACCACCGGCAC,0.24934
788,TCCTCGGTGCTCATAATCACCCCACGGCCC,0.065303
789,TAGACGGTGGACCGCAGGTTGGGGTGGATC,-0.286351
790,CGACCGGTGGGCGTGCTGCTGTGGTGGGAG,-0.31376
791,AAAACGTACAGGCCCCTGTCATTGGGGGTG,-0.617316
792,AGACCGTACCTCACCCCCAATGACAGGGGC,0.11848
793,TAGGCGTACTGCTGGTACCCGCGGAGGAGT,0.004828
794,TCCACGTAGCCGACTTCCATGTACCGGGGC,0.10884300000000001
795,AGGACGTATTCAAGCAGGGCCTGGCGGTGA,0.258356
796,ATGGCGTCAAACAGCTCACTGATCTGGGCC,0.03478
797,GCAGCGTCAGTGGATTGGCCCCACAGGAGT,0.12280999999999999
798,GGCTCGTCCCAGAAGGAGGTGATGTGGACA,-0.036823
799,GCACCGTCCGTTTCACCTGCAAGGAGGCCA,0.029639999999999996
800,ACCGCGTGATGGCAGTGGATGCACTGGCCT,0.083191
801,AGTTCGTGCGCTTCGACAGCGACGCGGAGA,0.271457
802,CCGCCGTGTCCCGGCCCGGCCTCGGGGAGC,-0.071973
803,GGTACGTGTGCTCGGGTATCCCAAGGGTGC,-0.960706
804,TGGACGTGTTCGGCCGGGGCGGGCCGGGGC,0.429461
805,GTCACGTTCAGGGCATAATCGCCGTGGCCC,-0.179037
806,ACCTCGTTGCTATCTACCACAAGCAGGGGC,0.257486
807,CTCTCGTTGTCTAGGTAAGGCGGAGGGTAC,0.293221
808,TCTGCTACACATGTGTAATTTGTTTGGGCA,-0.472551
809,GCTTCTACCGCAGCGAGTACATGGAGGGCA,0.05890700000000001
810,GGGCCTACCTGGAGGGCACGTGCGTGGAGT,-0.017135
811,TGGACTACGAGGAGGCAGCGGCGGCGGCAG,0.267895
812,CCGTCTACTGCAACGCTATCGCCCAGGGCG,-0.502858
813,TTACCTAGACAACGAGAGGAGCAATGGAAC,0.37276
814,GTCACTAGCAAGCCATAACAAAACAGGACT,0.428281
815,AGAGCTATGTCGGGAGCAGCAGTGTGGCGA,0.181428
816,TCAGCTCAAAAGTTCGGAGAGTGTAGGCTG,0.681247
817,GAAGCTCAACTACACCCTCAGCCAGGGGCA,-0.119979
818,TCTCCTCACACTCTGGAACTCCGTTGGAGC,-0.018883
819,CCTGCTCACCGACCGCGCGTCCTACGGAGA,0.533254
820,CCCACTCACCTTTGGGAAGCATGTTGGACA,-0.385449
821,TCTGCTCACTTGAATTCTGAGGGGCGGGTA,0.003329
822,GCACCTCAGGGTGACTTTATCTTCAGGTCT,-0.5368470000000001
823,CCAGCTCAGTCTTGTCAATGTCGGGGGGCT,-0.23781999999999998
824,GTGACTCATATCCAATTCACCAGCTGGCCA,0.101452
825,CGCCCTCATCCTTGGTGGTGAAGTTGGCTA,-0.168458
826,CCCTCTCCAACCAGCCCTATATCAAGGTCC,-0.544616
827,AACTCTCCACAGAACTGGTTGCTGTGGTAG,-0.47693900000000006
828,GGATCTCCACTTGACCCTGACACTTGGAAT,-0.055398
829,CAGCCTCCAGAGGGGAGGGGTCACTGGGTG,0.689751
830,CCTCCTCCAGCAGCAACAAGGAGCGGGTGG,0.979875
831,AGAGCTCCCACTCACTGGTCCATCAGGTTT,0.069668
832,CGCACTCCCCGGGGCTGCGAAGCCTGGCAA,0.43265600000000004
833,GTGGCTCCGCAGATACCTGAAGAACGGGAA,0.48036899999999993
834,TGGGCTCCGGCACGGTGGTGGGTGGGGTGG,0.11926099999999999
835,TCAGCTCCTCCCCATTCAACTGCCAGGTCA,-0.021909
836,ATTGCTCCTCTCGTTGTCTAGGTAAGGCGG,-0.431134
837,GCTTCTCCTGGGCACAGAGGAACCCGGGGG,1.007886
838,TGGCCTCCTTGCAGGTGAAACGGACGGTGC,-0.106748
839,CCCGCTCCTTGTTGCTGCTGGAGGAGGACA,0.146861
840,CTGCCTCGGACAGTCTGGAAGGGGTGGCCT,0.404039
841,TGAACTCGGCATTCGAGCGAAACTGGGGCT,0.740711
842,CTACCTCTACCCCAGAAGCCACCCCGGCGA,0.204432
843,AAGTCTCTACGCAAAGCACGGCCTGGGGTG,0.577431
844,GAGCCTCTCCGTAGGACGCGCGGTCGGTGA,0.267934
845,GCTCCTCTCGTTGTCTAGGTAAGGCGGAGG,-0.07947
846,GGATCTCTCTTCTTCATGTTGTGTAGGCAT,-0.839046
847,CACACTCTGGAACTCCGTTGGAGCAGGCGG,0.277841
848,AAGTCTCTGGCAGGGGCGTAGGGCTGGTAA,-0.241961
849,CTCTCTGAAATAAATGGAGATGCAGGGTCC,0.23353200000000002
850,AGACCTGAAGATAAAGTCACCCTGAGGTGC,0.097566
851,GCAGCTGACAACCAGGAGAAGATCGGGGGT,0.502371
852,GTCCCTGACCCCACAGAAACTGATGGGCTG,-0.10995999999999999
853,GGTGCTGACTATGCGGAGCCCACCTGGAAC,0.247324
854,CTGCCTGAGCCCCTCACCCTGAGATGGGGT,0.29902399999999996
855,TCCGCTGAGCCTGATCTGCCTAGGTGGGTG,-0.581731
856,AGGCCTGAGGGCGGGTCGCCGGGGTGGCTT,-0.25736
857,GGCGCTGATCACCTACGCTTGCTGGGGGCA,0.176226
858,CGGGCTGCACCTTGCTGTAGGAGATGGCGT,0.285499
859,GCTCCTGCAGAGCTGAGGGACCCCAGGCCC,0.863475
860,AGTTCTGCAGCCAGGGGCCGGGGACGGTGG,0.58573
861,CTTTCTGCCTCGGACAGTCTGGAAGGGGTG,-0.047724
862,CCATCTGCTCACTTGAATTCTGAGGGGCGG,-0.412075
863,CAGGCTGCTCAGGGCGGCCTCCCAGGGCAT,0.100141
864,GGTCCTGCTGAACCTCAATGTGACGGGCTA,0.282771
865,GCTACTGCTGCCCCTGCTGTGGGCAGGTGA,0.133751
866,CCTGCTGCTGTCTGCCATCTCTGATGGATG,-0.5883729999999999
867,CGTGCTGCTGTGGTGGGAGCCCTTCGGGGG,0.287007
868,TGACCTGCTTCTTCAGGTAGTTCTGGGGAA,0.44482700000000003
869,CATGCTGGAAGGCCTGGAAGCAGAGGGCAA,0.774382
870,TCAACTGGACGCTCTCCTACCGGGCGGACT,-0.167018
871,AAGTCTGGCAGGCCAATCTGGTCTGGGGAG,0.481796
872,AGCGCTGGCCCGGGGGCCTGGGGCTGGAGG,0.301816
873,GTCACTGGCTACATTTGATGGTTCTGGAAG,0.412526
874,GCTGCTGGCTGCCACATACCTGCTGGGAAC,-0.338791
875,GCAGCTGGCTTACCAAGTTCCAGGTGGGCT,-0.046105
876,GCTCCTGGGAAAGGGTCCCCGTGCTGGTAT,0.41055699999999995
877,GCCACTGGGACGAGCGCCAGGCCCGGGTCC,0.65162
878,TCTCCTGGGCACAGAGGAACCCGGGGGAGG,0.083467
879,AGAACTGGGGACTGGTGACCTACCGGGAGA,-0.095624
880,GCTTCTGGGGTAGAGGTAGCCATAAGGCAC,-0.23015
881,GGGCCTGGGGTCCCTCAGCTCTGCAGGAGC,-0.12925999999999999
882,TACACTGGTACTGGTACACAGTTCTGGGCT,0.19270299999999999
883,CGTGCTGGTATCCACCGTGATGACCGGGAA,0.346539
884,CTACCTGGTATTCAGCCTCCAGAGGGGAGG,-0.229449
885,CAGGCTGGTGAAGCAGAGAGACTCAGGGCC,1.022767
886,AGGGCTGGTTGGAGAGGGTGACGCGGGAGC,0.490912
887,TGCTCTGGTTGTAGTAGCCGAGCAGGGTCC,0.579543
888,TCACCTGTCACATGCACAGAGAGCTGGGGA,0.638649
889,GCCCCTGTCATTGGGGGTGAGGTACGGTCT,-0.085533
890,AGCCCTGTCCAACATGCTTCCCAAAGGTGA,-0.47920799999999997
891,TACGCTGTCCACATCACCTCCTTCTGGGAC,0.270504
892,ACATCTGTCCGGGACAGAGGCAGCAGGGAC,1.090725
893,TCAACTGTCTCATCCCGGGGCCCTAGGAGT,0.875575
894,TGTTCTGTGCCTTGTTCAATCTCTTGGAAA,-0.353184
895,GCTGCTGTGGTGGGAGCCCTTCGGGGGGCG,-0.160942
896,CTTACTGTTCTGGTTCACTCCTGTGGGGCC,-0.20527199999999998
897,GCCCCTGTTTCCTGGACAGTGGCGGGGCCA,-0.09929
898,TCTCCTTACCCCATCTCAGGGTGAGGGGCT,0.594381
899,CCCTCTTACCTGTGGGCTCCGGCACGGTGG,-0.8403940000000001
900,GGAGCTTACTGTTGTAGCCACAGAGGGTCC,0.26679400000000003
901,TTTTCTTAGAGACTTCCTTCATACAGGAGT,-0.167175
902,CGAACTTCACCTGACAGGTCAGGTTGGTGC,-0.23959299999999997
903,GTACCTTCATGGGGCCATAGACCTCGGAGC,-0.056088
904,AAATCTTCCACACAGATTCCCCAAAGGCCC,-0.339672
905,AGTGCTTCCAGAAAACAACGGCCCAGGAGG,0.967628
906,GAACCTTCCAGAAGTGGGCATCTGTGGTGG,-0.110827
907,GAAGCTTCCCAAGGCTTCCCCAGAAGGGAT,-0.320925
908,ACGACTTCCCAAGTGCCTCCTCCCTGGCCT,-0.120745
909,AGTCCTTCCCATGCTTCGATGAGCCGGCCA,-0.082563
910,CATGCTTCGATGAGCCGGCCATGAAGGCCG,-0.264187
911,CGGGCTTCTACCGCAGCGAGTACATGGAGG,0.538432
912,AGGGCTTCTATATTTCCAAGTCCCTGGGCA,0.512662
913,GCAACTTCTTCAGTGGTCCCATTGTGGTGC,-0.143677
914,GTTACTTGCCAGGCTTCGCAGCCCCGGGGA,0.139189
915,GACCCTTGCCCAGTACCTGAGAGCAGGAGA,0.45816599999999996
916,ATGTCTTGCTGGAAACTTCCTGAGAGGCAG,-0.644686
917,GGGACTTGGAAATATAGAAGCCCTTGGCCA,0.772044
918,TGTCCTTGGAGCTGCAATAGTCACTGGAGC,0.204354
919,GATCCTTGGCAGAAGACCTGGTTCTGGGGT,0.555447
920,TTGGCTTGGTGACCTGGTGGTTATGGGATC,0.500688
921,CATCCTTGGTGGTGAAGTTGGCTAGGGTAA,0.060875
922,CAGTCTTGTCAATGTCGGGGGGCTGGGAGC,0.538014
923,GGAGCTTGTGGAGACCAGGCCTGCAGGGGA,0.395232
924,AGAGCTTGTTGTCACAGTGGTGGGGGGTGC,0.536199
925,GGCTCTTTCTTGACACATCTGTCCGGGACA,-0.339487
926,TCACCTTTGGGAAGCATGTTGGACAGGGCT,-0.754729
927,TCCTCTTTGGGGCATGCTGGGTCCAGGTGG,0.440996
928,CGAGGAAAAGCAGGTACGAGGCCAGGGAGG,0.536115
929,CCAGGAAACAGGGGCTGGTGGCATGGGTGG,0.227413
930,TCCAGAAACGCCTAAGCCTAGTTGTGGGGA,0.095772
931,CTCGGAAACTCTGCTCATTGCCCTTGGCTT,-0.054232
932,GCTGGAAACTTCCTGAGAGGCAGTAGGCTC,0.8849809999999999
933,GGAGGAAAGCAGCCAGGACAGCAGTGGGCA,0.49379799999999996
934,TTCAGAAATAATACCAACAACTGGAGGGAG,0.482688
935,ACCAGAAATGATGATTGCTGCTCAGGGGCC,0.38400700000000004
936,GCCAGAAATTTGGATCCATAGCCAGGGCCC,-0.512062
937,CAGGGAACACCCCCGATCTTCTCCTGGTTG,-0.153609
938,CCCGGAACCAGTAACCATGAACTGGGGAGT,0.261333
939,TCATGAACCGCTGGACCCTGCAGATGGGCT,0.348329
940,ACCTGAACCTGTGGGACCACCTGCAGGAGG,0.162525
941,ACAAGAACGCCAACAGCTCCCCCGTGGCCT,0.097727
942,CACAGAACTGGTTGCTGTGGTAGCAGGGAG,0.321952
943,CATCGAAGCATGGGAAGGACTTCCGGGCAT,0.154844
944,CATCGAAGCCACACAGCAACTGTGCGGTCC,0.024146
945,TGTTGAAGCGCAGCCGGCAGTCAGGGGGCG,0.706016
946,TGGTGAAGGACAGCCAGTATGAGATGGACA,0.164883
947,ACTCGAAGGAGACCATCAGCCCCTGGGGGC,0.610857
948,TCAAGAAGTACAGGAGGAGACTCAGGGCAG,0.6300359999999999
949,AGTGGAAGTAGCGGCGATAGACCGCGGGGT,0.275372
950,GCTTGAAGTAGCTCAGGCTGCTCAGGGCGG,0.799243
951,TTGGGAAGTCGTCCACGTGGATGAAGGCGC,0.909386
952,CTAGGAAGTCTGTGCTCAGTACTGGGGCGA,-0.21452100000000002
953,TCTGGAAGTGGGGTGCTGGGACCTGGGCAG,0.469046
954,CGTCGAAGTTTGAGGAGCAGGTGAGGGTCT,0.51318
955,CGGAGAATCCGAGATATGAGCCGCGGGCGC,0.47893199999999997
956,GTAGGAATCGGGTTTCAGCGTGTTGGGGAG,0.423858
957,GGTGGAATGACCTGTGGCTGAACGAGGGCT,0.462441
958,TGCTGAATGATGTGTACCGCGTGATGGCAG,0.18053699999999998
959,AGTTGAATGGGGAGGAGCTGATCCAGGACA,0.56183
960,GGTGGAATTCTACAATGGCAGCTGGGGTGG,0.386975
961,TGGGGAATTTGCAGAAAGACCTCATGGTGC,0.144749
962,AGCTGACAACCAGGAGAAGATCGGGGGTGT,0.145265
963,CTACGACAAGAACTCCCCAGTTCATGGTTA,0.72429
964,CACAGACAAGCTGGTCAAGTGTGGCGGCAT,-0.21704299999999999
965,AGAAGACAATTCAGTAGTTTCCAAGGGGGT,-0.721553
966,TCTGGACACAGAAGTCTTTGTCACAGGTAA,-0.257468
967,TCTTGACACATCTGTCCGGGACAGAGGCAG,0.409107
968,GGGAGACACTCACGGGTTATTATTGGGGTT,-0.9203399999999999
969,CAATGACACTCAGGCTGCTGTTCTTGGCTC,0.190769
970,TAGGGACACTTCATAGTATTTATAAGGTTT,-0.768323
971,GAGTGACAGGGACCTTATGGGCACTGGGAA,0.792039
972,GTTGGACAGGGCTGTCAGGTCCTTGGGGTG,-0.044535000000000005
973,TGGTGACAGGGGGACCACTGGTCTTGGAGC,0.359781
974,ACCTGACAGGTCAGGTTGGTGCCGTGGTCC,-0.757833
975,AGGTGACCAGCCTGACAGCCTGCCTGGTGA,-0.019407
976,CCCCGACCAGGCGGCTCTGAACCTTGGGCT,-0.140784
977,CAGAGACCCAGTAGCTGTGGTGACAGGGGG,0.564852
978,CAAGGACCCCCACTCACCTGATTTTGGGAG,0.736626
979,GCTGGACCCTGCAGATGGGCTTCCCGGTCA,0.385361
980,TGATGACCGGGAAGCCCATCTGCAGGGTCC,-0.630758
981,TCGCGACCGGTGGGCGTGCTGCTGTGGTGG,-0.882569
982,ATGTGACCGTGGACGTGTTCGGCCGGGGCG,-0.21255300000000002
983,TGGCGACCTCCAGCCCCAGGCCCCCGGGCC,0.9375319999999999
984,TAAGGACCTTGATATAGGGCTGGTTGGAGA,0.439978
985,CGTAGACGCCAGGAGGAGGGATAATGGTTC,0.6947300000000001
986,GAGCGACGCTGATGGCTGGGTTCATGGTGC,0.03847
987,GGCGGACGGGGTGGTGGAGGCCACGGGGGA,0.703645
988,TCGCGACGGGGTTGGCGACGCCCAGGGCAG,0.31898000000000004
989,CGGGGACGGTGGGAAGAGCTATGTCGGGAG,0.13403900000000002
990,TGATGACGTCAGTGGCCTCCTTGCAGGTGA,-0.358799
991,CAAAGACGTCCGAGTCCGCCCGGTAGGAGA,-0.267519
992,TGCAGACTGTCTGGGCTCGCCACCTGGACC,-0.077355
993,AGCAGACTTATGGAGACATGGAAGTGGAGA,0.099262
994,TAGAGACTTCCTTCATACAGGAGTTGGAGG,0.863576
995,AAGAGAGACAGTACATGCCCTGGGAGGCCG,0.548172
996,TGTGGAGACCAGGCCTGCAGGGGATGGAAC,0.961893
997,GCCAGAGACCATCTCCTCACACTCTGGAAC,0.085472
998,CAGAGAGACTCAGGGCCTACCTGGAGGGCA,-0.236525
999,TGTGGAGAGTTCCAGTGTGGCCCGTGGCAC,0.6194189999999999
1000,CACGGAGATCCTTGGCAGAAGACCTGGTTC,0.087396
1001,GTATGAGATGGACAGCGAGTTCGAGGGGGA,0.21754600000000002
1002,GACAGAGATGGATCCCAGCAGACAGGGTTG,0.13538599999999998
1003,CCCCGAGATGGGGGTCTACCTGGTGGGCCA,-0.803612
1004,CTGAGAGCAGGAGAGCGACGCTGATGGCTG,0.731301
1005,TGGTGAGCCACTGGGACGAGCGCCAGGCCC,0.732212
1006,CGGGGAGCCCCGGTACATGGAAGTCGGCTA,0.9584530000000001
1007,GCCTGAGCCCCTCACCCTGAGATGGGGTAA,0.13476400000000002
1008,GCCTGAGCCTCTCCGTAGGACGCGCGGTCG,0.28025700000000003
1009,CGGTGAGCGCCTGGCCGCCCTCCTGGGCCG,0.001962
1010,TTTTGAGCTGAGACATTCCAAGGTAGGTAA,0.27461199999999997
1011,GTTAGAGCTTGTTGTCACAGTGGTGGGGGG,0.37341399999999997
1012,CAAGGAGGAAGTGCTCCTGGGAAAGGGTCC,0.832564
1013,CCAGGAGGATCCCCAGGATGCCCAGGGACT,0.619789
1014,TCTGGAGGATGATCTGGGAGCAAAAGGCCA,0.811591
1015,CTGAGAGGCAGTAGGCTCAGGTACAGGGGT,0.488842
1016,GTACGAGGCCAGGGAGGAGGCACTTGGGAA,0.873641
1017,AGCAGAGGGCAAAGTGGATGTCTATGGTTA,-0.044717
1018,CCACGAGGGCCAAAACCACCACCAAGGCAA,0.326059
1019,AGGTGAGGGTCTTCAGGAACCCCATGGTCT,0.339936
1020,CCTTGAGGTGCACCACCAGGTACTCGGTGG,0.887642
1021,GACAGAGGTGTCTGATGGTGCAAGTGGAGG,0.019897
1022,GCAGGAGTCAGTGACGGTACAGGAGGGTTT,0.201031
1023,CAGGGAGTCCATGCATCTCACTCGAGGGCC,0.323621
1024,CTTCGAGTCGCCCTCGCACTCCCCGGGGCT,0.187157
1025,ACCTGAGTCTGCATCTAAACCCCATGGATA,-0.010439
1026,TCCAGAGTGTGAGGAGATGGTCTCTGGCCT,0.593735
1027,GGGGGAGTTGGCAGATGACCTGGCGGGCTT,0.229683
1028,GGTGGATAAGCGTGATGTTGAACTCGGCCT,0.106251
1029,GGGCGATAGCGTTGCAGTAGACGGTGGACC,0.231711
1030,CCTTGATATAGGGCTGGTTGGAGAGGGTGA,0.144968
1031,CTCAGATATCCAGGTGATGCTAAGTGGCTC,-0.42147299999999993
1032,CCGAGATATGAGCCGCGGGCGCGGTGGATG,0.252344
1033,AGCTGATCCAGGACATGGAGCTTGTGGAGA,0.680475
1034,TACAGATGAGGTTCCCCAGGCCCAGGGGCC,0.5010939999999999
1035,GGTGGATGCTGACAAAACCTCCCCCGGGTT,0.700577
1036,GGATGATGCTTGCCACAGTGCCTGGGGCCA,0.086653
1037,ATGAGATGGACAGCGAGTTCGAGGGGGAGT,-0.111202
1038,TGCAGATGGGCTTCCCGGTCATCACGGTGG,-0.43141499999999994
1039,TAAGGATGGGGCCCGTCACGTTCAGGGCAT,0.279174
1040,CTGTGATGGGTCACATGGGCCTTTGGGGAA,0.25469400000000003
1041,GGTAGATGGTGTTCTGGTAGGCAAAGGTGT,0.316824
1042,GGGCGATGTAATCGCAGCCGTCGTAGGCGT,0.615924
1043,CAAAGATGTCCAAAATGCTAAGTGTGGAAA,0.33979000000000004
1044,GCGTGATGTTGAACTCGGCCTTCATGGCCG,-0.078921
1045,CGGCGATTATGCCCTGAACGTGACGGGCCC,0.400086
1046,ACAGGATTGGCTGCAGTGACAGGAGGGTCA,-0.19031199999999998
1047,TACTGCAACGCTATCGCCCAGGGCGGGGAG,0.447317
1048,GGCTGCAAGTGCAGGAGTCAGTGACGGTAC,-0.164184
1049,GTTTGCACACTGCAGAGGCCTGCTGGGCAT,-0.120899
1050,CCTTGCACCTTCTCCTCCTCTTTGGGGCAT,-0.44509099999999996
1051,AGCAGCACGCCCACCGGTCGCGACGGGGTT,0.45361599999999996
1052,GAGAGCACGTGCTTCCTCTTCTCTCGGGTC,-0.49050900000000003
1053,GATGGCAGACAGCAGCAGGACTACTGGCTG,0.623175
1054,AGATGCAGACTCAGGTTTAGATACAGGCTC,-0.25206100000000004
1055,TGAGGCAGAGACAAAGAGCGAGCAGGGCTG,0.760885
1056,GCCAGCAGCACCACCAGGAGTACAAGGGTC,0.521837
1057,CACTGCAGCCAATCCTGTGACAGACGGACC,0.283578
1058,CACTGCAGCCAATCCTGTGACAGACGGACC,0.283578
1059,TCAGGCAGCCCCTGATGGTACACATGGCAT,-0.05193300000000001
1060,CTTTGCAGCGTACCGCCCCTGACAGGGACC,0.009618000000000002
1061,GGGGGCAGCTGCCGCCGCTGCCCTGGGCGT,0.333323
1062,TCTTGCAGCTGGATCCCCACAACTAGGCTT,0.255531
1063,CCACGCAGGACCACCCTGTGCCCCTGGCTG,0.08427
1064,TGGAGCAGGAGGGGCCCGAGTATTGGGAGC,0.184665
1065,AAGTGCAGGAGTCAGTGACGGTACAGGAGG,0.842009
1066,AGAAGCAGGCATCCAATGGTGTCTTGGTAT,0.10266800000000001
1067,TCTGGCAGGGGCGTAGGGCTGGTAAGGCTT,0.315312
1068,CCGAGCAGGGTCCTCAGGTCCACTCGGAAA,-0.213777
1069,CCTTGCAGGTGAAACGGACGGTGCTGGAGC,0.806537
1070,TCCTGCAGGTGGTCCCACAGGTTCAGGTAG,0.726614
1071,TCTTGCAGGTGTCCCGAGGGCAGAAGGTGA,0.664246
1072,GCCGGCAGTCAGGGGGCGGCCTCGGGGCGC,-0.032008999999999996
1073,TACAGCAGTGCTTCCAGAAAACAACGGCCC,0.195581
1074,CCCAGCATCGTACCTGGCTCACAGTGGAGT,-0.201792
1075,CTGAGCATCGTAGACGCCAGGAGGAGGGAT,0.584417
1076,TGCAGCATCTACATCTATCTCTAAAGGAAC,-0.304112
1077,GTGGGCATCTGTGGTGGTGCCTCTTGGGAA,0.013319
1078,GGAAGCATGTTGGACAGGGCTGTCAGGTCC,0.27569499999999997
1079,CGTCGCCAACCCCGTCGCGACCGGTGGGCG,0.461042
1080,CACAGCCACTCACCTGCCCACAGCAGGGGC,0.467214
1081,GGCCGCCAGCACACAGACGGTCCATGGCAG,0.862886
1082,GAATGCCAGCCCATCAGTTTCTGTGGGGTC,-0.285108
1083,GTCTGCCATCTCTGATGGATGTGATGGGCA,-0.336767
1084,GGCTGCCATGGACCGTCTGTGTGCTGGCGG,0.103458
1085,GGTCGCCATGTTGGAGACAGTGGATGGAGG,0.323408
1086,TCCAGCCCAAGGTTCAGAGCCGCCTGGTCG,0.712242
1087,AGAAGCCCAGGGCCCAGCACCTCAGGGTGA,0.440025
1088,TGGTGCCCATGCTTATTGCCTTGGTGGTGG,-0.260265
1089,GGATGCCCCAGGGCGGGGGCCAGTCGGGGG,0.42191300000000004
1090,ACTGGCCCCCGCCCTGGGGCATCCAGGCGC,0.552723
1091,GCCCGCCCCGGCCGAACACGTCCACGGTCA,0.27374299999999996
1092,GGGGGCCCCTTCACGAGGTCGCGGTGGTGG,-0.20723699999999998
1093,GCTGGCCCGGGGGCCTGGGGCTGGAGGTCG,0.852059
1094,CCAGGCCCTGCTTGAATACGTCCTCGGACA,0.118574
1095,CCAGGCCCTTGCCAATTCGATGGGAGGCCC,0.32418600000000003
1096,TGGCGCCGAGGCCGGGGGCTGCCATGGACC,-0.234256
1097,CGCCGCCGCCGTCGGCGAGCCCCACGGTGC,-0.035259
1098,TATCGCCGCTACTTCCACTGGCGCCGGAGC,0.643654
1099,CAACGCCGGCGCCATGGAGAACTGGGGACT,0.41872200000000004
1100,TGGTGCCGTGGTCCTGGGGCCGTGGGGTGA,0.292794
1101,CACCGCCGTGTCCCGGCCCGGCCTCGGGGA,0.37698899999999996
1102,CCCAGCCTCATACCAAGACACCATTGGATG,0.45118100000000005
1103,CGGGGCCTCCCATCGAATTGGCAAGGGCCT,0.282355
1104,CTTCGCCTCCTACGTGGAGTACCTGGGTGC,-0.093641
1105,TTCCGCCTCCTTGGGGATCCCAGTAGGAAC,-0.696779
1106,AGCTGCCTGCAGAACCCAAAGACCTGGTGT,0.169022
1107,GTGCGCCTGGATGCCCCAGGGCGGGGGCCA,0.6947300000000001
1108,TCAGGCCTGGCCCCGCCACTGTCCAGGAAA,0.110858
1109,GGGGGCCTGGGGCTGGAGGTCGCCAGGGCT,0.423126
1110,AGGGGCCTGTCCTTGGCCTTGTAGAGGATG,-0.060978
1111,AACAGCGACGTGGAAGTCTGTGTCGGGAAT,0.036161
1112,TCTGGCGCAACGCGTTGCTCGCTGGGGCGG,0.087869
1113,AAGTGCGCCAGAGATCACAGTGGGAGGCCC,0.810451
1114,GTGTGCGCCTGGATGCCCCAGGGCGGGGGC,0.643938
1115,GGCGGCGCGGGTGGCGCCGAGGCCGGGGGC,0.560942
1116,GCGGGCGCGGTGGATGGAGCAGGAGGGGCC,0.285937
1117,ATCTGCGCGTGTTGGACTACGAGGAGGCAG,-0.314796
1118,CGGGGCGCTATCGCGCCCCCCGAAGGGCTC,0.304043
1119,CCAGGCGCTCACCGTCATCTGCTCTGGTAA,-0.13558399999999998
1120,GACGGCGGCGGCGGGCGGGCGGCGCGGGTG,0.12787
1121,TGACGCGGGAGCGGTACGTGTGCTCGGGTA,0.095687
1122,AGTGGCGGGGCCAGGCCTGAGGGCGGGTCG,0.294202
1123,CGGCGCGGGTGGCGCCGAGGCCGGGGGCTG,0.6403369999999999
1124,AGGGGCGGTACGCTGCAAAGTCTCTGGCAG,0.815455
1125,TCCAGCGGTTCATGATGTCCCGCACGGTGG,-0.039963
1126,AGCAGCGTCGCGTTCCCGTTCTTCAGGTAT,-0.22759899999999997
1127,TGCTGCTACTGCTGCCCCTGCTGTGGGCAG,-0.039206
1128,ACAAGCTAGATCAAGAAGTACAGGAGGAGA,-0.21093800000000001
1129,AGAAGCTCAACTACACCCTCAGCCAGGGGC,0.343013
1130,ACCAGCTCAGTCTTGTCAATGTCGGGGGGC,-0.408459
1131,TCAAGCTCATGTTTGACCGCTCCGAGGTCT,0.417926
1132,CCTGGCTCCGACTCAGACCCGCGCGGGTGA,0.6040800000000001
1133,GTGGGCTCCGCATAGTCAGCACCCAGGTAC,0.467913
1134,GTGGGCTCCGGCACGGTGGTGGGTGGGGTG,-0.250438
1135,CGTTGCTCGCTGGGGCGGTGCCGGTGGTGC,-0.22291599999999998
1136,AAGCGCTCGTAGTTGGCACGGTCTGGGCCC,0.459028
1137,GGATGCTCTCCAGCTTCCTGTCCGAGGACG,0.226584
1138,GGACGCTCTCCTACCGGGCGGACTCGGACG,0.46231700000000003
1139,ACACGCTGAAACCCGATTCCTACCGGGTGA,-0.284862
1140,GGCAGCTGACAACCAGGAGAAGATCGGGGG,0.582521
1141,AACAGCTGAGATGTGGTGACCCCTTGGCCC,-0.46140600000000004
1142,CGGCGCTGATCACCAAACACAAGTGGGAGC,0.5580350000000001
1143,CGGCGCTGATCACCTACGCTTGCTGGGGGC,-0.131548
1144,ATTGGCTGCAGGTCCGTCTGTCACAGGATT,0.172744
1145,AGATGCTGCAGTTCCGTCTGTCACAGGATT,0.092454
1146,CAGCGCTGCCTGTTCGCGCCATGGGGGCAC,-0.220417
1147,AGGTGCTGCGAGTTCTCGAAAGCCAGGTAG,0.28562
1148,TCAGGCTGCTCAGGGCGGCCTCCCAGGGCA,-0.033264
1149,TTCTGCTGGAAACTGAGGTGCCACGGGCCA,0.683358
1150,CCATGCTGGAAGGCCTGGAAGCAGAGGGCA,0.26887300000000003
1151,ATGGGCTGGCATTCTGGGCTTCAGAGGTAC,-0.157619
1152,TGCTGCTGGCCATGTGTGGTCCTCTGGTCT,-0.385495
1153,TGCTGCTGGCTGCCACATACCTGCTGGGAA,-0.170983
1154,GCCCGCTGGGTTTGGGTCTTGGCCTGGATA,-0.953593
1155,TCAGGCTGGTCACCTTCTGCCCTCGGGACA,0.32242
1156,TAGGGCTGGTTGGAGAGGGTGACGCGGGAG,0.165498
1157,TCTGGCTGTGAAGTGGGGTCCGACGGGCGA,0.140177
1158,TGGAGCTGTGATATGTGGGGTAGATGGTAG,0.649159
1159,TGCTGCTGTGGTGGGAGCCCTTCGGGGGGC,-0.136435
1160,CGTCGCTGTTCACGCCCTTGTACAGGGATG,-0.368209
1161,TGGAGCTTACTGTTGTAGCCACAGAGGGTC,-0.198854
1162,ACGTGCTTCCTCTTCTCTCGGGTCAGGCTG,0.292704
1163,CAGAGCTTCTCGGTGATATAATCCAGGTGC,-0.265922
1164,CCCTGCTTGAATACGTCCTCGGACAGGAAG,0.035332
1165,CTTGGCTTGGTGACCTGGTGGTTATGGGAT,0.071646
1166,CCCTGCTTGTGGTAGATAGCAACGAGGTCA,-0.219527
1167,TAGAGCTTGTTGTCACAGTGGTGGGGGGTG,0.086653
1168,AGCGGCTTTCTGCCTCGGACAGTCTGGAAG,-0.040496
1169,TCGAGGAAAAGCAGGTACGAGGCCAGGGAG,0.762919
1170,TCCAGGAAACAGGGGCTGGTGGCATGGGTG,-0.43515699999999996
1171,GATGGGAAACTTGCTGAATACCCGTGGAAT,-0.195785
1172,GAAGGGAAAGGACCAAGGGCCAAGGGGTCA,0.9209149999999999
1173,TCCCGGAACCAGTAACCATGAACTGGGGAG,0.344918
1174,TTCGGGAACCTGGTGACCATAGAGTGGTGG,0.18603
1175,CAATGGAACTATTATTCACATAAAAGGTAA,0.047897
1176,GGATGGAAGAAAGTGCAGGGCACGAGGACG,1.091888
1177,GACAGGAAGCTGGAGAGCATCCTGAGGACT,0.139514
1178,TCCGGGAAGGAGCCATTATATCCAGGGACT,-0.43299
1179,TCTAGGAAGTCTGTGCTCAGTACTGGGGCG,0.329998
1180,TTCTGGAAGTGGGGTGCTGGGACCTGGGCA,0.47098199999999996
1181,GGTAGGAATCGGGTTTCAGCGTGTTGGGGA,0.359664
1182,TGGTGGAATTCTACAATGGCAGCTGGGGTG,0.26865100000000003
1183,CATTGGAATTGATGCCATGCTGGAAGGCCT,-0.136115
1184,TGTTGGACAGGGCTGTCAGGTCCTTGGGGT,0.704292
1185,AGGAGGACAGGGGGTCGAACAGCAGGGAGT,-0.03779
1186,ACCTGGACCCAGCATGCCCCAAAGAGGAGG,0.199126
1187,AGGCGGACGGGGTGGTGGAGGCCACGGGGG,0.41962299999999997
1188,CCGAGGACGTATTCAAGCAGGGCCTGGCGG,1.411023
1189,TGTTGGACTACGAGGAGGCAGCGGCGGCGG,0.324852
1190,CCATGGACTCCCACGAAGTGCTGCTGGCTG,0.534193
1191,AGCTGGAGAGCATCCTGAGGACTGAGGCGC,0.873841
1192,AGCAGGAGAGCGACGCTGATGGCTGGGTTC,-0.48988699999999996
1193,GGAGGGAGATCCCAGAAAACCTGATGGACC,0.278407
1194,TGGTGGAGCCCACCGAGTACCTGGTGGTGC,0.232231
1195,TCAAGGAGGAAGTGCTCCTGGGAAAGGGTC,0.40575500000000003
1196,CCCAGGAGGATCCCCAGGATGCCCAGGGAC,0.213243
1197,TGGTGGAGGCCACGGGGGAGCTGTTGGCGT,0.513269
1198,CCGAGGAGGTGGATCTGCGCGTGTTGGACT,0.7022149999999999
1199,TGCAGGAGTCAGTGACGGTACAGGAGGGTT,-0.114878
1200,AGCAGGAGTGGTTCATGGGGCCATTGGAGG,0.9614510000000001
1201,AGGGGGAGTTGGCAGATGACCTGGCGGGCT,-0.092397
1202,AGCTGGATCCCCACAACTAGGCTTAGGCGT,0.599075
1203,CAAAGGATGCATTAATGTATTTGCTGGTTT,0.17063399999999998
1204,TTAAGGATGGGGCCCGTCACGTTCAGGGCA,0.112822
1205,CACAGGATTGGCTGCAGTGACAGGAGGGTC,0.174977
1206,ACTGGGATTGTGGTCTGCCCCCAGGGGCTG,0.37400100000000003
1207,CCTGGGCACAGAGGAACCCGGGGGAGGTTT,1.1821620000000002
1208,TCCTGGCACCAGCTGCAATCTGGGAGGAGC,-0.419038
1209,TGGGGGCACCGTGGGGCTCGCCGACGGCGG,0.246896
1210,ATGAGGCAGAGACAAAGAGCGAGCAGGGCT,1.12782
1211,CCTAGGCAGATCAGGCTCAGCGGAAGGCAC,0.15702
1212,ATGTGGCAGCCAGCAGCACTTCGTGGGAGT,0.092128
1213,CCGGGGCAGCCGGTGCCCGAAATTGGGCTC,0.80091
1214,TGGGGGCAGCTGCCGCCGCTGCCCTGGGCG,0.041513999999999995
1215,CGCAGGCAGGGCCCACTCACCTTTGGGAAG,0.022222
1216,GAGAGGCAGTAGGCTCAGGTACAGGGGTGC,0.220573
1217,AGCCGGCAGTCAGGGGGCGGCCTCGGGGCG,1.052673
1218,TGGCGGCAGTCCAGGCGAAGGTTTTGGTTC,0.41962299999999997
1219,CCTGGGCATCCTGGGGATCCTCCTGGGCGT,-0.387989
1220,TGGTGGCATGGGTGGTGAGCCACTGGGACG,0.17916500000000002
1221,TCCAGGCCAAGACCCAAACCCAGCGGGCCT,0.48673999999999995
1222,TCTAGGCCATCCCTGTCATCAATCGGGCAC,0.021373
1223,TACAGGCCCCTGTCATTGGGGGTGAGGTAC,0.334701
1224,CAGTGGCCCGCTACAAGTTCTACCTGGCTT,0.064157
1225,GCCAGGCCCGCTGGGTTTGGGTCTTGGCCT,-0.057898000000000005
1226,TCTGGGCCCGGCCCAGTGCCATTGCGGCGG,-0.018734999999999998
1227,TCCCGGCCCGGTACTCACCCGCGCGGGTCT,0.34828200000000004
1228,TGGTGGCCGAGGCGGGGTTGGTGGTGGCTG,0.102273
1229,TGGCGGCCGCCGGCTTGACGTGTACGGCGC,0.477984
1230,TCTGGGCCGGCGTGTTGATCTCCGAGGCGG,-0.43594799999999995
1231,GAGTGGCCGGGTTCTAGAGTGCCAGGGATG,0.426771
1232,TCGGGGCCTCCCATCGAATTGGCAAGGGCC,-0.195364
1233,GCCAGGCCTGAGGGCGGGTCGCCGGGGTGG,-0.443626
1234,GATTGGCCTGCCAGACTTCAACGCCGGCGC,-0.153222
1235,TTCTGGCCTTTGGATTTGCCCTTCTGGACA,-0.40597300000000003
1236,CTGGGGCGAAGGAAAGCAGACTTATGGAGA,0.845634
1237,GGTTGGCGACGCCCAGGGCAGCGGCGGCAG,0.5052300000000001
1238,TAGCGGCGATAGACCGCGGGGTTGCGGTCG,0.816936
1239,CCTGGGCGATAGCGTTGCAGTAGACGGTGG,0.631077
1240,CTCTGGCGCAACGCGTTGCTCGCTGGGGCG,-0.351848
1241,TCCAGGCGCACACTGCCGAGGAGGTGGATC,0.709105
1242,TTGTGGCGCCAGAGGCAAAAGCGGAGGACT,-0.010464
1243,GGGCGGCGCGGGTGGCGCCGAGGCCGGGGG,0.83429
1244,TCGGGGCGCTATCGCGCCCCCCGAAGGGCT,0.178926
1245,AGCCGGCGGCCGCCAGCACACAGACGGTCC,0.262362
1246,ACCAGGCGGCTCTGAACCTTGGGCTGGAAA,-0.100797
1247,CAGTGGCGGGGCCAGGCCTGAGGGCGGGTC,0.460424
1248,CCGAGGCGGGGTTGGTGGTGGCTGAGGCGG,0.118647
1249,GAGGGGCGGGTAACATTGGAATCGGGGTCA,0.269372
1250,CCGAGGCGGGTGTGGACAGCGGGTGGGAGG,0.030813999999999998
1251,GGCCGGCGTGTTGATCTCCGAGGCGGGTGT,0.30803
1252,TGTTGGCGTTCTTGTTCTTCTCCTGGGAGT,-0.769255
1253,AAAAGGCTAATACTTCAATTTGTTTGGAGT,-0.357221
1254,GCTCGGCTACTACAACCAGAGCAAGGGCGG,0.5598850000000001
1255,TGTTGGCTCAGTTGGTGGTAGTAGCGGACC,-0.105281
1256,AAGTGGCTCCAATTCCAAGTGTCAGGGTCA,0.38797
1257,CCCTGGCTCCGACTCAGACCCGCGCGGGTG,0.33769299999999997
1258,TGTGGGCTCCGGCACGGTGGTGGGTGGGGT,0.6512979999999999
1259,GTGGGGCTCGCCGACGGCGGCGGCGGGCGG,1.367369
1260,GGGAGGCTGACCCTGTGGTAGGGTGGGTGT,0.18274100000000001
1261,TGGTGGCTGAGGCGGACGGGGTGGTGGAGG,0.808894
1262,CCCTGGCTGCAGAACTGTCACACAGGGCCT,0.05205599999999999
1263,GGCTGGCTGCTACTGACCTCCTGCAGGTGG,0.173875
1264,GTCAGGCTGGTCACCTTCTGCCCTCGGGAC,-0.172584
1265,CTCTGGCTGTGAAGTGGGGTCCGACGGGCG,0.063207
1266,GTGGGGCTTTCGGGCATCTTTGATGGGAAA,-0.62435
1267,TGCAGGGAAACAAGAGACCAGAGCAGGAGT,0.789927
1268,TGAAGGGAAAGGACCAAGGGCCAAGGGGTC,1.1275680000000001
1269,TTCCGGGAAGGAGCCATTATATCCAGGGAC,-0.150097
1270,ACTTGGGACCGCACAGTTGCTGTGTGGCTT,-0.079071
1271,GCTGGGGAGATTTGTAACTGTATTTGGTAC,0.34166199999999997
1272,GGCTGGGAGCCTCCCACACCACGCAGGACC,0.325251
1273,ACCGGGGAGGCTGACCCTGTGGTAGGGTGG,0.093944
1274,TTATGGGATCTTGGGTAGACGTCGTGGATG,-0.254023
1275,AACTGGGATTGTGGTCTGCCCCCAGGGGCT,-0.547058
1276,CGCGGGGCACAAAGCGCTCGTAGTTGGCAC,0.205738
1277,CCAGGGGCACAGGGTGGTCCTGCGTGGTGT,-0.14558
1278,CTCAGGGCAGATTCCGCCTCCTTGGGGATC,0.002553
1279,GCCGGGGCAGCCGGTGCCCGAAATTGGGCT,0.618039
1280,CCCTGGGCATCCTGGGGATCCTCCTGGGCG,-0.19006800000000001
1281,TCAGGGGCCACTAAAAGAAACGATCGGTGA,0.9050729999999999
1282,CCTGGGGCCAGGCCCGCTGGGTTTGGGTCT,0.911644
1283,TTTAGGGCCATTAGTTTCATAAGGAGGACC,-0.33494
1284,TCTGGGGCCCTCGAGTGAGATGCATGGACT,0.356598
1285,CACAGGGCCTCCCACTGTGATCTCTGGCGC,0.366658
1286,CAGCGGGCCTGGCCCCAGGCACTGTGGCAA,0.368753
1287,ACCCGGGCCTGGCGCTCGTCCCAGTGGCTC,-0.49879300000000004
1288,GGGCGGGCGGCGCGGGTGGCGCCGAGGCCG,-0.194759
1289,TGAGGGGCGGGTAACATTGGAATCGGGGTC,0.742082
1290,TGTTGGGCGTACAGGTACCTACATTGGAAT,0.085651
1291,ACCGGGGCTCCCCGAGGCCGGGCCGGGACA,1.086458
1292,CGTGGGGCTCGCCGACGGCGGCGGCGGGCG,0.785572
1293,GACAGGGCTGTCAGGTCCTTGGGGTGGATA,-0.529575
1294,AGATGGGCTTCCCGGTCATCACGGTGGATA,-0.38501199999999997
1295,TGTGGGGCTTTCGGGCATCTTTGATGGGAA,-0.57096
1296,CACCGGGGAGGCTGACCCTGTGGTAGGGTG,0.283683
1297,AACTGGGGAGTTCTTGTCGTAGTAGGGTAT,-0.029738
1298,GCCTGGGGCCAGGCCCGCTGGGTTTGGGTC,0.567489
1299,TCGGGGGGCCCCTTCACGAGGTCGCGGTGG,0.892409
1300,CTGAGGGGCGGGTAACATTGGAATCGGGGT,0.365562
1301,CGCTGGGGCGGTGCCGGTGGTGCTGGGCCC,0.540067
1302,GTGAGGGGCTCAGGCAGCCCCTGATGGTAC,0.48131999999999997
1303,TCGAGGGGGAGTTGGCAGATGACCTGGCGG,0.128897
1304,GGTCGGGGGCAGCAGTGTGTGTGAGGGCAT,0.265443
1305,TTCGGGGGGCGCGATAGCGCCCCGAGGCCG,0.806971
1306,AAGAGGGGTGTGACCTGCTTCTTCAGGTAG,0.08564
1307,AGGCGGGGTTGGTGGTGGCTGAGGCGGACG,-0.072337
1308,GTCAGGGTCAAGTGGAGATCCAGATGGAAA,-0.10250899999999999
1309,AGGAGGGTCACTGGCTACATTTGATGGTTC,0.028376
1310,TCTCGGGTCAGGCTGAACTCATGCTGGATG,0.575954
1311,GGGCGGGTCGCCGGGGTGGCTTCTGGGGTA,-0.350669
1312,TTGTGGGTGGAGGTGTCGTTCTCTGGGGCT,-0.16233
1313,GCTGGGGTGGCACCATCCTCTACAAGGCCA,0.28513499999999997
1314,AGGCGGGTGTGGACAGCGGGTGGGAGGAGG,0.8946379999999999
1315,CCATGGGTTTGTGGCTCAAACTTCTGGCCT,0.221531
1316,ACCCGGTAATAGCCCGTCACATTGAGGTTC,-0.199485
1317,GTGAGGTACGGTCTCAGCGTCACCCGGTAG,0.8442540000000001
1318,TGGTGGTAGTAGCGGACCCGGGCCTGGCGC,0.815475
1319,AGGGGGTCAAAGAAACTGGGATTGTGGTCT,0.80899
1320,TCGGGGTCAAGGAGGAAGTGCTCCTGGGAA,0.479959
1321,ATGTGGTCCTCCTTATGAAACTAATGGCCC,0.486483
1322,TTGAGGTCCTGAATCATAGACACCAGGTCT,0.46786099999999997
1323,CAACGGTCGCCATGTTGGAGACAGTGGATG,0.44233599999999995
1324,GGCGGGTCGCCGGGGTGGCTTCTGGGGTAG,-0.415512
1325,CGCGGGTCTGAGTCGGAGCCAGGGCGGCCG,-0.026545999999999997
1326,TTGTGGTCTGCCCCCAGGGGCTGATGGTCT,0.930636
1327,CCATGGTCTGGCCAGCTGGTGAATTGGATA,-0.23008499999999998
1328,CTGGGGTCTGTTCAATGAAGGGAAAGGACC,0.676084
1329,GCCTGGTGAACCAAAACCTTCGCCTGGACT,0.363208
1330,TTCAGGTGATCTCTGGCTGTGAAGTGGGGT,-0.044806
1331,TGGTGGTGCACCTCAAGGGCTCCCTGGTGA,0.807329
1332,TACTGGTGCCCATGCTTATTGCCTTGGTGG,-1.003984
1333,AGCTGGTGGAGCCCACCGAGTACCTGGTGG,0.6973229999999999
1334,TGTGGGTGGAGGTGTCGTTCTCTGGGGCTC,-0.523257
1335,GAGGGGTGGCAGACACTCACCGAGTGGTCT,0.175843
1336,GGGTGGTGGCCACTACACAGATGCAGGCTG,1.240321
1337,AGGTGGTGGCCGAGGCGGGGTTGGTGGTGG,0.431296
1338,TGGTGGTGGCTGAGGCGGACGGGGTGGTGG,-0.300273
1339,GACCGGTGGGCGTGCTGCTGTGGTGGGAGC,0.01305
1340,GGGAGGTGGGGGCAGCTGACAACCAGGAGA,-0.19314
1341,CCAAGGTGGTGGCCGAGGCGGGGTTGGTGG,0.692118
1342,GGTTGGTGGTGGCTGAGGCGGACGGGGTGG,0.765868
1343,GCACGGTGGTGGGTGGGGTGGTTGTGGGTG,0.335735
1344,CACAGGTGTGGTGGAATTCTACAATGGCAG,-0.610171
1345,TTTTGGTTCACCAGGCAGGCTGTCAGGCTG,0.153556
1346,CCAAGGTTCAGAGCCGCCTGGTCGGGGGCA,0.612256
1347,CACAGGTTCAGGTAGATGGTGTTCTGGTAG,0.09405
1348,GGAAGGTTCCATCCCCTGCAGGCCTGGTCT,-0.036728
1349,GCGGGGTTGCGGTCGAGGAAAAGCAGGTAC,0.599
1350,ACCAGTAACATGCCACTTGATTCTTGGCTT,-0.291274
1351,AAACGTACAGGCCCCTGTCATTGGGGGTGA,-0.099636
1352,CCCGGTACATGGAAGTCGGCTACGTGGACG,0.017432
1353,CCATGTACCGGGGCTCCCCGAGGCCGGGCC,0.8403950000000001
1354,GACCGTACCTCACCCCCAATGACAGGGGCC,-0.169206
1355,TGGAGTACCTGGGTGCTGACTATGCGGAGC,-0.48464799999999997
1356,CCGAGTACCTGGTGGTGCACCTCAAGGGCT,0.075033
1357,GCAAGTACGTGGACATCTTGGGCGTGGTGT,0.18208
1358,ACTTGTACTTAACTCCTAGGGCCCCGGGAT,0.692525
1359,AGAGGTACTTGGAGCTGTGATATGTGGGGT,-0.016663
1360,TCTTGTAGACCAGAGGACCACACATGGCCA,0.42291899999999993
1361,TGCAGTAGACGGTGGACCGCAGGTTGGGGT,0.24296700000000002
1362,ATGTGTAGCAGAAATCTTATATCGCGGTGT,-0.42103900000000005
1363,CCACGTAGCCGACTTCCATGTACCGGGGCT,0.31587800000000005
1364,TGAAGTAGCTCAGGCTGCTCAGGGCGGCCT,-0.132296
1365,CAATGTAGCTGGCATTTATGTAGGTGGACC,-0.380398
1366,TCTGGTAGGCAAAGGTGTGGAGGTAGGACT,0.616425
1367,AAAAGTAGTCGCCCTCATCCTTGGTGGTGA,-0.35465100000000005
1368,ATTTGTATCTTTCAGAGCATTCCACGGGTA,-0.003258
1369,CCTGGTATTCAGCCTCCAGAGGGGAGGGGT,0.421972
1370,TGGCGTCAAACAGCTCACTGATCTGGGCCG,0.60411
1371,CGGGGTCAAGGAGGAAGTGCTCCTGGGAAA,0.304597
1372,ACCTGTCACATGCACAGAGAGCTGGGGAGA,0.393231
1373,TTTCGTCACCGCCGTGTCCCGGCCCGGCCT,-0.202092
1374,GTTCGTCAGAAAAAGCAGCGTCAGTGGATT,0.5230670000000001
1375,TGATGTCAGCAGGGTAGAAGCCCAGGGCCC,0.47862200000000005
1376,TTTTGTCAGCATCCACCGTGTGGAAGGAGA,0.202146
1377,GGTTGTCAGCTGCCCCCACCTCCCTGGGCC,-0.199505
1378,TGGGGTCAGGGACAGTGGACTCGAAGGAGA,0.07230299999999999
1379,AGAAGTCATCAACTGTCTCATCCCGGGGCC,0.148797
1380,TTTGGTCCAAGGTGGTGGCCGAGGCGGGGT,0.070976
1381,CTGTGTCCAGAAGGGCAAATCCAAAGGCCA,-0.21764899999999998
1382,CACTGTCCAGGAAACAGGGGCTGGTGGCAT,0.9023559999999999
1383,GGTGGTCCCACAGGTTCAGGTAGATGGTGT,0.59712
1384,AGTGGTCCCATTGTGGTGCACTGCAGGTAA,0.016252000000000003
1385,TCCTGTCCGAGGACGTATTCAAGCAGGGCC,-0.304739
1386,CTGTGTCCTCCAACTCCTGTATGAAGGAAG,0.0376
1387,CCCTGTCCTCCTCCAGCAGCAACAAGGAGC,0.274309
1388,AATGGTCCTGGCTCAGCCTCCAACTGGAAC,0.343555
1389,AGTAGTCCTGGGGCCCAGGGAGGTGGGGGC,0.664246
1390,GCCTGTCCTTGGCCTTGTAGAGGATGGTGC,0.27397699999999997
1391,CGTAGTCGAACTCACTGACAATGAAGGCCA,0.330886
1392,TGCGGTCGAGGAAAAGCAGGTACGAGGCCA,0.792874
1393,GGGCGTCGCCAACCCCGTCGCGACCGGTGG,0.6915279999999999
1394,CGAGGTCGCGGTGGTGGAAAAGCACGGCCT,0.046222000000000006
1395,CATCGTCGTCCTCTGCAGACTGTCTGGGCT,0.044232
1396,TACTGTCTCTCTTCAATCAGGAAGAGGGTG,0.529713
1397,TCAGGTCTGCTGTGATGGGTCACATGGGCC,0.095822
1398,GACCGTCTGTGTGCTGGCGGCCGCCGGCTT,1.072655
1399,TGGGGTCTTCTGGAAGTGGGGTGCTGGGAC,0.607768
1400,TGTAGTGAGACACAGCTCCCGTTCGGGGCC,0.317785
1401,AGGAGTGAGTAGTCCTGGGGCCCAGGGAGG,0.885092
1402,GCTTGTGATACTTCATCCCTTCTGGGGAAG,0.344825
1403,TCAGGTGATCTCTGGCTGTGAAGTGGGGTC,-0.445616
1404,TGAGGTGCACCACCAGGTACTCGGTGGGCT,0.23403200000000002
1405,TACCGTGCACGCTGCTCCTGCTGTTGGCGG,0.136131
1406,GCCAGTGCATCCACTGCCATCACGCGGTAC,0.076578
1407,GTTGGTGCCGTGGTCCTGGGGCCGTGGGGT,0.381899
1408,CACAGTGCCTGGGGCCAGGCCCGCTGGGTT,0.119696
1409,CCGTGTGGAACTCTCTGAAATAAATGGAGA,0.331565
1410,CGACGTGGAAGTCTGTGTCGGGAATGGGAA,0.69503
1411,CCGAGTGGACCTGAGGACCCTGCTCGGCTA,0.130273
1412,AAACGTGGACGGCGGCGGACATGGCGGCGC,-0.055593
1413,GACCGTGGACGTGTTCGGCCGGGGCGGGCC,0.118647
1414,CTACGTGGAGAAGCAGGCATCCAATGGTGT,0.624834
1415,TGCTGTGGATGATGATGACGTCAGTGGCCT,0.450158
1416,CGCCGTGGCCCGCCGCAATGGCACTGGGCC,0.27345
1417,ACCTGTGGGCTCCGGCACGGTGGTGGGTGG,0.328164
1418,CACCGTGGGGCTCGCCGACGGCGGCGGCGG,0.288038
1419,GAGTGTGGGTACCTACCATCACAAAGGATG,0.035671
1420,GGTGGTGGGTGGGGTGGTTGTGGGTGGAGG,-0.12027
1421,CAGGGTGGTCCTGCGTGGTGTGGGAGGCTC,0.23949499999999999
1422,CCTGGTGGTGCTGCTGGCCATGTGTGGTCC,0.422451
1423,CACGGTGGTGGGTGGGGTGGTTGTGGGTGG,0.305442
1424,AGGAGTGGTTCATGGGGCCATTGGAGGAGC,0.22153699999999998
1425,CTCTGTGTCCTGGGCCTGTGAGCAGGGAAC,-0.639687
1426,AGAGGTGTCTGATGGTGCAAGTGGAGGTAC,0.457737
1427,CCCTGTGTGACAGTTCTGCAGCCAGGGGCC,-0.010986
1428,TGCAGTGTGCAAACAGCTGAGATGTGGTGA,0.461714
1429,CACTGTGTGCAGGAGCCCAATTTCGGGCAC,0.33098
1430,GGCAGTGTGCGCCTGGATGCCCCAGGGCGG,0.082586
1431,TCAAGTGTGGCGGCATAAGCCTGCTGGTTC,0.650569
1432,GGACGTGTTCGGCCGGGGCGGGCCGGGGCA,0.79573
1433,TCTCGTTAGAGCTTGTTGTCACAGTGGTGG,-0.5715279999999999
1434,CAAGGTTCAGAGCCGCCTGGTCGGGGGCAG,0.424245
1435,AGCGGTTCATGATGTCCCGCACGGTGGTGG,0.21681199999999998
1436,GTTTGTTCCCTTAGTGCTGGTGTTGGGCGT,-0.092349
1437,GTCTGTTCCTTCTACTATTTGTCTAGGGGG,-0.950241
1438,GTGAGTTCGACTACGTGGAGAAGCAGGCAT,0.771075
1439,CCGGGTTCTAGAGTGCCAGGGATGAGGATT,0.970118
1440,GGGAGTTCTTGTCGTAGTAGGGTATGGGAT,0.231711
1441,GCGTGTTGATCTCCGAGGCGGGTGTGGACA,0.613039
1442,CCTCGTTGCTATCTACCACAAGCAGGGGCG,0.30880100000000005
1443,ACGCGTTGCTCGCTGGGGCGGTGCCGGTGG,0.715707
1444,CCTTGTTGCTGCTGGAGGAGGACAGGGGGT,0.377204
1445,GACCGTTGCTGTTCTGGTTGTCCTTGGAGC,-0.253843
1446,GCGTGTTGGACTACGAGGAGGCAGCGGCGG,0.720594
1447,CTCCGTTGGAGCAGGCGGTGCTGATGGCAT,-0.037592
1448,CGGGGTTGGCGACGCCCAGGGCAGCGGCGG,0.552977
1449,TCCAGTTGGGGTCTTCTGGAAGTGGGGTGC,-0.149007
1450,CTCAGTTGGTGGTAGTAGCGGACCCGGGCC,0.420652
1451,CTCTGTTTATTCCCAGTGCCCATAAGGTCC,-0.532806
1452,TCGGGTTTCAGCGTGTTGGGGAGGCGGTAA,0.527231
1453,ATGCTAAAGCACTGATTATATTCCTGGTGT,-0.607455
1454,AAGATAAAGTCACCCTGAGGTGCTGGGCCC,0.636825
1455,GTGGTAAAGTCTCTACGCAAAGCACGGCCT,0.699412
1456,GTTATAAATGTGCAGACAGATTTGGGGAGT,0.041779000000000004
1457,CGGGTAACATTGGAATCGGGGTCAAGGAGG,0.726252
1458,TTCCTAACCTGCAGTGGACGAGGATGGATG,0.132518
1459,GCATTAACTCTCCGTCGAAGTTTGAGGAGC,-0.079597
1460,AGGGTAAGGACCTTGATATAGGGCTGGTTG,-0.05826
1461,CTGGTAAGGCTTTCGAGTGAGCCCAGGCCT,0.419649
1462,CTGCTACACATGTGTAATTTGTTTGGGCAC,-0.794201
1463,CTGCTACCACAGCAACCAGTTCTGTGGAGA,0.115722
1464,ACCCTACCACAGGGTCAGCCTCCCCGGTGA,-0.378205
1465,CGGGTACCAGCAGTACGCCTACGACGGCTG,0.59287
1466,CCAGTACCAGTGTACCACATGGAAAGGGGA,-0.054857
1467,CTTCTACCGCAGCGAGTACATGGAGGGCAA,-0.48611800000000005
1468,CATGTACCGGGGCTCCCCGAGGCCGGGCCG,0.807225
1469,ACCGTACCTCACCCCCAATGACAGGGGCCT,0.049063999999999997
1470,GAAATACCTCAGCGAGTGTGGGCCTGGGGG,-0.098497
1471,TCTTTACCTGCAGTGCACCACAATGGGACC,0.402425
1472,CGAGTACCTGGTGGTGCACCTCAAGGGCTC,-0.41581999999999997
1473,CAACTACGAGCGCTTTGTGCCCCGCGGCGC,0.169933
1474,GCGGTACGCTGCAAAGTCTCTGGCAGGGGC,-0.23427699999999999
1475,TGAATACGTCCTCGGACAGGAAGCTGGAGA,0.686091
1476,CGTCTACTGCAACGCTATCGCCCAGGGCGG,0.11741300000000002
1477,GCGCTACTGCTGTTGTGGCGCCAGAGGCAA,0.36433499999999996
1478,AGAATACTGGCCAAGCATGGAGGAAGGCAC,0.446072
1479,GGACTACTGGCTGATAGATGTAAGAGGTAA,0.13284300000000002
1480,TTCCTACTGGGATCCCCAAGGAGGCGGAAT,0.332913
1481,CTTGTACTTAACTCCTAGGGCCCCGGGATG,1.011097
1482,TTCATACTTCTTTCGGATGGAGAGAGGAAG,0.162305
1483,GAGGTACTTGGAGCTGTGATATGTGGGGTA,-0.397056
1484,TGAGTAGAAAAAAGAAAAAGCAACTGGAAG,1.088335
1485,GCAGTAGACGGTGGACCGCAGGTTGGGGTG,0.151678
1486,ACCATAGAGTGGTGGAATGACCTGTGGCTG,-0.023031
1487,CTTATAGCATAAAACATATCCATGGGGTTT,-0.41845200000000005
1488,CACGTAGCCGACTTCCATGTACCGGGGCTC,0.024855000000000002
1489,TGGCTAGGGTAAGGACCTTGATATAGGGCT,0.10209800000000001
1490,ATGTTATAAATGTGCAGACAGATTTGGGGA,-0.067828
1491,CATTTATACTATTGTCTGTCGGCCGGGAGG,-0.851226
1492,TTCTTATAGCATAAAACATATCCATGGGGT,-0.27913899999999997
1493,CCATTATATCCAGGGACTCTCCAGTGGCCA,-0.42964600000000003
1494,GAGTTATCCTTGGTGTTATTCTCATGGCGG,-1.039138
1495,ACGCTATCGCCCAGGGCGGGGAGGAGGAGT,0.30635999999999997
1496,ACTTTATCTTCAGGTCTGCTGTGATGGGTC,-0.762551
1497,TTTGTATCTTTCAGAGCATTCCACGGGTAT,-0.51517
1498,AGGGTATGGGATGGAAGAAAGTGCAGGGCA,0.444709
1499,TTCATATGTACTCCACTGTGAGCCAGGTAC,0.029693999999999998
1500,CTGGTATTCAGCCTCCAGAGGGGAGGGGTC,0.565272
1501,GTGTTATTCTCATGGCGGCAGTCCAGGCGA,0.095604
1502,TTTTTATTCTGATTGTGGGGCTTTCGGGCA,0.795552
1503,TGCTTATTGCCTTGGTGGTGGTTTTGGCCC,-0.239392
1504,GTATTATTTCTGAAGTGAATGAAGAGGGGT,-0.355149
1505,CACCTCAAAACTGGTCACATTATTAGGCAA,-0.32000500000000004
1506,AAGCTCAACTACACCCTCAGCCAGGGGCAC,0.26931900000000003
1507,CTCTTCAACTGGACGCTCTCCTACCGGGCG,-0.475258
1508,CTGTTCAATGAAGGGAAAGGACCAAGGGCC,0.630582
1509,AAGGTCAATGGAATGAAAACCTCCCGGCCG,0.43055600000000005
1510,AACCTCAATGTGACGGGCTATTACCGGGTG,-0.21846300000000002
1511,GATGTCACAATAATCAGAAACACCAGGAAT,0.644703
1512,ACGGTCACATGTTGGCTCAGTTGGTGGTAG,-0.029494
1513,CAGGTCACCAAGCCAAGAATCAAGTGGCAT,0.457642
1514,CAATTCACCAGCTGGCCAGACCATGGGGTT,0.153365
1515,GTACTCACCCGCGCGGGTCTGAGTCGGAGC,-0.25972199999999995
1516,CACTTCACCTCGGATTGCAGAGGAAGGAGC,0.581817
1517,GTCATCACGGTGGATACCAGCACGGGGACC,0.43346599999999996
1518,CTGCTCACTTGAATTCTGAGGGGCGGGTAA,0.35084299999999996
1519,CACTTCAGAAATAATACCAACAACTGGAGG,0.61121
1520,CTCTTCAGCACATCAGGCAATGAGTGGGTC,0.498446
1521,GAGTTCAGCCTGACCCGAGAGAAGAGGAAG,0.176055
1522,AGACTCAGCTGCAGAGAGACCACTCGGTGA,-0.137379
1523,GTTGTCAGCTGCCCCCACCTCCCTGGGCCC,0.093566
1524,CAGATCAGGCTCAGCGGAAGGCACTGGTCT,0.255952
1525,CAGGTCAGGTTGGTGCCGTGGTCCTGGGGC,0.215765
1526,AGACTCAGGTTTAGATACAGGCTCAGGCCA,0.586277
1527,CAGCTCAGTCTTGTCAATGTCGGGGGGCTG,-0.095805
1528,GAAGTCATCAACTGTCTCATCCCGGGGCCC,-0.310343
1529,GCCCTCATCAGAACAATGACACTCAGGCTG,0.14543299999999998
1530,TTCATCCAAACCCAGCGCTGGCCCGGGGGC,0.611163
1531,TCCATCCAACTCCCCACCACCGTGCGGGAC,-0.023946000000000002
1532,AGTTTCCAAGGGGGTCAAAGAAACTGGGAT,0.339978
1533,TTGGTCCAAGGTGGTGGCCGAGGCGGGGTT,0.7628189999999999
1534,TATTTCCAAGTCCCTGGGCATCCTGGGGAT,-0.19680999999999998
1535,CTTTTCCACAGCGGCTTTCTGCCTCGGACA,-0.801638
1536,TCATTCCACCACTCTATGGTCACCAGGTTC,0.006806
1537,AGCCTCCAGAGGGGAGGGGTCACTGGGTGG,0.128175
1538,CAGCTCCAGCGAACTTCACCTGACAGGTCA,-0.008551999999999999
1539,CTCCTCCATCCACTGTCTCCAACATGGCGA,-0.21780500000000003
1540,ACGGTCCATGGCAGCCCCCGGCCTCGGCGC,0.45409399999999994
1541,CCTTTCCATGTGGTACACTGGTACTGGTAC,0.5733229999999999
1542,ATCTTCCCATTGACATAGGCAAGTAGGGAC,0.053205999999999996
1543,CCAGTCCCCAGTTCTCCATGGCGCCGGCGT,0.44111999999999996
1544,GCGTTCCCGTTCTTCAGGTATCTGCGGAGC,-0.31644
1545,AGTGTCCCTACTTGCCTATGTCAATGGGAA,-0.457942
1546,GGGGTCCCTCAGCTCTGCAGGAGCTGGTGT,1.059762
1547,GGGGTCCGACGGGCGACTCCTCCGCGGGTA,-0.19632
1548,CCTGTCCGAGGACGTATTCAAGCAGGGCCT,-0.384347
1549,GATCTCCGAGGCGGGTGTGGACAGCGGGTG,0.360887
1550,TGGCTCCGCAGATACCTGAAGAACGGGAAC,0.053163999999999996
1551,TAGCTCCGGCGCCAGTGGAAGTAGCGGCGA,0.10752300000000001
1552,ACTCTCCGTCGAAGTTTGAGGAGCAGGTGA,0.062821
1553,TTGTTCCTACTGGGATCCCCAAGGAGGCGG,-0.050774
1554,CTTCTCCTCCTCTTTGGGGCATGCTGGGTC,0.303516
1555,ACCATCCTCTACAAGGCCAAGGACAGGCCC,0.33137
1556,GTGGTCCTCTGGTCTACAAGAAGCTGGTGA,0.742134
1557,AACTTCCTGAGAGGCAGTAGGCTCAGGTAC,0.518588
1558,AGCATCCTGAGGACTGAGGCGCCCTGGGGT,0.30756700000000003
1559,TGTTTCCTGGACAGTGGCGGGGCCAGGCCT,0.929968
1560,CGTGTCCTGGCACCAGCTGCAATCTGGGAG,0.523493
1561,CTCCTCCTGGCGTCTACGATGCTCAGGGAG,-0.026736000000000003
1562,GCTGTCCTGGCTGCTTTCCTCCTGTGGGTC,-0.25567399999999996
1563,CTTCTCCTGGGCACAGAGGAACCCGGGGGA,0.620977
1564,GTAGTCCTGGGGCCCAGGGAGGTGGGGGCA,0.555489
1565,GCTTTCGAGTGAGCCCAGGCCTCCGGGGAG,0.46871499999999994
1566,GGCTTCGCAGCCCCGGGGAGTGCGAGGGCG,0.295281
1567,GGGCTCGCCGACGGCGGCGGCGGGCGGGCG,0.833168
1568,CTGTTCGCGCCATGGGGGCACCGTGGGGCT,0.069738
1569,GGACTCGGACGTCTTTGTGCCTTATGGCTA,0.252773
1570,GAACTCGGCATTCGAGCGAAACTGGGGCTG,0.030521
1571,ATCGTCGTCCTCTGCAGACTGTCTGGGCTC,-0.31998000000000004
1572,GACCTCGTGAAGGGGCCCCCCGACTGGCCC,0.203129
1573,GCCCTCGTGGCGCTACTGCTGTTGTGGCGC,-0.325364
1574,CCTCTCGTTGTCTAGGTAAGGCGGAGGGTA,-0.08334
1575,AGTCTCTACGCAAAGCACGGCCTGGGGTGG,0.8493059999999999
1576,TTGATCTAGCTTGTTTGTGGCCACTGGAGA,0.5660649999999999
1577,GCGGTCTATCGCCGCTACTTCCACTGGCGC,-0.31297600000000003
1578,CTGGTCTCCACAAGCTCCATGTCCTGGATC,0.21076599999999998
1579,GGGTTCTCCATCCACTGCTTGAAAAGGCCA,-0.291977
1580,AAAGTCTCTACGCAAAGCACGGCCTGGGGT,0.8667159999999999
1581,ACTGTCTCTCTTCAATCAGGAAGAGGGTGT,0.6337550000000001
1582,CAGTTCTCTTCGTCGTAGTTCACCCGGTAA,-0.414022
1583,ACTCTCTGAAATAAATGGAGATGCAGGGTC,0.953262
1584,ATCATCTGAAGACTCATCTGATTCAGGCTC,0.380021
1585,CACTTCTGACTACCAAAATGTAAAAGGTTT,-0.011352
1586,GCTTTCTGCCTCGGACAGTCTGGAAGGGGT,-0.8351850000000001
1587,TGGATCTGCGCGTGTTGGACTACGAGGAGG,-0.45952
1588,CCCATCTGCTCACTTGAATTCTGAGGGGCG,-0.540046
1589,CAGGTCTGCTGTGATGGGTCACATGGGCCT,-0.31002399999999997
1590,GAAGTCTGGCAGGCCAATCTGGTCTGGGGA,-0.018608
1591,TGGTTCTGGGGTCTGTTCAATGAAGGGAAA,-0.267306
1592,GTGTTCTGGTAGGCAAAGGTGTGGAGGTAG,0.308294
1593,TTGCTCTGGTTGTAGTAGCCGAGCAGGGTC,-0.187209
1594,TCCGTCTGTCACAGGATTGGCTGCAGGGAC,0.117416
1595,ATGATCTGTGCCCGATTGATGACAGGGATG,-0.653378
1596,AGGGTCTTCAGGAACCCCATGGTCTGGCCA,0.33139
1597,CAGGTCTTCTGCCAAGGATCTCCGTGGTCT,-0.263114
1598,GGGGTCTTCTGGAAGTGGGGTGCTGGGACC,0.552534
1599,ATTGTCTTCTTTGGAGACTTCTGCTGGTGC,-0.280142
1600,TCAGTCTTGTCAATGTCGGGGGGCTGGGAG,0.9479569999999999
1601,TGGATCTTTAATTGCAGCTACGTGTGGATT,0.045131
1602,TGGCTCTTTCTTGACACATCTGTCCGGGAC,-0.514937
1603,ATGATGAAAAGCAGCTGATGGATGTGGAGC,0.196649
1604,AGTATGAACCATTATCCCTCCTCCTGGCGT,0.11889100000000001
1605,GCCCTGAACGAAGACCTGAAAACGTGGACG,-0.23824800000000002
1606,CGGGTGAACTACGACGAAGAGAACTGGAGG,0.629574
1607,CTTGTGAACTTGTGTTGTTGCAGTTGGATA,-0.189223
1608,ATGTTGAAGCGCAGCCGGCAGTCAGGGGGC,-0.006104999999999999
1609,AGCTTGAAGTAGCTCAGGCTGCTCAGGGCG,0.285664
1610,GCGTTGAAGTCTGGCAGGCCAATCTGGTCT,0.176764
1611,CAGCTGACAACCAGGAGAAGATCGGGGGTG,0.626782
1612,GTGATGACCGGGAAGCCCATCTGCAGGGTC,0.293558
1613,CATGTGACCGTGGACGTGTTCGGCCGGGGC,-0.6813819999999999
1614,TGTTTGACGCCATCTCCTACAGCAAGGTGC,-0.07713099999999999
1615,TGATTGACGTGCAGATTCCAGAGACGGAAC,-0.025021
1616,TACATGACTGCACACCAAAAGAAAAGGCTA,0.08050800000000001
1617,TTGATGACTTCTGGAGGATGATCTGGGAGC,0.24878699999999998
1618,GTAGTGAGACACAGCTCCCGTTCGGGGCCT,0.45087299999999997
1619,AGTATGAGATGGACAGCGAGTTCGAGGGGG,0.522163
1620,CCCCTGAGCAGCAATCATCATTTCTGGTTT,-0.005784
1621,TCCCTGAGCATCGTAGACGCCAGGAGGAGG,0.570183
1622,TGCCTGAGCCCCTCACCCTGAGATGGGGTA,0.476782
1623,GATATGAGCCGCGGGCGCGGTGGATGGAGC,0.664578
1624,CCGCTGAGCCTGATCTGCCTAGGTGGGTGA,0.12520599999999998
1625,ACGGTGAGCGCCTGGCCGCCCTCCTGGGCC,0.020372
1626,TGGCTGAGGCGGACGGGGTGGTGGAGGCCA,0.260238
1627,AAACTGAGGTGCCACGGGCCACACTGGAAC,0.26187699999999997
1628,ACCTTGATATAGGGCTGGTTGGAGAGGGTG,-0.590567
1629,GCGCTGATCACCTACGCTTGCTGGGGGCAG,0.13634100000000002
1630,CAGGTGATCTCTGGCTGTGAAGTGGGGTCC,0.167209
1631,TTGCTGATGAGGGCAGACTGTTCCTGGCTG,0.7434109999999999
1632,GAATTGATGCCATGCTGGAAGGCCTGGAAG,0.267181
1633,AGGATGATGCTTGCCACAGTGCCTGGGGCC,0.076581
1634,GCTGTGATGGGTCACATGGGCCTTTGGGGA,0.552416
1635,TTCATGATGTCCCGCACGGTGGTGGGGAGT,-0.081486
1636,GAGGTGATGTGGACAGCGTAGCTCCGGCGC,0.262417
1637,CACTTGATTCTTGGCTTGGTGACCTGGTGG,-0.5502319999999999
1638,CTACTGCAACGCTATCGCCCAGGGCGGGGA,0.338829
1639,GAGCTGCAATAGTCACTGGAGCTGTGGTGG,0.24478699999999998
1640,ATTGTGCACACGGCTGCCACGCCCAGGAGG,0.598791
1641,TGTTTGCACACTGCAGAGGCCTGCTGGGCA,0.724811
1642,GAGGTGCACCACCAGGTACTCGGTGGGCTC,-0.359576
1643,ACCATGCACCTCCGTACCTTCATGGGGCCA,-0.555937
1644,GCCTTGCACCTTCTCCTCCTCTTTGGGGCA,-0.44533900000000004
1645,CTCCTGCACTTGCAGCCAGAAATTTGGATC,0.055393
1646,CATCTGCAGCCTGCATCTGTGTAGTGGCCA,0.174736
1647,ACTTTGCAGCGTACCGCCCCTGACAGGGAC,0.23347199999999999
1648,GCGTTGCAGTAGACGGTGGACCGCAGGTTG,0.200043
1649,TGGCTGCAGTGACAGGAGGGTCACTGGCTA,0.809584
1650,CCCATGCCACCAGCCCCTGTTTCCTGGACA,-0.002927
1651,AGAATGCCAGCCCATCAGTTTCTGTGGGGT,-0.5564319999999999
1652,CTGGTGCCAGGACACGAAGGCCTGAGGTGC,0.8877079999999999
1653,TACTTGCCAGGCTTCGCAGCCCCGGGGAGT,0.19476500000000002
1654,AGGATGCCCCATCACTCACCGGGGAGGCTG,0.0051990000000000005
1655,TCTGTGCCCGATTGATGACAGGGATGGCCT,0.307488
1656,ACATTGCCCTCCATGTACTCGCTGCGGTAG,-0.017482
1657,CGAATGCCGAGTTCAACTGCGACGGGGATT,0.528837
1658,TTGGTGCCGTGGTCCTGGGGCCGTGGGGTG,0.8800209999999999
1659,TTTCTGCCTCGGACAGTCTGGAAGGGGTGG,0.241323
1660,ACAGTGCCTGGGGCCAGGCCCGCTGGGTTT,0.291686
1661,AGTGTGCGCCTGGATGCCCCAGGGCGGGGG,0.120047
1662,ACTATGCGGAGCCCACCTGGAACTTGGTAA,0.878654
1663,ACCGTGCGGGACATCATGAACCGCTGGACC,0.130942
1664,GCTTTGCGTAGAGACTTTACCACTTGGAAA,-0.29725300000000004
1665,TGGCTGCTACTGACCTCCTGCAGGTGGTCC,0.23931999999999998
1666,CTGCTGCTACTGCTGCCCCTGCTGTGGGCA,0.039245999999999996
1667,TGATTGCTCATGAGCTGGCCCACCAGGTAG,0.006737999999999999
1668,CTCCTGCTCCATCCACCGCGCCCGCGGCTC,0.573213
1669,TTGTTGCTGCTGGAGGAGGACAGGGGGTCG,0.169175
1670,TTTCTGCTGGAAACTGAGGTGCCACGGGCC,0.24153899999999998
1671,TAGATGCTGGCGATGATGTCATAGAGGAAC,-0.47259300000000004
1672,GTGCTGCTGTGGTGGGAGCCCTTCGGGGGG,-0.05991799999999999
1673,CCTCTGCTTCCAGGCCTTCCAGCATGGCAT,-0.6406430000000001
1674,ACTCTGGAACTCCGTTGGAGCAGGCGGTGC,0.281358
1675,CTTCTGGAAGGTTCCATCCCCTGCAGGCCT,0.273702
1676,GACGTGGAAGTCTGTGTCGGGAATGGGAAT,0.26464899999999997
1677,GTGGTGGAATTCTACAATGGCAGCTGGGGT,0.8702190000000001
1678,TACGTGGACATCTTGGGCGTGGTGTGGAAC,0.542191
1679,ACCGTGGACGTGTTCGGCCGGGGCGGGCCG,0.9289930000000001
1680,TGGTTGGAGAGGGTGACGCGGGAGCGGTAC,0.868557
1681,CCACTGGAGAGTCCCTGGATATAATGGCTC,0.198373
1682,GAATTGGAGCCACTTAGCATCACCTGGATA,0.7804760000000001
1683,GTGCTGGAGCCCTTAAAAACGTACAGGCCC,0.642922
1684,TACCTGGAGGGCACGTGCGTGGAGTGGCTC,0.429018
1685,CTTCTGGATAGGGGTCCCTGTCAGGGGCGG,0.229519
1686,TCCCTGGATATAATGGCTCCTTCCCGGAAC,-0.051462
1687,AGCCTGGCAAGTAACCTCTTCAACTGGACG,-0.236918
1688,TCCTTGGCAGAAGACCTGGTTCTGGGGTCT,-0.27299
1689,TATGTGGCAGCCAGCAGCACTTCGTGGGAG,0.260935
1690,CTGGTGGCATGGGTGGTGAGCCACTGGGAC,0.542532
1691,GCCGTGGCCCGCCGCAATGGCACTGGGCCG,0.51095
1692,TTCATGGCCGGCTCATCGAAGCATGGGAAG,0.272521
1693,GGAGTGGCCGGGTTCTAGAGTGCCAGGGAT,0.714299
1694,TCAGTGGCCTCCTTGCAGGTGAAACGGACG,0.354288
1695,GCTCTGGCGCAACGCGTTGCTCGCTGGGGC,-0.265073
1696,CTGTTGGCGTTCTTGTTCTTCTCCTGGGAG,-0.370054
1697,GCCCTGGCTATGGATCCAAATTTCTGGCTG,0.052562
1698,TTTGTGGCTCAAACTTCTGGCCTTTGGATT,0.833975
1699,TAAGTGGCTCCAATTCCAAGTGTCAGGGTC,0.807945
1700,CCCCTGGCTGCAGAACTGTCACACAGGGCC,-0.230337
1701,CAGCTGGCTTACCAAGTTCCAGGTGGGCTC,-0.203875
1702,TTTCTGGGATCTCCCTCCAGTTGTTGGTAT,0.637211
1703,AAACTGGGATTGTGGTCTGCCCCCAGGGGC,-0.032476
1704,GTTTTGGGCACTGGTCGTGGTTGCTGGAGT,0.675654
1705,GAACTGGGGAGTTCTTGTCGTAGTAGGGTA,0.471768
1706,TCTTTGGGGCATGCTGGGTCCAGGTGGCGA,-0.10541400000000001
1707,TTCATGGGGCCATAGACCTCGGAGCGGTCA,0.100631
1708,TCGCTGGGGCGGTGCCGGTGGTGCTGGGCC,0.30844499999999997
1709,GCCGTGGGGTGATTATGAGCACCGAGGAGT,0.740321
1710,TCCATGGGGTTTAGATGCAGACTCAGGTTT,0.763501
1711,GTTGTGGGTGGAGGTGTCGTTCTCTGGGGC,0.06942999999999999
1712,ACACTGGTACTGGTACACAGTTCTGGGCTC,0.743795
1713,GTGCTGGTATCCACCGTGATGACCGGGAAG,-0.186308
1714,AGGCTGGTGAAGCAGAGAGACTCAGGGCCT,0.818284
1715,TTGGTGGTGAAGTTGGCTAGGGTAAGGACC,0.7046789999999999
1716,ACGGTGGTGGGGAGTTGGATGGACCGGTTG,0.11491099999999999
1717,GGGTTGGTGGTGGCTGAGGCGGACGGGGTG,0.305725
1718,ATAATGGTTCATACTTCTTTCGGATGGAGA,-0.454254
1719,GGGCTGTAACACCAGCTCCTCCAATGGCCC,-0.254208
1720,ATGATGTAATCAGGACATCGTTTGTGGTCA,0.185111
1721,CATGTGTAATTTGTTTGGGCACGAAGGTTG,0.25543899999999997
1722,CCCTTGTACTCCTGGTGGTGCTGCTGGCCA,0.040889999999999996
1723,GGCATGTACTGTCTCTCTTCAATCAGGAAG,-0.40308
1724,CTGTTGTAGCCACAGAGGGTCCACTGGTCT,0.556442
1725,AACTTGTAGCGGGCCACTGTGTGCAGGAGC,0.095997
1726,AGGTTGTAGGAATACCTGCAGCTGAGGCTG,-0.195401
1727,AGGGTGTAGTTGAGCTTCTTGCTGTGGATG,-0.911198
1728,CACCTGTCACATGCACAGAGAGCTGGGGAG,0.523842
1729,TCATTGTCAGTGAGTTCGACTACGTGGAGA,-0.6148239999999999
1730,ACGCTGTCCACATCACCTCCTTCTGGGACG,0.027963
1731,CTGGTGTCCCTGCTGCCTCTGTCCCGGACA,-0.173843
1732,CATCTGTCCGGGACAGAGGCAGCAGGGACA,0.345119
1733,TTCTTGTCGTAGTAGGGTATGGGATGGAAG,-0.31331
1734,TCTGTGTCTCCCGCTCCCAATACTCGGGCC,0.189117
1735,CCTGTGTGACAGTTCTGCAGCCAGGGGCCG,0.9313950000000001
1736,ATCGTGTGACCATGACAATAACTGTGGCCT,-0.200999
1737,TGCTTGTGATACTTCATCCCTTCTGGGGAA,-0.22516799999999998
1738,ACCTTGTGCAGCAATGTATTTCCTGGGTTC,-0.9828319999999999
1739,AGTCTGTGCTCAGTACTGGGGCGAAGGAAA,0.642251
1740,CTGATGTGCTGAAGAGATCGTTCTGGGCTG,0.163548
1741,CGGGTGTGGACAGCGGGTGGGAGGAGGCCA,0.88636
1742,TGTTTGTGGCCACTGGAGAGTCCCTGGATA,0.573882
1743,CTGTTGTGGCGCCAGAGGCAAAAGCGGAGG,0.26639
1744,TACCTGTGGGCTCCGGCACGGTGGTGGGTG,0.268975
1745,TAGCTGTGGTGACAGGGGGACCACTGGTCT,0.649036
1746,GAGATGTGGTGACCCCTTGGCCCTTGGTCC,0.220187
1747,CTGCTGTGGTGGGAGCCCTTCGGGGGGCGC,-0.25799
1748,CATCTGTGGTGGTGCCTCTTGGGAAGGAGC,-0.8215020000000001
1749,ATGATGTGTACCGCGTGATGGCAGTGGATG,0.318423
1750,GCTCTGTGTCCTGGGCCTGTGAGCAGGGAA,-0.133651
1751,GCCCTGTGTGACAGTTCTGCAGCCAGGGGC,-0.121124
1752,CCACTGTGTGCAGGAGCCCAATTTCGGGCA,0.346933
1753,GTGTTGTTCAGCGCCAGAGTGACAGGGACC,0.412275
1754,GTCATGTTCATGTAGTCACTTTGAAGGAGT,-0.502602
1755,GGGGTGTTCCCTGCTCACAGGCCCAGGACA,0.877714
1756,TGTTTGTTCCCTTAGTGCTGGTGTTGGGCG,0.424332
1757,CAGTTGTTCCTACTGGGATCCCCAAGGAGG,-0.29225999999999996
1758,GACGTGTTCGGCCGGGGCGGGCCGGGGCAG,0.716063
1759,ATGGTGTTCTGGTAGGCAAAGGTGTGGAGG,0.109999
1760,TTACTGTTCTGGTTCACTCCTGTGGGGCCA,-0.194714
1761,TCCTTGTTGCTGCTGGAGGAGGACAGGGGG,0.23784899999999998
1762,CTCCTTACCCCATCTCAGGGTGAGGGGCTC,0.41552
1763,GTCTTTACCTGCAGTGCACCACAATGGGAC,-0.453981
1764,GGTTTTAGGGCCATTAGTTTCATAAGGAGG,-0.35778899999999997
1765,GGCTTTAGTGGAATACAATCAGTTTGGAGA,-0.170467
1766,ACATTTATACTATTGTCTGTCGGCCGGGAG,0.069886
1767,TGTTTTATGCTATAAGAACAATTCAGGTAA,0.30612
1768,TTTGTTATGGCTTGCTAGTGACAGTGGCTC,-0.08191
1769,CCATTTATTTCAGAGAGTTCCACACGGTTA,-0.24206799999999998
1770,ACTATTCAACTGACTATGAGTTTCTGGTAA,0.008270999999999999
1771,CCAATTCACCAGCTGGCCAGACCATGGGGT,0.6923090000000001
1772,GGTTTTCATTCCATTGACCTTGTCCGGACC,0.11075499999999999
1773,ATATTTCCAAGTCCCTGGGCATCCTGGGGA,0.550434
1774,CCAATTCCAAGTGTCAGGGTCAAGTGGAGA,0.477879
1775,GCAGTTCCAGTTGGAGGCTGAGCCAGGACC,0.49467799999999995
1776,AAGCTTCCCAAGGCTTCCCCAGAAGGGATG,0.268703
1777,GCTCTTCCCACCGTCCCCGGCCCCTGGCTG,1.2091020000000001
1778,GGAATTCCGGGCATCCCTGTACAAGGGCGT,-0.054977
1779,CAGCTTCCTAACCTGCAGTGGACGAGGATG,0.285425
1780,GGTATTCCTACAACCTTCTCGCAAAGGAAT,-0.31835
1781,AACCTTCCTGTTGGGGCAGGGTGGTGGCCA,0.093526
1782,AGACTTCCTTCATACAGGAGTTGGAGGACA,0.527465
1783,GGAATTCCTTTGCGAGAAGGTTGTAGGAAT,0.254217
1784,GGCTTTCGAGTGAGCCCAGGCCTCCGGGGA,0.29472800000000005
1785,CCAATTCGATGGGAGGCCCCGAACGGGAGC,0.310302
1786,CCTGTTCGCGCCATGGGGGCACCGTGGGGC,0.374153
1787,CCCGTTCGGGGCCTCCCATCGAATTGGCAA,-0.38664499999999996
1788,GGAATTCTACAATGGCAGCTGGGGTGGCAC,-0.29033000000000003
1789,GGGCTTCTATATTTCCAAGTCCCTGGGCAT,0.14256300000000002
1790,CCCCTTCTCTATCCACAGACAAGCTGGTCA,0.173234
1791,TGAATTCTGAGGGGCGGGTAACATTGGAAT,-0.278605
1792,TCCTTTCTGCAGATTTCCAGCCCAAGGTTC,0.5785279999999999
1793,GGCATTCTGGGCTTCAGAGGTACTTGGAGC,0.632305
1794,CTGGTTCTGGGGTCTGTTCAATGAAGGGAA,-0.414444
1795,CCAGTTCTGTGGAGAGTTCCAGTGTGGCCC,-0.551823
1796,CAGTTTCTGTGGGGTCAGGGACAGTGGACT,0.377294
1797,CAACTTCTTCTCAGTTCAAGTAACAGGTAA,-0.007481999999999999
1798,GTACTTCTTGATCTAGCTTGTTTGTGGCCA,0.057723000000000003
1799,TTGATTCTTGGCTTGGTGACCTGGTGGTTA,-0.401418
1800,GGAGTTCTTGTCGTAGTAGGGTATGGGATG,0.429199
1801,GATGTTGAACTCGGCCTTCATGGCCGGCTC,-0.67057
1802,GATGTTGAAGCGCAGCCGGCAGTCAGGGGG,0.476922
1803,TTCTTTGAATCTTCCCATTGACATAGGCAA,-0.1028
1804,CCACTTGACCCTGACACTTGGAATTGGAGC,0.118576
1805,GGCCTTGCACCTTCTCCTCCTCTTTGGGGC,-0.43671000000000004
1806,GTTGTTGCAGTTGGATATAGACCACGGAGA,0.21080900000000002
1807,ATGCTTGCCACAGTGCCTGGGGCCAGGCCC,1.005067
1808,TTACTTGCCAGGCTTCGCAGCCCCGGGGAG,1.160947
1809,CTCGTTGCTATCTACCACAAGCAGGGGCGA,0.243509
1810,CTTGTTGCTGCTGGAGGAGGACAGGGGGTC,0.850767
1811,CATGTTGGAGACAGTGGATGGAGGAGGCTC,0.1605
1812,ATCCTTGGCAGAAGACCTGGTTCTGGGGTC,0.470534
1813,TACTTTGGTCCAAGGTGGTGGCCGAGGCGG,0.008029000000000001
1814,TCAGTTGGTGGTAGTAGCGGACCCGGGCCT,1.1917719999999998
1815,GGGGTTGGTGGTGGCTGAGGCGGACGGGGT,0.647946
1816,TATGTTGTCAAGCTAAGGCGACAGAGGTGT,1.189031
1817,AAGGTTGTCCAACTGACATCTTTCAGGTAT,0.086994
1818,ATGCTTGTGATACTTCATCCCTTCTGGGGA,0.11758699999999998
1819,TACCTTGTGCAGCAATGTATTTCCTGGGTT,-0.033631
1820,GAGCTTGTGGAGACCAGGCCTGCAGGGGAT,0.06816599999999999
1821,GGTGTTGTTCAGCGCCAGAGTGACAGGGAC,0.356118
1822,ACGCTTTACTTTGGTCCAAGGTGGTGGCCG,-0.102144
1823,AGATTTTATACAAAACAACAAGCAAGGCTA,0.354652
1824,CTCTTTTCACAATGGAGTGTACGAGGGAGA,-0.14533900000000002
1825,TATGTTTCCAACAAAATGTCAGAATGGATT,-0.27520700000000003
1826,TGCTTTTCCTCGACCGCAACCCCGCGGTCT,-0.310643
1827,TGGCTTTCGAGAACTCGCAGCACCTGGATT,1.0270700000000001
1828,ATTATTTCTGAAGTGAATGAAGAGGGGTGT,0.34913
1829,CATGTTTGACCGCTCCGAGGTCTATGGCCC,0.6478470000000001
1830,CACCTTTGGGAAGCATGTTGGACAGGGCTG,na
