,30mer,SSC
0,CCTTACAGGGCGCTCCATATTCGCAGGTGC,-0.243925
1,ACCTTCTCAATTAAATCTGACGTCTGGGGT,0.271465
2,TCGGCATGATTGCCAACTCCGTGGTGGTCT,-0.07851
3,ATAGTTTCTTTGGTCCCACGCCTGCGGCAC,0.266167
4,CTTACCCACTACTATGATGATGCCCGGACC,0.14723699999999998
5,ATGTGCGCACCTGCATCCCCAAAGTGGAGC,0.489004
6,TTCCTGTAGGAGCACTGTCGACCCTGGCAT,0.44112799999999996
7,TGGCCAAGCCGTGGAGTGCTGCCAAGGGGA,-0.582444
8,GCTTGCGATGCCGGTACATCCAAAAGGCCA,-0.35649699999999995
9,CAGTAGTGGTTGACGAACTCGGTGGGGCGC,-0.177153
10,GCAATTGCTGTGGACCGCTACCTCCGGGTC,0.134069
11,TCATGGGCTCCTCGGTGTACATCACGGTGG,-0.12200599999999999
12,TGGAGACACAGGACGCGCTGTACGTGGCGC,0.440513
13,CTTGGAAATGTTCACCGGTGCCGGCGGTTG,0.14257999999999998
14,TCGAAACTGACGCTCAGGAGATCGCGGAAA,0.818439
15,CCGTGTTCACGAGCCGCGCGCTCAAGGCGC,0.470004
16,AGTTGTACTCCAGCGCGCGGCTCACGGCCC,1.100444
17,GCCCGCCGAGTACTGGCCGCGCGGCGGCCC,0.325491
18,CCTCCGAGCCCGGTAACCTGTCGTCGGCCG,0.6375609999999999
19,TGGCACCCAATGGAAGCCATGCGCCGGACC,0.40227199999999996
20,TCTGGAGTCTCGGAGTCCAGGCGATGGCCA,0.823886
21,CAAGAAAGGTGACCGAAGAGCTGACGGAGA,0.681983
22,CAGCAGAAACCGACCGCGTATGTGAGGCCA,-0.308839
23,CCTGTCCGTCCATGGGCCGCACATAGGCAG,0.307283
24,GTCTACACAGCTATGGAATACCGCTGGCCC,-0.11396400000000001
25,TCACAAGCCCGAAGTGAAGACCGCTGGTAA,0.406213
26,CCATGAGCGACGTGGCTATTGTGAAGGAGG,-0.8016
27,ATGGTCGCCAACAGCCTCAAGCAGCGGGCC,-0.005752
28,TGACCTCTCCAGTGGACGGATTGACGGTGG,0.027977999999999996
29,CCGGGCGTAGACACGGAAGAGCGAGGGCAC,0.526375
30,CTCTGTAGTTCTTTCGCTGTAGCAGGGCTG,-0.096078
31,ATCATCTGCATCATCACGCCGCACGGGTTG,0.031037000000000002
32,TGGGGAACAACCAGACGGCGGTCCAGGACA,0.9324110000000001
33,CCACGTAGAAGGCGGCTCGGAGAACGGAGA,0.486444
34,GGGGAGATGCTCCACATCCGCTACCGGCTG,0.5844199999999999
35,AGCCTACGAGGAAGGCCAGCGTCACGGCGG,-0.100253
36,ATGGCTGCACAAACCGTTCGTACCAGGACA,0.190866
37,CAGCAGTCGCTGAACTCGAGCGCTGGGAGC,0.23861100000000002
38,GGAGCCGGACCTGAAGAACTCGAACGGGAA,0.165761
39,GTGGCGTCCAGCCGGTGAGCATCCAGGCCT,0.424599
40,TGGCATCCGCCACATCTTCGTGTATGGGCC,-0.178109
41,GTTCGCCAGCAACTGCTCGATGCACGGGCT,0.238957
42,TCTCTCTCCTCGATCGTCTCCTTGTGGCTT,-0.538299
43,TGGCCCCGAACGGCCGGCGCCACACGGTGA,0.605823
44,AACTCCCATCTATCAGACTAGCAGCGGACA,-0.053248000000000004
45,TGGTGCTGGCGACCGGGGGCAACCTGGCTG,0.49514600000000003
46,GCATCTTCGGTGAAACTTGCTCCGAGGTCC,-0.5761539999999999
47,CAGGGGGTAGATGCCGCTCAGGCCTGGAGT,0.422646
48,GAAAGTTCTTCGGCTACTTCTCCGCGGCCG,-0.597402
49,CCTGGCGGTTGAAGCGCAGGTAGAGGGAGT,0.55084
50,AGAAGTCGTCGCCGGCCTGGCGGAGGGTCA,0.304481
51,GAGCTCGACATCTACAACAACCTACGGCAG,0.406159
52,ACTGGATACAGCTGTCAGCCGGCGAGGCCA,-0.129044
53,GGCAGGTCGGTTCGAGCCGAGACGAGGAGC,0.280717
54,CTGAGAGTTTGTAAGGAGCGCTCCCGGTGC,0.688207
55,AGCTGTGAACGTTCCCATACAGGGGGGTTG,-0.208119
56,CCATGGTGGACCCGGTGGGCTTCGCGGAGG,0.08144
57,TCCTGCCCCGGCGGCAACTGAACGTGGCAG,0.160886
58,CTGATGACACAAGCGGTGACGTTGTGGCCC,-0.228832
59,ATCTGTTGGCGACAGAAAAGTCAATGGCCA,0.30790700000000004
60,TTTAATTGGCCGACCTTCCTTGATGGGTTG,-0.536968
61,TTTGTTGATGGACCTATACACCACAGGGCT,0.216333
62,CCACCGCCACGACAGTCGCCCCCGCGGGGA,0.089925
63,GGACATGATCCGCCCTTGCCTTAAAGGTTG,-0.5223979999999999
64,GCATCAAGCAGTGCATCCGATCCATGGCCT,0.649575
65,AAAAGTCTGGATAATCTAATGAGCTGGAGA,-0.288189
66,GCCAAGCGGACCATCAATGCCATCTGGTTC,0.491465
67,TGGCCCGCTTCGGAGACGAGATGCCGGCCC,0.744684
68,CGGCCGCCCAGCTCGTCCCCGAAGCGGACC,0.338862
69,TCTGTGCTTTCGTCTGCTTGTAGGCGGCCG,-0.068399
70,TGGTTTCTTCGCTTAGGGGTCCCTAGGCCT,0.400859
71,CCTGGTTTGAGCGCATCAGCATGTTGGTCA,0.526566
72,GCATGTACCAGCCGTGCGACGACATGGACT,-0.1384
73,CTGGATAATATCGAGCTAGGCCAGTGGCAC,0.30758800000000003
74,GAGCAGGAGGTCGACGGCGTGATGCGGATT,0.398654
75,AAAATCCATTGCTGCTAAGTACTCCGGTTC,-0.017866999999999997
76,GCCTTCTCGAGCTGCGCTAATGCCTGGCGC,-0.39163200000000004
77,CATGTATGACGACTCCTACGTGCCCGGGTT,0.225852
78,GTCCTCCTCCTCCTACGCCAAGAACGGGAC,0.335354
79,GGATTTGTACCAAGCGCATCCCCATGGACG,-0.443125
80,TGAAGGCAGCGAAAGCACCAACGGTGGTTA,0.501999
81,GCACTGAGGACGATGTTGTTCTTGCGGCTG,-0.5684560000000001
82,TCGGTGCTGACCGCGATACCCAGGAGGCCC,-0.035959
83,CAGGTCGGGAGAAAGGTCGCTGTGTGGCCT,0.228363
84,TCCTCTTGGACTTGTAGACGCGGGAGGCCG,0.319861
85,TTGATATAGCGGCTGAGCATGTGCCGGTTA,0.432413
86,GCAGACATCATCGAGTATTTCCGCTGGAAC,-0.423318
87,CCTCAGCGATGCCGGACTCCCCAGCGGAGG,-0.208488
88,GCTTCTCTGGTCGGGCACGACGCGCGGCAT,0.089288
89,CTAGAAGAGCAATGCGTCGACCCCCGGCTG,0.40277399999999997
90,TAGTCCCTTGGAAGAGCTTTCGACAGGCTC,-0.406386
91,GTTGGTGAGCTCCTCCAGGCGGAACGGCGA,0.252164
92,CCAGCACGCTGAGCAGGAATATCAAGGAGT,0.26252800000000004
93,CCGGGTCCGGTTCCCTGCACGCTCCGGTTC,0.379247
94,TGGCATCGGGGTACGCGCGGCGGATGGTTT,0.959958
95,GCCCTGCGGACCGGGTCCACCTCGTGGCAC,0.010809000000000001
96,CGGGGTACGTAGCGCTCCTCCAGGCGGAGC,-0.222692
97,GGCCTTGTAGCAAAGCTCCGGCAGTGGCTC,0.32310300000000003
98,CTCCAGCTATATACTGTATCCTCTGGGTAA,-0.711395
99,GTTCTGGTCCTGTTCAAATACAAGCGGCTC,-0.08457100000000001
100,AGTAGGCAATCGGTACAAATAGCCTGGAGA,0.42934399999999995
101,TGGCCAATTACACGCTGGCACCAGAGGATG,0.11601800000000001
102,GGTGTACCGCTGCATGATCAGCTATGGTGG,-0.23518899999999998
103,CTGAGACGACCGAGCGGTCAGCGAAGGGTT,-0.157998
104,GTGCAGCCGCGGAGCCCTGTACACAGGCTT,-0.036876
105,GGAGGACGCGCCACCAGGTGACGTTGGCGT,0.441724
106,GGTGGCTATGAGGTGCCGGACAGGTGGCGC,0.424789
107,TTCTTCTGGATGTTGTACTGTCGCAGGACG,0.158997
108,ACACCGGGCCTGACCCCGTGCTTGTGGGCA,0.065568
109,TTGACGCCGAGAGCTACACGTTCACGGTGC,0.649704
110,GCGCTGACCAGCAGTACGAATGCGTGGCGG,-0.011262000000000001
111,CGCGCGTGCGGCCCGCCGCGAGTGAGGGTT,0.349265
112,ACGAAGTTCTGCGGCGCCAGGTTGAGGCCG,0.429354
113,CCATGGAGTCGGCCGACTTCTACGAGGCGG,-0.425825
114,CCGGCCCGGCTGTACCTACGCGGTGGGCGC,-0.085889
115,CCCAAGGAACGACAGGGCCCCACTTGGTCT,0.427375
116,CGATATGCGCCCTTGGCCCCGTAGTGGCAG,0.291531
117,ACTGGCTGGAGTTTGGCATCGTGCTGGTAG,0.037642
118,AGGAGCAGCTGCTCAAGTACTCGCCGGACC,0.26449
119,GCTGCTATCAATAAATCTTGCTGACGGCCC,0.349292
120,CCCATGAGCAGGTACGTGGTATAGAGGTTC,-0.216494
121,CTACCTCCACGGTGGTATTAGTTGGGGTAC,-0.639177
122,CAGACGGTACCACCGATGACCCTCTGGGAG,0.132321
123,GGGATGATGACGTGACCAGGCGCACGGACT,0.809875
124,GAGTGGACAGATGCCTACCTACGATGGGAC,0.23864699999999997
125,TGGGCTCCGAACATGAGACCCGTCTGGTGG,0.604035
126,GGGGCTACAACCGCTGGGCGCGCCCGGTGC,0.871182
127,GGGTCAGACACGTTGGCTACAGGCCGGATG,0.193927
128,CGGGTCGGGACCACTTGTTGTAACCGGAGA,0.330079
129,TGGAAAACGTTTCCGACCCTGTCACGGTAC,-0.0017109999999999998
130,AGATAGGCATCGTGCCAGATTTGGCGGATC,-0.361048
131,TATGATAGCTCCGTGCGGCCAGCGCGGGAG,0.161476
132,CCTACGACCGCACAGAGATCGACTTGGTGC,0.004068
133,TCATCAGGATTCCAGCGTAACTTGTGGTCT,-0.10355299999999999
134,GAATGGACTGATTACCGCCTGACCTGGAAC,0.504246
135,GCTACAACAAGGAGCTCCGGCCCGTGGCAC,0.763004
136,AGGATTACCGACTCAACTACAGCAAGGACG,0.091041
137,TCTCGTTCCGCGGGCCGCAGGTTGGGGTCG,0.483074
138,GAGCAGTCGCTCACTGGTCTCACTAGGAGA,-0.374158
139,GAAGCCTTCTCCGTCTGGCGGGATTGGAGA,0.5436770000000001
140,CTCTGTGATGATATTAGTGACCAGCGGAGA,0.475679
141,GCCCTTTGAACACTGCACCAGCTACGGACT,0.368392
142,GGTCTGCTCGTACTGCAGCGCCCGTGGCTC,0.45110100000000003
143,ATAGCGGTTGCTGGAATGTCCATCAGGTCT,-0.21502600000000002
144,TGGCAGCAGGTTCCGGGATACCCGAGGTCA,-0.23695500000000003
145,TGGAAGCGAATTCTTCCCGGGCGTAGGCAT,1.007523
146,AGGGCGTACCTTTCACCCTCACCACGGTGG,-0.049042
147,GGCTGGAATCGATGGAGAAAGCATCGGCAA,0.175599
148,AAGAAGAGCGAGGTCCCCGAGTGATGGTAG,0.704264
149,CTTTGAATACGGTTGCTCTTGTTACGGATA,-0.46894600000000003
150,ACCCTGTGGGGTATAGCCGGCACATGGTGG,1.019091
151,ATCTCGAGTCGCTACGTTCGCACCTGGAGT,0.024814
152,AGGTGGAACCAGAACCGAATCCTGAGGAGG,0.08957899999999999
153,ATACCATCGACACGCTCAACATGCAGGTGG,-0.008728
154,CGGCTATCTTTGCGGTGGAACACGTGGAAG,-0.347668
155,ATCCTGTCCTCCCACCAACTCCGCCGGAAG,-0.126185
156,GCCCAGGCGCTCGTACTGCACATGGGGTGC,-0.14711400000000002
157,CTTGGCCGTGCGTCAGGAGGGCGGTGGCCG,1.0548790000000001
158,GGGCAGCTGTACTAGAGTTACGGTGGGAGC,-0.052820000000000006
159,TGGACGCCGTCTTGGAACCCTTCCCGGCCG,0.148358
160,TGTGCTGTCATTCGCCGAGAAACCGGGCGA,0.43367100000000003
161,GCTAGTGCGGTACTGCTGCAGAGCCGGCGC,-0.016669999999999997
162,GAGCAACGGTGACCTTGCGATGTGTGGGCA,0.544647
163,TACTCGGGCCACGTAGGTGCTGCTGGGCAT,0.29546500000000003
164,GGGGTCCATGGTCCGCAGCATGGGGGGCTC,-0.07562
165,TGGAAGACTGGCGGGGACAGTTATAGGAGG,0.344377
166,TGGGCAGTTGATGCCGTGGCAAACTGGTAC,0.136602
167,CTTTAATCTCGACAAGCTCATATGTGGTTA,-0.050029000000000004
168,AGTCATCAATAGTGTCATGGCATGTGGCAG,0.309688
169,TGAGAAACCCGCAGCCCCGATTCTGGGACC,0.209495
170,TCCTGGGGCGTAATACAATCTCGGAGGTCT,-0.24020100000000003
171,GGGTTATTCGAGTGACCGAGACCGCGGCCG,0.301146
172,GGCAGCTCTGGCCGATGGAGCTGAAGGCGT,0.33708499999999997
173,AGGTGGAAAGCGGTGACACGCCAAAGGACC,0.750842
174,AGCACTGAACGTGCGAGACAATGTTGGGGA,0.22730300000000003
175,AGCCAACAGCGAAAAGACCAATAACGGAAT,0.44355500000000003
176,ATGGATGCCCAAATGCGTTAAGTTCGGATG,0.047906
177,TGTCTCTGATGTGCTCAGCCCGAGCGGAAT,-0.175299
178,TTTCTTACTGCTCATGGATTACATCGGTAT,-0.415204
179,ATTCTCGCAGCGTTTCGTCAGAGCCGGACC,0.319822
180,AGCGATGCGACCCTCCGGGACGGCCGGGGC,0.8037380000000001
181,AGGTTCAACCGGTGGCTTTTTGGAAGGTGT,-1.387643
182,GGGTTAGCGACGGCAGCAAGGTGTCGGTGT,0.767826
183,TACACCACCCTATAGTGTATATTGTGGATT,-0.449842
184,CTTTCAACCTCTACTATGCCGAGTCGGACC,-0.34601
185,CAGCTGCTCTGTTCTCGACAGCTTCGGGGA,0.208166
186,CAGAATAACTGGCTACGAACTGATTGGATC,0.12809600000000002
187,ATTTATTGGATTCACGCACTGTCATGGGGG,-0.307712
188,CGGGACCTCGCGCAGGGGGCGCCCCGGGAC,0.505883
189,ACTATACCCCGATACGAACATACCAGGTGT,0.117376
190,GCGCACGAGCTGGGTCCCCCGAGACGGCGC,-0.16647699999999999
191,GGGCCCCCCGCCGGTTGATGAAGGTGGTGA,-0.054676
192,ACGGACCAAGTTTATCCGGCGCCGTGGCGC,0.070298
193,ATTGCACCCGATGAGAGCTTCTCGCGGCTG,0.059756
194,CCGTCTTCTACTATGAGAGCGATGCGGACA,0.481206
195,AGCCAATCTCAGATGTCTCTCCGGTGGTGT,-0.421886
196,TCAGGATACCTTTGCCATCTGTGTCGGCTA,-0.669466
197,GTGACAGGGGTGGTATTGTTCAGCGGGTCT,-0.502905
198,TCTGGTATTGGTTCTCAGCATCGCCGGTCA,0.176699
199,GGGTCTGGGTGAGCCTTCTCGTGGCGGCGG,-0.364629
200,CCAGGCTCAACGTGGACGGGCTCCTGGTCT,0.91881
201,TCTTAGCCAGGTGTGGCGTTCCGTAGGCAC,-0.30093000000000003
202,CGTTCCCTTGGATCTGATGCAGTAGGGCCA,0.060744000000000006
203,GAACCGTTGCGCCAGCCCTGTTACTGGTCC,0.340538
204,TCAACTCATACACCGAAACCTGACCGGGCC,0.249725
205,CGCTTCGCGCAAGCTCCCATTTCCGGGCGA,0.130194
206,GGAGATAATCGCCCCAGTTACCATCGGCAA,-0.103656
207,CCTCGGTCCATGCCCCGGCCACCACGGAAG,0.043118000000000004
208,GTGAAATCGAAGCAGGACTCCATGCGGCAC,-0.077365
209,GGCCACCACCGGACCCTGAGGCGCAGGACA,0.09550499999999999
210,GAAGTGCGCCTGGGAGCTGCTGTTCGGTGA,-0.18931800000000001
211,CAGGTGGTAAAGACTATCGGCCTCCGGGAA,1.231088
212,AACCTTACCCATTAAGACCTTTCGTGGAGC,-0.023112
213,GACCCCCAGCGTCTACGACGAGAGCGGGAG,0.62336
214,GGTGGCCGCCTGCTTCAGTCTGTGCGGCCC,-0.526079
215,AGGCGGAGTTCGGGACCCACGAGTCGGACA,0.270972
216,TCCCATCACGGGGGCCGTAGTAGAAGGCCA,-0.143045
217,TAGGGGATTCCCAGCACGCTGATGTGGGGA,-0.053252
218,CTCGAGCAAGCGACCCCAGTCGAAGGGCTC,0.131321
219,CCCACTGCAAGGCCCGGCGCACGGTGGCGG,0.574882
220,AAAAGAATGACCGGCTCGTTCGACAGGCCA,-0.35556
221,ATGAACTCCGTCCGAGCCGCCAACCGGAGA,0.300727
222,TCCTGTCAGACTGGAGCACGTACCCGGAAC,0.45334300000000005
223,GCTGCTGGCTGACCGCGCGAACGCCGGCTG,1.017485
224,CCCAGCGCAAAGGCGGCCACATAGAGGCCG,0.332005
225,CAGACGACCTTGGGCAGGTACCAGCGGAAG,-0.347909
226,CGGGCGACGCGCCCTTGCGCAGCCTGGAGC,0.815713
227,GGGGTTCTTCTGGTTCGGCCATCACGGCTC,-0.034351
228,GCTGAAGAACGGCAGGGAGTTCCGCGGCGA,0.178912
229,GGTAGGAAGCTGGCAATCTCTAGGCGGCCC,-0.36171
230,CTCTCTGGGTCGTCTGAAACAAATCGGCCA,-0.15687
231,CCGGCGAGGTCGAGCGCCTAGTGTCGGAGC,-0.099286
232,TCTCTGCCACTTCTGCGAGCTCCACGGCCC,0.090173
233,CCAGTCCCTCTTTGACTCAGCGTACGGAGC,0.13768699999999998
234,GATGTTAGGTGACGTAACCCGGCAGGGAAT,0.197924
235,GGCCATGCCGGCGTTGGCGCGCGACGGCGG,0.523791
236,GGCGATTTGAACGCGATTGCAAAGAGGCGG,-0.171967
237,TCTCCGCGCTCTCGCGGATCGCCATGGCGA,-0.43300900000000003
238,GCGCGGCTGCCAACCCCGACGCCGCGGCGG,0.141042
239,AGTCGGGATCTAGGTCTATGATCGCGGCAG,-0.33161599999999997
240,CGAAGACCGCCGCACTCTAGTAAGTGGTTG,0.124325
241,TCCAAGGTCCGACGATCACCTTCATGGCCA,-0.104101
242,CTGAGACCATTCGGAATGGTAGGATGGCAC,-0.29051
243,AGATTCGTGCGACGGCGTGGAGTGCGGCCC,0.51581
244,GGGATATGGCTCGACTGGCGGCTATGGCAG,0.219651
245,TCCAGTTGCACGAGTTCGCGCCGCTGGTGG,0.335499
246,ACCGCCGGCGGCCCGGGACTTCTTAGGCGC,-0.220791
247,CACAGATAGAGCGGCACGGCGGGATGGCCT,0.044561
248,GCCGCGACGCCGAGGTCCTCTGCATGGATT,-0.494906
249,GGCGGGCGGCGCGGCACTGGAGATCGGCCG,0.500791
250,ACCAGATGGAAGTCGGGGTCACACCGGAAA,-0.092173
251,CTCAGGCGATTGTCATAACCATCTAGGAGT,-0.011989
252,CATAAGCGTTGTTCTGTATCATAACGGAAG,-0.64966
253,CGATGAATGACATCGGCGACTACGTGGGCT,0.013608000000000002
254,TGCTGTTCAATCGGAGGACTTTAATGGTGC,-0.412929
255,AGACATCTCGTGGACTTCTCTTCCGGGCCA,-0.661532
256,AAGAACCTTGATGTGACCAAGATCCGGAAG,0.6739
257,GTTCTCCACGCCGATGCCGAACAGCGGCCC,0.473546
258,CACCATGAACGTCTCGGGCTGCCCAGGGGC,0.155623
259,CGCGGGCGTTACGCGGCGTGCGCAGGGCGC,0.222388
260,CAGCCAGGTGGAAGGATGACCGTCTGGCTT,-0.204156
261,CAGCCGGCATATGGTGAGCCCCCTGGGATC,-0.10467
262,GAGGTGGCGCCCGAGCAGCCGCGCTGGATG,0.317483
263,ACAGATTCGCGTGGATGGCATTGCGGGTGC,0.154998
264,TGTGAAACGGGATTGTACTATCACTGGCTG,0.23130900000000001
265,AGACAGGCTCTAAGGGGCAGACGGCGGGGG,0.6143109999999999
266,GACTATAGGGTCAACATCTTCCTGCGGCAG,-0.7657079999999999
267,GGGCACTCTGGCAGCACTCGCGTCCGGGTT,0.25698699999999997
268,CGTGGTTAGTAAGGATCATTCCCTCGGTCG,-0.328011
269,GGCTATCTACGACCTGAGATCTGCTGGCTC,-0.014843
270,ATGAGAAAGCGTGCCAAATGATGTTGGATA,0.253911
271,CCTGGTAAAATTCCGTAACCCTTCCGGAAC,0.187378
272,GGTGCACGATGTAGGTGACGAAGGAGGCCA,0.348152
273,AGGGTAACGGTGCCGTTAGGCAGAAGGCCG,0.152629
274,TGCGTGGCGTCTACTCCAGATCGCAGGACC,0.412238
275,CGGCCGTGCTCTCCTTCAGCACCGTGGCGA,0.142299
276,ATTACTGTACCGTTAACCATTGACAGGTAT,0.547136
277,GAGTCCTTGGATGGCCTTATTCGGAGGTCC,-1.127118
278,CACTACATCGAGCGTGCACTGCCGCGGACC,-0.49348000000000003
279,CTGGTGACCATCCTGCGGAACCAACGGCTG,0.321339
280,TCTTTAGCCCCTCAATTCTGCCGCCGGCGC,0.403158
281,TGTTTTCTGCACCTATCCGAGCTACGGCGT,0.7806
282,AGATGACCAGGTCGTACCACCAGACGGCAG,0.11823099999999999
283,AGACCCTCATTCCACTCGAAGTCGGGGCGC,-0.21935700000000002
284,TGCCCGGGATTCCCAGTGCACTTCAGGGCC,-0.045502999999999995
285,CAGCAGCACCACGGCGCGCTCCGACGGCAC,-0.27905599999999997
286,TGGTCCTCACGGATTCCAGCCGAGGGGCGT,0.136969
287,AGGACAATGCGTTGGAGCGCAGGGAGGCCT,0.370028
288,CAAGATCTACCGAATACAAGAACCCGGATT,0.789538
289,TCACATAAGCTGATGCGGACGGTGGGGACA,-0.0888
290,TGCCAGCGAGCCGCACAACGCGTCCGGCGC,0.769772
291,CGGCCAACGTGTTCCTGATGCATCTGGCCG,0.33923400000000004
292,CTTTGGCGTACTTCGGCTGTACAATGGCCA,0.173715
293,CATTGCTTCGGTAACATTTCATAGAGGACA,-0.790732
294,GCAACTGAGGACCGGAAGCGAGCTTGGAAC,0.381257
295,CTGGTGGTGACCGATCTACTGGTAGGGCTG,-0.178101
296,GGTGTCGTTTCACAGCTCGCCGGAGGGCAA,0.255154
297,GCAGGTTCCCGCACGTGAGGTTCAGGGTGA,0.625215
298,CAGGTTGAGCAGGTAGACAGCGTACGGCTT,1.058259
299,TGGGGCTGACAGTGCGCCTCGCAGTGGGCT,-0.272063
300,CCATCGAGCGGTGCCAATCCATCCTGGCCA,0.138019
301,GGCGCGCTTCTCGCCCGCATGTCGCGGCTA,0.017965000000000002
302,GGCAATGGCCTTTACCGCCAGCATCGGCAG,0.167464
303,CCCAGGAGACCGCGATGATCACCTTGGCCC,-0.24972600000000003
304,AGGGCTGCCACGTGGACTCGCGCGTGGACC,0.41468900000000003
305,CTTCCGTACATGCTGACGAAGTAAAGGCAC,0.19175
306,TCGGAGTTCTCGATGGAGATGCGCAGGTCT,0.167477
307,TCTTGGCGATCACGGCCATCACAGCGGCAT,-0.352641
308,TGCACGATGAGGCGGTAGCGTGCCAGGCCA,0.278485
309,TCGAGTGTTGCAAACCTGACCGTCAGGAAC,-0.046362
310,TTCCTCACCTGCATTGCCGTTGATCGGTAT,0.055852
311,TATGGTCGATGGTACAGCTCATCGAGGAGT,0.21934
312,CGACACGCACAGGAGCACGTCCCACGGATT,0.412521
313,ACAGATTCACCAGGAGGACGCCTGAGGCTC,0.599526
314,TGTTGAGCAGCGTGATCATTATGTCGGCAA,-0.357095
315,TGGGTTTCATAATAGGAGTCAGCGTGGTGG,-0.271853
316,GCATCCCGGTGTCACTCCTGTATTCGGGCC,0.13119
317,ACGGCCTCTACACCATCCGTGATAGGGAGA,0.686736
318,TTCAGGCCATTGCGGCAACCATCAGGGACT,-0.42908
319,AGGTCGCACAGGGACACGTACTGAGGGAGG,0.057944
320,CGAAAGATCCAAGACTGCAGCCAGTGGAAT,0.946213
321,ACTGTATTCTTGATCGGCGCCCCTAGGAAA,0.368262
322,TTCATAACACCAGCCCCAATGCGTCGGAAG,-0.220323
323,CAGGTGCCATCTTCGAGGAGAACGCGGCCA,0.792225
324,CCTCAGACCGCCCCGCAAGTACTCAGGATC,0.322889
325,CAGCACCAAAGGCGCCGAGACGCGGGGCAT,0.308292
326,TCACTGGTGTCCGTGGTCTCGTACTGGCTG,-0.104244
327,GCAGGGCGAGCGTCAGCAGGCGCATGGTGC,1.0695620000000001
328,GTGGTGATTGTGCTGAACAAAGACCGGGAA,0.628522
329,GCCACCTCGTCGGAAGTGCCCACGAGGATG,-0.457064
330,GCCAGCTCGACGCGCCCGTGTTTGTGGCCT,-0.301026
331,TCGTGTTCTCGGGGCCCGCGTACGCGGCCG,-0.015387999999999999
332,CTCGGCTGTCGTCCGGAGCGCGGCTGGCCG,0.500942
333,CACCAGCTCCAAGCTCAGGTTGTGCGGCAG,-0.0023120000000000003
334,TGGCAGGAGCGTCGTCTCAGCGCTCGGTGG,0.23388699999999998
335,CACACATCCTCGACAGTTGCTCCAAGGACA,-0.519949
336,ATGTGGGCGAATCAATGAAGACCGAGGGAT,1.079156
337,AGGTCAGCGACTGCTCGAGGGCATGGGTGT,0.9110469999999999
338,CCGCCCAGCGTCAGGCCGCCCGCCAGGCGC,-0.330547
339,TTGTGAGGATCCAGTAGAACTTGGCGGTCA,-0.082345
340,ACAACGGGTCGTGCTGCCGCATCGAGGGGG,0.5311
341,GTCCCGGCTGTTAGACGAAGAGTTGGGCTT,0.34883400000000003
342,CAATACGTTGAAGACGATCCAAGGCGGGGA,-0.038610000000000005
343,CGGCTGCCGGCGACCAGATCCTCCCGGAGG,0.09006
344,GGGGGGAGTCCTCCAATTTGGTGCCGGACA,0.322569
345,CCGAACCCGAGCCCGTCACGCTCCTGGTGA,0.687646
346,ATAATTGAGAAGCGCCGACGAGACCGGATC,0.66838
347,ATGGCTCGTACTAAACAGACAGCTCGGAAA,0.286301
348,TGGATGATGAGAGTAACAGCCCGACGGTCC,0.841727
349,CATGGTCAGCGTGAACGCGCCCCTCGGGGC,0.810932
350,TCATCTAGAACACGATTGGCCACACGGCTA,-0.003773
351,CTTAAGCCACCAATAAAGAGCTTACGGAAC,1.000469
352,TGCCAAGTTGTACTTACTACGTCTCGGGTC,-0.149953
353,GAAGTAGCCATAGGGCAGCGCCGCGGGCCC,0.534324
354,GAGGGGCGCAGATTTCGGCGAGCGAGGGAG,1.0107
355,CGGAGAGCCTTATGTACGTCTATGAGGACA,-0.588746
356,AGTCATGAACGACTTTGACGAGTGCGGCCA,0.758211
357,GGCTCAGGACCTCGCCCGAAGCTACGGCAT,-0.22365
358,GTGCTGTATGCCGTACGGAGTGAGCGGAAG,0.610939
359,GGCCATGGAGCGCGCGCCGCCCGACGGGCC,0.149809
360,GTGCTGAATACCCGCGCGACCGTCTGGATC,0.069201
361,CTTTGAGACCGGCGGCAACACTACTGGTAT,0.12088800000000001
362,GGAATACAGTAAACGCAGGACGGCTGGCCA,0.542288
363,GTGATCGCTGCAATTATTGTGACCCGGAAG,0.081066
364,ATGGGATTCTGGATGGCGACGTAGCGGTCC,0.029858999999999997
365,ATGTCAGTTACTATAGCTGCTACTGGGCTC,0.299715
366,AGACAATGACGTCAATGGATACGGTGGTTG,0.06506100000000001
367,CATGGATGTGGATCAGACGCCTTCCGGTCT,0.905761
368,GCCATAGGTTCTCAGTTGCCATGCCGGACT,-0.326471
369,TGTTTAATAGAAAGCCCTTCCGTCCGGTCA,-0.46133500000000005
370,CATCTCTGGACGTCCTGCTCACAACGGCAT,-0.026167000000000003
371,AGCACGTCGCACGCGATCCAAAGCTGGCAC,0.140996
372,AGATGAGCGCGATCAGCAGCGAGTTGGCCG,0.564577
373,CGGCTGTGGGGAACAGATCAACTACGGCAG,0.18068299999999998
374,ATAAGCATGACGACCTATGATGATAGGTTT,0.138914
375,AGCACTAGGGTCGTCGCGCCCAGGAGGACG,-0.335945
376,CGAGGCCTATGTCACCGTCCTAGAAGGATT,-0.14527400000000001
377,TCATCTGGAGTATCGCTTACAGGGGGGCTT,-0.592598
378,ACCTCAGGAGCGCCACTTCATAGCAGGTAC,-0.277563
379,TCCCCATCCCGAAACCAGGACACTGGGTCC,0.147449
380,ATGTCCGTGGAACACGCAGACATCTGGGTC,0.625127
381,GGAGTCGCAGGGAGGCGCCACCCGGGGCCA,0.312973
382,GAAAACCCGATGATAGTGCTGTGTTGGATA,-0.309449
383,ACCAGATTCGTACCTCACTCCCTAGGGCAG,-0.380249
384,GGTCACCCGAATAGCCCGGGCCTCAGGCAG,0.742376
385,AGTAACGACCTATCTGATGTCCAATGGTAC,-0.096386
386,GGGAGGCATTACAAGCGGGAGTTCAGGCTG,0.729488
387,GTTATATTCGTACCAACTATAGCACGGCCC,-0.18254
388,AAGTTAATTGGCTCCTCAAGGTCCCGGTCC,0.532686
389,TTGTTTGTGAGTAATACCAATCCACGGTGT,0.420234
390,TCTGCTACACCGATTACCTCCAGACGGTCA,0.11288599999999999
391,GCGGGCCGGAGGGCACCCCAGACACGGTCT,0.719938
392,TGACATTGGTTGTCCCAGGACGAGTGGCTA,0.023438999999999998
393,GAACACGACAATTCTGACGCCCAATGGGAA,0.615901
394,TACATGAGCATCTCTACTTGCGAGTGGAAG,-0.018269
395,GTGAGTGGAGCCAACCTATTTATGTGGGTA,-0.8507950000000001
396,AGTTCTCCTGCCAGTTAGCAGTCCCGGAGG,-0.034631999999999996
397,TACCTCTTAAATAGGTGCGATGCACGGTAC,0.20733800000000002
398,TGAGGCCGCGGAAGTCCTCCCCGGTGGCTG,-0.239075
399,GTGGCTGATCGACCAGATCGACAGCGGCAA,0.667151
400,GTTGCGCCGCAGTGCGAGTTCCTGAGGATC,-0.525582
401,TTGGAGACATTTGTTCTCTGTACGCGGAGG,-0.08595
402,GCTGATTGGCGCAAGGTCGTACGAAGGAAA,-0.06225
403,TTAGTGGCGGCATGATTTTGTGCACGGATG,-0.252604
404,AGCGTTCATGCAGCCTCTTGTCCACGGAGG,-0.189176
405,GCTGGACAGAGTCAGCGAGAGCTTCGGCTG,0.628131
406,CGCCTCGTTCCTCCCGTCCGAGAGCGGACC,0.207893
407,TTACTGAAAGACGGACCGCAGTACAGGGTC,0.320877
408,TGATGAGGATCTTCCCGTTGGAGAAGGAGC,0.191185
409,CCGTGGTGTTGTCGATGCGGTGGACGGTGC,0.8691450000000001
410,GTCCCCGGGCACCACGGTCATGTCGGGCGG,-0.014699
411,ACACGTTCACAACAGTCACTGTAGCGGACT,-0.074311
412,GAACGGCGGTGCCATGACCGTCAGAGGAGG,0.605489
413,TGAGATCGGAGAAATCCCTTACGCTGGCGG,0.22083699999999998
414,GCTGCGAGCGGCTGGTGCTCAACGTGGCCG,-0.117691
415,TCCATGACGTACAGCGAGAGTCTGCGGAGC,0.00021099999999999998
416,TGCTCCGGCTGCGAAGGTTCTGCTCGGTAC,-0.448905
417,GATGCCGGCGGGCATGACGAAGCATGGCTC,0.636676
418,TGAAGTCTTCCTGTTTAAGCCCGGGGGAGC,0.259021
419,ACGATGCGCTCGCTCTCGTCCCCTTGGCCC,-0.25251
420,GAAGAAGAACTCGCGGCCGCCACCGGGATG,0.567805
421,CACCCTAGCGGCCCGGGAGGAGTAGGGATC,0.585307
422,CTACGGCCTGGTTCCCGAGCTAGTCGGTGA,0.23752600000000001
423,TTGAGCACGCAGCGGAACACCTCGGGGTCC,0.127151
424,CGGTGGTGCAGCTCGAGCAACAGGCGGCTC,0.703218
425,GGCGTCACCGCTGTGGTGTTAGACAGGATC,-0.6520699999999999
426,GGGGGGCGTGCGGCAGGTGCTGTACGGGGA,0.375143
427,GCCATCAAGGGCGCGTTCTACCGCCGGGCG,-0.34933000000000003
428,GCCCGTGCGCCTTCCGCGCCATCGTGGCGC,-0.084189
429,GCAGCTCCCGGGACAGCGAATACCGGGCGC,0.306839
430,AGATCAAGATGATCCAATCCCACGTGGTCT,-0.027052999999999997
431,CGAGCGTTGGCGATGATGAACTTACGGCCT,-0.036333
432,GGACACCATCGCTACGCGCTTCGACGGCAC,-0.35182199999999997
433,CCATGCCGGTCATGAAGGGGTTGCTGGCCC,1.006851
434,CAGGCACATGGTTCCTCTTTGGCGTGGTGT,-0.5879310000000001
435,TGTCCCGCAAGGGCATCATCCCCGAGGAAT,0.009438
436,GCGCCAACGGCTTCGGCAACGGCAAGGTGC,-0.12592799999999998
437,ATCCAACGCCAGCGCATGTCCATTAGGATT,-0.9187139999999999
438,TCATCACAAAAGTGGCAGCGAACAGGGTGA,0.319942
439,CCAACGTGTCAAACACATTCCGACTGGAAG,-0.036098000000000005
440,AAGAGGGCAAAGCTTGTGTGTCCGAGGTCA,0.058
441,GGACATGCACGGACACAGCCGCAACGGCCA,0.20713600000000001
442,TTGCCACAGACCGTACGCGCCTGCTGGCCG,1.04047
443,TGCGCGAGACATACCGCTACCTGACGGACC,-0.152223
444,ACGAAGCGGCCGGTGTCCTCGTTGAGGTGC,0.008359
445,CTATGTACCGACCGCGAGCCCGGGCGGCTC,-0.237035
446,TGGAGGCCAGCAACTACGGCGTGTCGGTGC,0.5302819999999999
447,GCCGGGTCTCTCCCGCGAGGCGCTGGGAAG,0.598001
448,TGAAGCGGCAGAACGTGCGCACGCTGGCGC,1.013067
449,GGGCCCATCCGTGTGTGAGCGACCAGGAGC,0.47350200000000003
450,GGGTCTAAGGCCCTGGTCCCGATACGGGCT,-0.16639
451,TGGGTCAACGTGTCAGCTGCCGGCAGGTGG,0.25986
452,TATAAGATGAAGAGGTCCGGCCACTGGTCC,1.078047
453,GCTTCCGTGTACTCGTAAGCCACCCGGAGC,0.405552
454,GCGGGACGCGCTCAAGTTGCTGAGCGGCCG,-0.182263
455,TTGGGCGAGCTGAGACAGGGGATGCGGTGG,0.645938
456,CCTTGAGACGCCGAAAGCGCTTGCTGGAGC,0.966369
457,CACCATGGTGCAGAAGTCGCGCAACGGCGG,0.289744
458,GCCCCACTTTCCGCTCCTCGTCGCCGGCCG,0.117502
459,GCAGGCGGCGGTAGCGCTTGTGCGCGGCCG,-0.227793
460,GCAGTAGCAGGCCGTCGCCCCTGGCGGCTG,0.18704500000000002
461,AGGACGGGGAGATCCGCATCAATGTGGGCG,-0.020655
462,AGCTGTGCGTATTCTCATTCTGCCAGGAGA,-0.476445
463,TCTACGTCAACGAGAACACCTTCAAGGAGC,0.016259
464,TCGGGGACTGCTTCACGGTCAACGTGGGCG,0.137054
465,TAGTCGTCGCACAGGCTTAGCTGGCGGCTG,-0.295765
466,GGTGGGTAACCAAGGTACTTCGCAGGGATT,-0.20408099999999998
467,GACACAAACACGATCCTGCCCACCCGGCGC,-0.20644200000000001
468,CTTACGTGTCAGTGACGAGTAAAGAGGTGG,0.17303
469,GGTTGCTACCGCCGCAAGCCGCACCGGCTC,-0.029656000000000002
470,TAAAACTAGTCCTCGAAAACCTCGTGGGAG,-0.041863
471,TGTAAACGATCCATCTCAGCTCCCAGGTGT,0.257473
472,GTTACAGAGAGCACAACGCCGCACCGGACC,0.597648
473,AGTCTCGAGGTACACTCTCAGAGTCGGATT,-0.138993
474,ATCTTGCCGCACCGGGCGCAGTTGGGGTTC,-0.196926
475,GCGGGACCCACTGGTTACCTACGAAGGCTC,0.081094
476,TTTCCGCAAGTGACTGGATTGTACTGGTTG,-0.28334499999999996
477,AGCTGGATGATTCGTCTTACTGTGTGGTTC,-0.9721690000000001
478,CACACACTGTCATTGCGAGCCCGACGGCAG,0.273729
479,GGTGAGATTCTGGAACGCGTAGTCGGGGAT,0.778564
480,TGAGCCCTGCAACTGCGTGCCCGACGGCGC,0.35279099999999997
481,AAATCGGCTGGGCCTACTACTGCACGGGAG,-0.114691
482,GCTAACAGTCAGTCTCCGAGTATTGGGTCC,0.25346199999999997
483,TGGCGTGTGGTTAACTGTGATCGGAGGAAG,0.030172000000000004
484,CCTGAGCCGGGCCGGGCTCCCGTTCGGGCT,-0.27891900000000003
485,GTTATTCTATAGATCTGCGATGCCCGGGCA,0.730595
486,TTGAGTGTTCCGATTGGAGCCACAGGGATG,0.449384
487,CGCCGAGCCTCCGTGCGCGCGCCGCGGGGT,0.57063
488,TGCTGCTGCTCACGCCGCTCTTTGTGGCCT,-0.472921
489,ACGGGGCGTACGCGGGGACCAGCGTGGTGG,0.150056
490,GGTCTCCGCTTCAACCGGCTGCTAGGGAAG,-0.284215
491,GCTGATGATGCGGTCGGTCTCCACCGGTTC,0.18263800000000002
492,TGTCGCTGTTGGGGGACCCGCTACAGGCCC,0.684348
493,GCTGTGGGGCCACGAATCCCTACATGGTAT,0.079075
494,AAATGAGCGATAACGATGACATCGAGGTGG,-0.13771
495,GAAATAATTCCGACTGTCCTCGTGTGGTTT,-0.335964
496,CGCTACCACAGCATCATGACCGTGAGGAAG,-0.231082
497,CCCTGCGCTACCACCACATCATGACGGCGA,-0.126888
498,TCCCGGAGCGCAAGCCCCGCAGTTGGGAAG,0.286536
499,TTCGGGATCTTGAGCTACGAACACCGGCCC,0.40876
500,TCCCGCTGCGCTCCATCGACGACGTGGTGC,-0.035142
501,AGTATCAGCTTCCCAACTTCACCGCGGAAA,-0.410404
502,ACAGTTGCACCCTGCGGTGAGCGTGGGCCA,0.170969
503,TATCTCAAACGGAAGATTCGTTCCCGGCCG,0.032764
504,GCCCCAGCTCTAACCTCACCTGGACGGTGC,-0.389119
505,CTCAAGATGTAATCGAAACGCTCGCGGAGA,0.619038
506,ACTGCGATGGGCACGCGTGCAGCGTGGTCG,0.25555300000000003
507,GGTCTGGAAACTGGCACACGTATCGGGTTC,0.625827
508,TGGAATAGTTTAGGGCTGACTCCACGGTCC,-0.895849
509,TGGACAGCACGTGGGGGCCGCCAACGGCGC,0.58573
510,CTCGACATCTCCGGGGTGCCCTGACGGAAG,-0.697091
511,CGCCAACGACTCCCAGCACGACCCCGGGTA,0.499143
512,TTCTGTCGCCCTCGTAGGTCACCATGGCCT,-0.44559399999999993
513,GGGTACGGATAAATGGCCACCACCAGGTCT,0.6168640000000001
514,CGCCCGCCTCGCAGCAGTTGGCGAAGGAGC,-0.08415
515,CTGAGATCGTCAGGTTATATCGAGAGGCTG,-0.48612299999999997
516,CTACGTCTCTGAATAGATGGTATGAGGAGA,0.73306
517,CAGGGCTGTAGCGAGTCAAACTCGAGGTCT,0.21115599999999998
518,GGAACTATGACCTCGACTACGACTCGGTGC,-0.013144
519,CGCACGTTCAAGAACAGAGACAGGCGGCGC,0.550729
520,AGCCCTGAGTAGTAACGCTCCTTGAGGTTG,0.11800999999999999
521,GCCCGCGGCGAACGCCAGCGCGTTGGGCTC,0.304645
522,GGATCTTGGTCTGGCGAACCTCCGAGGCGG,-0.567044
523,GGTCGCTCAATCTCCAGGTCGCGCCGGCTG,-0.02814
524,TCGTCGAAGCGGCTGACCACGGCCTGGACC,0.59229
525,AAGCAACCCAAGACGTTCACCGTGAGGATC,-0.054697
526,CTGATGGCCCCTACCTGGTGATCGTGGAAC,0.343078
527,CGTGCAAGCCGTGCACCGAGTGCGTGGGGC,0.48024700000000003
528,GGTGACCACCGGCGCGAATGAGAGCGGTTC,-0.05606900000000001
529,GGTAGTAGTTGGTAGGCGTGCGCATGGCCT,0.124753
530,GTGGCGCAACTACCCTTTCTTGTTCGGGCC,-0.746239
531,GCAGCGGCGCCAGAGTCGACGCGTTGGAGC,0.23149099999999997
532,ACGGCCGTCATCCTTGTAATCCTAAGGGCG,-0.37498000000000004
533,TGAATAGCTTCTTCGGAACCCCAGCGGCCA,-0.043088
534,ACATCAGCTGATAATCAACCCTCGAGGGTG,-0.012605
535,CTTCCTACAGCATTGAGACTGTCGTGGGGG,0.20389000000000002
536,CACCGAAGGCGCCCGAGGCGACGCTGGGTC,0.728267
537,CGACCCCGTAGCCGCTGCCTATGTAGGCAG,0.035647000000000005
538,CATTCCACCCAGCCTGAGTGATGACGGCTC,0.08255599999999999
539,AGCTGAGCACGTTGTAGTGGAAGCCGGAGG,0.7114229999999999
540,GGGGAACGAGCTATGCAGCGTGTGTGGGGA,0.398581
541,GATTTTCAATAAGAAACTTCCGTCTGGGCA,0.084915
542,AGGAGGGCCATGAAACGCAACGCCCGGCTG,0.940307
543,TGGCTGAGCTCCGGAGCATTAATGAGGCCT,-0.433536
544,GCAGTTCATTCTGACAAATCACGACGGCTC,-0.217455
545,TTACTGGGGAAGACGGACGTCCAGCGGCCC,0.594879
546,CCCCTCGCTCCAGTGCCGCGTGTGCGGAGA,0.333592
547,GCGAGATCCGCAGGACGACGTGGCCGGGGG,0.568242
548,GCCGAGTCGTCCTCGGCCGCGCGCGGGTAG,0.549316
549,TTTAAGTCTGTTTCCCCCGAGGAAAGGCTG,0.35911
550,GACACATGATAGGGCTTTTAACAACGGCGC,-1.142649
551,CTCAGAGCTACAGTTACCACTCTTCGGGAG,0.42060299999999995
552,TGGACTATTCGTACGACGAGGACCTGGACG,0.661844
553,GGAGCGGGACGAACCGCCGCCTAGCGGAGG,0.7266
554,TCCCGTAACTCTTGGCCAGTTCGTGGGCTT,-0.394517
555,TTGCCACCCGGAACCGCACATCAGTGGATT,-0.062263
556,ATGGGAACGCCAGTATCAACATCACGGACA,0.39726
557,CGGGCAACGCGTCGGAGCGCGTCCTGGCGG,0.629957
558,CGGGCAATGCGCTGTCCGCGCACGTGGTGC,0.21906599999999998
559,TCATTAAGGTTTAGCCCGTCCTCATGGTCC,-0.811161
560,CCTTCATCTCCCGCTCGGGAATCATGGCAT,0.275107
561,TTCTTAGGGTCTGACATCGGATTCCGGAAG,0.755208
562,AGGGGATGGAGACGGGGCGGCACTAGGTTT,1.024648
563,ACGTAGACGACGAGGTGCTGGACGAGGATG,0.43595500000000004
564,GGGCTGCGTGTGGGACGGGTTTAGCGGCAG,-0.112416
565,GGGGGACTACGTACCTGAGCCCTTCGGAAC,0.39464699999999997
566,AGCCATGGAACCGGCCCCCTCCGCCGGCGC,0.124225
567,GGACTCCCCGATCCAGATCTTCCGCGGGGA,-0.289852
568,TGGAGATTGGCTATACGTCTGTCACGGTCC,0.018595
569,AGAAAACGGCCACAACCCCATGCAAGGCGT,0.401426
570,CACAGTGACCCAATTCATCCTCGTCGGCTT,-0.218196
571,TTACAACATGCTAATGAGTCCCCGTGGCTG,-0.401062
572,GGCTCAAGAGGGTGGAATAGCGTAGGGGCT,0.030222000000000002
573,TGTACAGGCGAGCTTTAGGACAGGGGGTAT,0.425591
574,GCTAGAGAGCCGAAGATAAAGAACTGGAGC,0.115077
575,CCTACCTGGATATCTGTTACTCTACGGTGA,-0.794726
576,CTCTTGCCTTCTACTGTGCGGATACGGAGA,-0.009332
577,TGGAGAAGGCTTTGCAGCACCTGGCGGCCG,0.034205
578,GAACATGCTCATCATTGCGACGATTGGCTT,0.720234
579,AGGAGGAACTCGGAGACACTCGACTGGTTT,0.260369
580,GCTCAGACACGCACACCAACGAGCTGGTGA,0.404578
581,CAGAAAACGAGACGGGCCATCAGGAGGATG,0.047611
582,CCCAAGTCAAGCCATTCTCAAGAACGGAGG,-0.05304299999999999
583,GGTGGTCTTCCTTATTGCGGTGAGTGGCAA,0.931177
584,CCTGGTTGAGACTTGTGTCGCCACAGGCCA,0.70255
585,GTGGGTTCAGCGCAGGAGTGACTACGGTGT,0.155672
586,CCACAGTTACTATGATACGGCCATAGGATA,0.815916
587,CTGTGTGTGATGCCCTGCGATACTCGGCCA,0.539812
588,CAAAAAGCTCAGCCTCGTTAAACGTGGTGC,-0.199781
589,CTGCCCTCATACTAGTATGTTGTCTGGACT,-0.123886
590,CCATGGTTAACCAAAGCTCCCCCATGGGCT,0.184471
591,GGTGCCATCGTCCGAGCTATACTGAGGATG,-0.468393
592,TATTTGGAAGATATTACCTTATATCGGCAC,0.150738
593,GGATAATCGATGGCTTGATCCAGATGGTGG,-0.40534000000000003
594,TTCCCTACTGTGCCTCCCGTATTGTGGATC,-0.031973
595,CTGCAGTTCTACGAATCCGTTCAGTGGAGG,0.384737
596,CCCACCACCGTGGCAAGGTACACGGGGAGA,-0.145241
597,CTACAATTATGTGAGACGTGCAAGCGGAGA,0.1577
598,CTAGTCATGCTCCGAAGCCACTCACGGGAG,0.370562
599,TGTTGTTCTACTTTGCGAGCATGATGGGAA,0.424729
600,CCTCGCTATCAGACAGCGTGCTGCCGGTAG,0.466762
601,GGCCTCCATCCTACAGCTCGCTCTTGGATG,0.296593
602,GGAAATTATGACCCTAACGAACAGTGGCCT,0.588095
603,TATGCAGTCATCCTCTGTCGTATAAGGGAG,0.35518
604,AGGTCTCATCGTGGTGGCCAACAGCGGTAT,0.12828
605,TGGTGTTGTTGTGACAGCCAACAGTGGTAC,0.47345600000000004
606,GGCCATCATGAACCAGCGAATGTGTGGTCT,0.0831
607,TGGAATCAGGTTCCCTCCTGGCAATGGCAT,0.142955
608,TTCACTCTACTGCTACCCATATTGTGGTTC,0.027642
609,CAAGCAGAATGCCAGACTCGAGAAAGGAAA,0.521405
610,GGCATTGTGGTCAATGTCACTCCGAGGTCT,-0.596979
611,AAGATTGGACTATCTGCCCTGACCAGGGGG,0.220979
612,TTGATTCCCGAGAGATTAGCTTTGAGGCCT,-0.373529
613,CCATCTGCCACCCTCTGAGGTATTCGGTCA,0.828887
614,TCAACGTTCGTAGAATCAGCTCTGAGGCCT,0.11286900000000001
615,GTCTTGCTCGCCATGTCCATTGATCGGGCA,-0.082023
616,ATCTTTCTTGTCATCATTACTAAGCGGAGA,-0.8574309999999999
617,AACTATTGAATCGGATGTCTGAACAGGCTA,-0.26971300000000004
618,ATGTCCATGACGGCCAGCATTGAGAGGAAG,0.22316599999999998
619,ATGGGTTTTCCATTCTAATGTCGACGGTGG,0.145595
620,TCCTTTCTCAAGATGCCCGCTCCAAGGCCC,0.311279
621,AGGGGCTCGCGAAATCACATTCCCAGGATG,0.212689
622,GTCAGGATGCTAGAGTGTCGGAGTGGGAAG,0.29828000000000005
623,TAGAACTGGTGGTGGGTAACACACAGGCCA,-0.554894
624,GCACACGTGTTGCAGGCTTTCCATCGGCCC,-0.729526
625,AATGGTCCACCGTGAGAAATCCCGGGGTCC,-0.05867000000000001
626,TCTGGATTGTCGGAAAGTCCTAAGAGGAGA,0.094207
627,ACCGCAATGCAGCCACCGTTTTGGGGGCTA,-0.478825
628,ACTCATTAATTGTTGTGTCAGTGCAGGATA,0.021903
629,ATACGATATTAGTCGACATCTGCGGGGTTG,-0.421425
630,GGCAGCGCCATCTTTACATATGTACGGCCC,-0.253106
631,AACTGTGGGTCATCTGTCAATCCTAGGAGA,-0.134737
632,TGGAGATTCGAATATCTCTCTTCGTGGTTC,-0.571148
633,CCAAGATGCTTGTCGTCATCCTCACGGGGG,-0.595143
634,CTCCATGTACCTAGTCACTTTCACCGGGAA,-0.46178
635,TGTGGTCTACGCCATCGGACTCATTGGCTC,0.00021899999999999998
636,CTGACATGCGGGTAGTATGGACTGTGGCCC,0.375138
637,TTCACAAGCTCGCTGATATCTGTCTGGGTG,-0.663288
638,GCGCTTCGCATATGATAGCAGTCACGGTTT,0.041328
639,CTATACACAGTAATCATGTCACGAAGGGTA,-0.602171
640,GGGCTGTCTGCCGACCCCAACATCCGGGCT,0.44437600000000005
641,TCAGATCAGTCTTCGGAGAAGAATCGGGTA,0.10613099999999999
642,CTTCCTGATTCACTACTATGCCAGTGGCGA,0.155888
643,AGAGGCGCGAGTGCTTCTGGCGTGTGGTGC,0.811001
644,GCGGCTGCGGATGAGCACGATGCGCGGCGT,0.511249
645,TCGGTCTTGTAGTCGAACAGCGACAGGCAG,0.9367129999999999
646,GAGGGCACAACGCCACTCTCCACGGGGCAC,-0.034643
647,CAGGACGCTCTGTTCCTCTGACCGAGGTTG,0.030594
648,GAGACTGGAAGCGTAGGTACGATGTGGGCA,0.346194
649,CCTGGAACCCACTGAGTTTGTCGTCGGCAG,-0.426569
650,AGCTGTACTATCCGAGTGTCTCTGGGGCAC,-1.0254729999999999
651,TTTAAGTCCCACCTTAAGTCAAGTCGGAAT,-0.137962
652,GGTGCTGTGGCCGGCTGTCCCCAACGGGAC,-0.21504
653,GTGGACGCATTCCAGGTCTTGAGGCGGCAC,-0.596392
654,TGCCACCCACTTCGGGCACTACGCTGGGGC,-0.49274799999999996
655,CAGAACATTGCACGCGACAGTTTCAGGCAC,0.51702
656,ACTGACCGAGAAGTAAGTCCCAAATGGCAA,0.493655
657,CCACCCGGGTCCGTCCGAAGCACACGGTCA,0.61716
658,GGAGCGGGTGAACGACGCTTCGTGCGGCCC,0.196276
659,ACCTGTCCTGCTGGTCCGAGGAGTCGGATA,0.097675
660,TCATTCTCGGTACCGTGCCGGGAAGGGCCG,0.548326
661,TGCTCGTATTTCTCCAGCTCCGTATGGTAG,-0.209252
662,CAGAATAACCGACGGAGCCCGGGCAGGGAC,0.430637
663,GCGACCCCATAGATGATTATGCATTGGTAC,-0.46153
664,CGTTGGTGCGGTCTATGAGGCGCCGGGAGA,1.257687
665,TGGGGACTTCCCATCCGGCGTTCCTGGTCT,0.71102
666,GGTTCAGCTCCGGTGGTGTGGGAACGGATG,-0.140579
667,ATGCGCCTCTAGACTCATGCCCGTTGGACT,0.070261
668,TGGTCCTGCGTCTTTTCGTCGGAGGGGTCC,-0.594073
669,ATTCCTCTGCCTACGAGTCCTGTATGGCTG,-0.19065
670,GAGGAATGCCAGGCGGAAGGCCGTGGGAGC,0.657246
671,GGCATCACGGAAGGTGCGTCCGAGTGGCAC,-0.630826
672,CAGCATGCGTGACAGACACGGGCATGGTGA,0.684533
673,GCCGCGACGTCACCTACACGCCCGTGGCCG,0.643004
674,GACCACTGTAGGCGGGGTTGTCCCAGGCTC,-0.206196
675,GCAGGCGTGGAGCCGCGATAACCCCGGCTT,0.252481
676,TGCTTGAAGTGCGAGGTATGATAGGGGCTC,-0.310307
677,GGCCATACCAGGGCGTCCGTGTGAAGGAGC,0.29297199999999995
678,CAGATAACGGGCTCTCTAGATCGCCGGCCT,-0.086994
679,TCCAGCTTCATGCGGATCGTACGACGGAAG,-0.335462
680,CTGGATTCAGCTGGTCGATATCACTGGAGA,-0.327235
681,TGGGGTACAGCGAGTCGTCGCCGTCGGCCG,0.27534000000000003
682,ACGCCAGCAGCGATGAGAGCGAGCCGGATG,0.707063
683,CAAGCGCAGCCACAAGTTCGTGCCTGGTGC,0.359442
684,CCAGGGCCATCCCAATGACAATCTTGGCAG,0.5855199999999999
685,GCGCTGCACTCCGCCGAAAGCCTCCGGCGG,0.633329
686,ACGAGTGGCCCACGGCCAAGAAGTAGGTGA,0.387943
687,GGTGGTGTTCTGGCAGCGGTAGAACGGCGA,0.28541
688,CCAGCACCCCGGCCGAGAACATGACGGAGC,0.19104300000000002
689,TGTGGGCGCCCGAGCGTTCCGCCGAGGCGC,-0.58132
690,AGGCGGACGAATTGACCCCGGGAGTGGACA,0.90955
691,TTGTGACTCCAATACACCGCTCAATGGCCA,0.517677
692,TCGTGCAGGAACCTCACCTACGTGCGGGGC,0.369244
693,GATGGGGACCGCCCGGATCGCACCCGGCCT,0.723646
694,CAGCCAGTACACATGTACCGGGCCCGGAGC,0.976351
695,CGGGAGCAGTTCATCGCTCTGTACCGGCTG,-0.077068
696,CTATCAGCGCCGGGCATCAGATGATGGCAA,0.23656100000000002
697,GTCTGCGAAAGCCTTCCCACACAGGGGCAG,0.375271
698,TGCTCAACAGGTAAAGGACTGACTCGGCTG,-0.0036270000000000004
699,GGCGTGTACCGCGTGCAGATCCGCAGGATC,0.027855
700,TTGACCCAAACCGAATGGCAGCATCGGCAC,0.461025
701,CCACCAATAAGGAGCGACTCTTTGCGGCTG,-0.411375
702,GGGTGTTCGAGGTGAACCATTAATGGGTAT,0.105938
703,CGGTTCCGCTGTGTGAAACGAGCGCGGGGC,0.555956
704,CCGTAGTCCGGCACCGAGCCCTGGCGGCTC,-0.070378
705,AGGGCTACCACTGCACGGCGCACAAGGAGG,0.8728
706,GATTTGTCGTGTAAACAAGAATTGTGGAAG,0.47104700000000005
707,CCCTTGCTGTACGTCCATGCCCTGCGGGAC,0.058191999999999994
708,CAGGCGCTGGCCCTACGGCTCGGACGGCTG,0.34327399999999997
709,TGGCCTGGTTGACGGCAGTTCGGACGGCGC,-0.560513
710,TCTACGTGCCCTTCTCCAATGCGACGGGTG,-0.19204300000000002
711,GGCGGCGGCTGCGGACTCGTTCTCAGGCGG,0.036860000000000004
712,CACCCTCCGAGGCCGACGCCATTGTGGAGT,0.018568
713,CAAGTCCGATGCTGATGTAACCAGGGGTCC,0.052432000000000006
714,TGCAAAGACTCCATATAGACGGTGCGGTTG,0.145541
715,GCCGCGTTACAGCGCTGGCTCCGGCGGAAG,-0.280236
716,GGAAGCCACAATATGACATTACGATGGAAA,-0.087536
717,GAATGGCAAGCATTGGATTACTCACGGTCG,-0.084185
718,GAGAAAGAGTTCGCACCCTCGTTCTGGGAC,0.129278
719,CGGCGGCTCGTGCTGGCATCTACGGGGATA,-0.505726
720,AAACCGATGGAACAGCTCGTAAATTGGTTT,0.127327
721,TCATGGTGGCTATCGTGGCTGCATCGGCCA,-0.08817799999999999
722,AGCACTATGGAGTGTACAGCTGCGAGGGGT,-0.211732
723,TTCTCACTTCATGAAGTTTCCCGCAGGCTA,-0.622475
724,TGCAGTGCAGCGCTACCGTGCTCAAGGAGC,0.391944
725,TCTCGTCTTCGCCCTCGCCCCCATCGGCCA,0.289304
726,TCCAGTGCATCGCCACCATTCATAAGGAGC,-0.256605
727,TACGTCAACTATGATATCATCGTCCGGCAT,-0.030175
728,TTTTCCACCACAATGGCGCAACAGAGGATG,0.296516
729,GACGATGACCTCGCTCACCGGCGCCGGCCG,0.672917
730,AACCTCAGGCTGTTCTCCCTCGGCGGGAGC,-0.017102000000000003
731,AGCGACGCAACAGTAACGTTAGTCAGGCCA,0.382158
732,TACAAGGAAATCTTTACCGCCCTCGGGCCT,0.806403
733,CCTGAGTGCTTGCGCCCCTTCACCCGGGAG,-0.356478
734,TGCCATTGACAGCGTAGATGTCGGTGGCCT,-0.188256
735,CCGATGACTGCCATCGGCCTTTGGTGGTTT,0.139282
736,TGGCAAACAGCTGCCCTTCATCTATGGGGA,-0.60324
737,ACGGGGCCCGTCGAGCCCGTAGCGTGGCCT,0.335421
738,ACAACACCGCTCCCTCGTTACCTGTGGCCC,-0.508931
739,GCAGCAGCGCGAACAGACGGGCGGGGGCCA,1.28619
740,GCGGCGGTGGTCGCCCTCTCCTTGAGGCGC,-0.447329
741,GAGGGGGCGAGTCAGACTTCCTGCCGGTCT,0.201973
742,TGGTCATAATAACCTGTAGAATCGAGGCCC,-0.035963
743,CCGGGCGGCGGAGAACGGAAGTCGTGGAGG,0.6398010000000001
744,GGCGTTGGGCCAATACACCAGCCAAGGGAG,0.654594
745,TCCGATTTTTTGGACCAGTTACCACGGTCC,-0.7712979999999999
746,CTGAGGTCCAAGATGTTGCAGACCGGGTCA,0.166141
747,GGGGCTGTATTATAATGTGATCATCGGGTG,0.355811
748,ATGGCGAGCTCGACGTGGAAAATGGGGATC,0.288456
749,GCGCCTTGTTGTCCCACTTCGGCCGGGAGC,-0.33453299999999997
750,CCCTTCCACGTGTCCCGGTCGGGGAGGTCT,-0.6031479999999999
751,GAACTGTAGCGAGTTGGCCCACAGCGGCCG,0.41373000000000004
752,TGCTTCTGGCGCGGATGAACCCGCAGGTGC,-0.034932
753,GGGTCTTGCAAACTCAGTAGCCCGCGGGCG,0.7003010000000001
754,CTTCCCCTATCGAGCGTACACCAATGGAGG,-0.541949
755,GGGAAACTACCTCCGTATGTTCCGAGGTTC,-0.23723400000000003
756,CAGATCACTGCGAAACCTGCTCGACGGTGA,0.014006999999999999
757,TCGATCGACTGTGTTGGAAGGCATCGGAGA,0.61716
758,TACCGCACCTCGCCCGACACGCTGAGGCGC,0.068
759,CCACGTCGCACTACAGCTCGGCGCAGGGCG,0.791813
760,TCAGCAACCGTCGTATCCTGAACAAGGCTA,0.47397399999999995
761,CCCGTTCTGGGACGCATTTCGCCCTGGCTC,-0.7669560000000001
762,CCATGGACATGCTTCATCCATCATCGGTGT,0.127672
763,CTGCAGCCAATGCCAGTAGCGCTCCGGCGG,0.252988
764,AGAACATTCGACTCTTGCAGGAAGCGGCTA,0.655149
765,CTGGGGCCGTGCAAAAGGATATATAGGCTC,0.47136300000000003
766,GTCATCTACCAGCCGCGCCGCAAGCGGGCC,0.541367
767,TCCGTAGATGGCGTGCAGTCCCGGGGGAAA,-0.303805
768,CCTACGTTGCAGTTCACTCTTCGTTGGACA,-0.26005500000000004
769,AAGGCACACCACTACACCATCGAGCGGGAG,0.253208
770,GCAGCTGTGCTACGCGAACGTGAATGGGTC,0.069656
771,CTGGGTCCCGGGTAATTCTGTACACGGCGT,0.13774
772,AGATGACGATGGCATTACCCGTCACGGCCA,0.203344
773,CAGCTAGCGAGGCGGTCAGGTTCACGGCGT,0.433342
774,CAACAACAAGTCGGATCTGCTGCCCGGGCT,-0.143208
775,GGCAGTGAAGCGCGCTTTCATGCTTGGATT,-0.801614
776,TTTGTCGCGCCACAGAATCAGTAGGGGCAC,0.240441
777,AAGCAGACATTTGTAGTGATGCTCCGGTGT,-0.136722
778,ATCAACATAATGCGGTCACCAGTGGGGAGT,-0.44744399999999995
779,TGCGAGAACACGCTTCGAAGCTTGAGGTTG,0.756432
780,GAATCCCCAGACGGAAGCTCATGTAGGTGC,0.08540199999999999
781,CCTGCTATTGCTACCAGGCGTAAAAGGAGT,0.514108
782,CCATGTGGCCCAACGGCAGTTCCCTGGGGC,0.289662
783,TATAGCGGCCATGCGTTGTTGCTGGGGATT,-0.685964
784,AGGCCCACAGGCGGTCCGGGTGGTCGGTGA,0.242946
785,TCAGTAGCCATATTCACCATCCACCGGATC,0.611733
786,CCCTGCTGCGCAGCCACTACCGCGAGGTGC,-0.160651
787,CACTGGTCGTAGCCAAATCCAAAAAGGTTC,0.079649
788,ATGTCTCATGCGGCCGAACCAGCTCGGGAT,-0.12592799999999998
789,GCCAGCGGTAGCAGTGAGTCGTCCAGGAGC,-0.29067800000000005
790,TAGCCGGCCTGTTGCTGGTACTGTTGGTAC,-0.224241
791,GTTCAGCCTGGCTCGGCAAGTAGATGGCGA,0.323621
792,TTGAACGAGAGAGAGATCGGCTTCGGGACC,1.1175959999999998
793,ACAGTGGTTCTAGATGACTCGAAGCGGGTG,-0.004442
794,GGGCGTTGGTCGCCACATGGGCTTCGGTGA,0.6506390000000001
795,GGCCCGGGCGGGGTGCGCACGATACGGTCG,0.360075
796,GGGTCACGCAGAGCCCATTAGCTTCGGCAT,-0.223703
797,CGCCTCGTGGTTCAATCCTCCCCGCGGAAG,-0.18998299999999999
798,TGGAACAACGGGGACAGAACGCCCCGGCCG,0.316233
799,CCCGACCGCCTCGAGCGCTCGAGCAGGGCG,-0.082349
800,GCCGCCGCAACACCGAGTGCGCGCCGGGCC,0.677094
801,CCTTGCATTCGCACACGCGGTTGTGGGTGC,1.053707
802,GGAGCGCGGACCTGGACAAGTGCATGGACT,0.422075
803,TCATAGAACTTGCCTTGCTCCTTGCGGCAG,-0.127854
804,TTCCACCGTGTACTCGAGGCCTCTCGGAAG,0.02206
805,GCGCGTTTCGGGCCCTGTGCGGCCTGGCGC,0.256006
806,TCAACCTCGTGAAGATCGCGTCCACGGCCT,0.20839899999999997
807,AGGTGGCATTTACACCCTACGCCCCGGAGC,0.005202
808,CTGGCTTACAGCCACAGCGGGTGTCGGCCA,1.20175
809,GGGGACACCTACCCCAGCAACGACCGGTGC,0.787963
810,CGGGGCAATCACGCCGGCACCAGGTGGACA,0.40007800000000004
811,AGCCAAGTAACCTTGTTATCATGCCGGACT,-0.37717399999999995
812,GGGCTCGACGCTAGGATCTGACTGCGGCTC,-0.064414
813,CGGACGAGGCGGAAGACCGCGCGCAGGGCC,0.757058
814,TGCTGATCAGCAATCCGAGATCGATGGCCT,0.267056
815,GGGAGCGGACAGAGATGGCGGAGTCGGAGC,0.656686
816,GGCGAACGGCGACGAGCCGCTGACCGGCGA,0.445892
817,GTTATGGCCGCAGTCGAGCATCATGGGCTC,0.194969
818,TGGTGCCGCGGTCATTGAACATGAAGGCCG,0.054276
819,TCTTCTATGAGACTATTGTCATCTCGGTAA,-0.276808
820,ATGCATTGCTCTATGCCATACGCAAGGAAG,-0.272318
821,TTCTCACGGAGAACTGTCTGCCGCCGGTGA,0.226483
822,AGCTCTTGAGCGAGCCCCGCTTGAAGGAGC,-0.18571600000000002
823,GGCTGCTGTTGCTGCGCCGGAGATTGGAGA,0.500287
824,CGTAGGCATCGGTGGGCTTCTCCGTGGTGT,-0.769255
825,AGTTTGTACGGGTGCCGAGCGGAGTGGCCC,0.035551
826,AAGGTGTTACTGTGGCCGACTGATTGGAGA,-0.5345340000000001
827,TTTATGACTCCATAAGCATCCGTTGGGCTC,-0.029793
828,AGGGTGACTCGGAGGAGGCTTTCCCGGTGG,0.005319
829,CGATGTCCCCCTGCCGCCGCTCGATGGCGA,0.264388
830,TAGGGTGGACTCCAGCAGATCGATGGGGTT,-0.134365
831,CGTCTACCGCCCCCTTAAGTTTCGTGGTGG,-0.139145
832,GGCCGCCCGTACCGCTTCCACTTGAGGCTC,-0.33910100000000004
833,TGGACGAGATAGACTTCCGCCACGTGGCCT,0.500308
834,AGTCTGCGTACTGGGCGGTAAGCTGGGGAT,-0.17796199999999998
835,TGCTGTTCTCATCGCGTACCACGAAGGTGT,-0.770991
836,CTTGGGGCGCTGCACGGTGTCCAGCGGCCG,0.145263
837,CGGTGAACTCGCGCGAGCCCTCCCAGGTCA,0.442191
838,TCGGTGCAGCTGCGGCTTACATTGCGGCCT,-0.8239860000000001
839,GGTGTAATCTTCTGCTGTACACTGCGGCTA,-0.467865
840,AGTCCTGCTCGTAACCTTCGAAGTCGGACG,-0.058847000000000003
841,TGACATCACGAGTTCACGATACCGTGGGCT,0.037481
842,ACACTCGCGGTTCACCTCGCAGCTCGGAGT,-0.088769
843,TGTACCTATGGATCGATGCTCACCAGGCAA,-0.23948200000000003
844,TCTGTGTCTAGGTCCTGCGTGACGTGGATC,0.598435
845,TCATGACCATCCACCGCTACCTGTCGGTAG,-0.177177
846,AGGCGGCGGCTTTAGAGCAACCCGCGGAGC,0.47504700000000005
847,ATGTTCTTGAGGTACCGAGCCTTGCGGTCC,0.278298
848,AGTGAAGTAGACGTATACCAGACAGGGCTA,0.752616
849,AAGCGTCCGTTACCCAGAATATCACGGTGG,0.011271
