CCTTACAGGGCGCTCCATATTCGCAGGTGC	-0.243925
ACCTTCTCAATTAAATCTGACGTCTGGGGT	0.271465
TCGGCATGATTGCCAACTCCGTGGTGGTCT	-0.078510
ATAGTTTCTTTGGTCCCACGCCTGCGGCAC	0.266167
CTTACCCACTACTATGATGATGCCCGGACC	0.147237
ATGTGCGCACCTGCATCCCCAAAGTGGAGC	0.489004
TTCCTGTAGGAGCACTGTCGACCCTGGCAT	0.441128
TGGCCAAGCCGTGGAGTGCTGCCAAGGGGA	-0.582444
GCTTGCGATGCCGGTACATCCAAAAGGCCA	-0.356497
CAGTAGTGGTTGACGAACTCGGTGGGGCGC	-0.177153
GCAATTGCTGTGGACCGCTACCTCCGGGTC	0.134069
TCATGGGCTCCTCGGTGTACATCACGGTGG	-0.122006
TGGAGACACAGGACGCGCTGTACGTGGCGC	0.440513
CTTGGAAATGTTCACCGGTGCCGGCGGTTG	0.142580
TCGAAACTGACGCTCAGGAGATCGCGGAAA	0.818439
CCGTGTTCACGAGCCGCGCGCTCAAGGCGC	0.470004
AGTTGTACTCCAGCGCGCGGCTCACGGCCC	1.100444
GCCCGCCGAGTACTGGCCGCGCGGCGGCCC	0.325491
CCTCCGAGCCCGGTAACCTGTCGTCGGCCG	0.637561
TGGCACCCAATGGAAGCCATGCGCCGGACC	0.402272
TCTGGAGTCTCGGAGTCCAGGCGATGGCCA	0.823886
CAAGAAAGGTGACCGAAGAGCTGACGGAGA	0.681983
CAGCAGAAACCGACCGCGTATGTGAGGCCA	-0.308839
CCTGTCCGTCCATGGGCCGCACATAGGCAG	0.307283
GTCTACACAGCTATGGAATACCGCTGGCCC	-0.113964
TCACAAGCCCGAAGTGAAGACCGCTGGTAA	0.406213
CCATGAGCGACGTGGCTATTGTGAAGGAGG	-0.801600
ATGGTCGCCAACAGCCTCAAGCAGCGGGCC	-0.005752
TGACCTCTCCAGTGGACGGATTGACGGTGG	0.027978
CCGGGCGTAGACACGGAAGAGCGAGGGCAC	0.526375
CTCTGTAGTTCTTTCGCTGTAGCAGGGCTG	-0.096078
ATCATCTGCATCATCACGCCGCACGGGTTG	0.031037
TGGGGAACAACCAGACGGCGGTCCAGGACA	0.932411
CCACGTAGAAGGCGGCTCGGAGAACGGAGA	0.486444
GGGGAGATGCTCCACATCCGCTACCGGCTG	0.584420
AGCCTACGAGGAAGGCCAGCGTCACGGCGG	-0.100253
ATGGCTGCACAAACCGTTCGTACCAGGACA	0.190866
CAGCAGTCGCTGAACTCGAGCGCTGGGAGC	0.238611
GGAGCCGGACCTGAAGAACTCGAACGGGAA	0.165761
GTGGCGTCCAGCCGGTGAGCATCCAGGCCT	0.424599
TGGCATCCGCCACATCTTCGTGTATGGGCC	-0.178109
GTTCGCCAGCAACTGCTCGATGCACGGGCT	0.238957
TCTCTCTCCTCGATCGTCTCCTTGTGGCTT	-0.538299
TGGCCCCGAACGGCCGGCGCCACACGGTGA	0.605823
AACTCCCATCTATCAGACTAGCAGCGGACA	-0.053248
TGGTGCTGGCGACCGGGGGCAACCTGGCTG	0.495146
GCATCTTCGGTGAAACTTGCTCCGAGGTCC	-0.576154
CAGGGGGTAGATGCCGCTCAGGCCTGGAGT	0.422646
GAAAGTTCTTCGGCTACTTCTCCGCGGCCG	-0.597402
CCTGGCGGTTGAAGCGCAGGTAGAGGGAGT	0.550840
AGAAGTCGTCGCCGGCCTGGCGGAGGGTCA	0.304481
GAGCTCGACATCTACAACAACCTACGGCAG	0.406159
ACTGGATACAGCTGTCAGCCGGCGAGGCCA	-0.129044
GGCAGGTCGGTTCGAGCCGAGACGAGGAGC	0.280717
CTGAGAGTTTGTAAGGAGCGCTCCCGGTGC	0.688207
AGCTGTGAACGTTCCCATACAGGGGGGTTG	-0.208119
CCATGGTGGACCCGGTGGGCTTCGCGGAGG	0.081440
TCCTGCCCCGGCGGCAACTGAACGTGGCAG	0.160886
CTGATGACACAAGCGGTGACGTTGTGGCCC	-0.228832
ATCTGTTGGCGACAGAAAAGTCAATGGCCA	0.307907
TTTAATTGGCCGACCTTCCTTGATGGGTTG	-0.536968
TTTGTTGATGGACCTATACACCACAGGGCT	0.216333
CCACCGCCACGACAGTCGCCCCCGCGGGGA	0.089925
GGACATGATCCGCCCTTGCCTTAAAGGTTG	-0.522398
GCATCAAGCAGTGCATCCGATCCATGGCCT	0.649575
AAAAGTCTGGATAATCTAATGAGCTGGAGA	-0.288189
GCCAAGCGGACCATCAATGCCATCTGGTTC	0.491465
TGGCCCGCTTCGGAGACGAGATGCCGGCCC	0.744684
CGGCCGCCCAGCTCGTCCCCGAAGCGGACC	0.338862
TCTGTGCTTTCGTCTGCTTGTAGGCGGCCG	-0.068399
TGGTTTCTTCGCTTAGGGGTCCCTAGGCCT	0.400859
CCTGGTTTGAGCGCATCAGCATGTTGGTCA	0.526566
GCATGTACCAGCCGTGCGACGACATGGACT	-0.138400
CTGGATAATATCGAGCTAGGCCAGTGGCAC	0.307588
GAGCAGGAGGTCGACGGCGTGATGCGGATT	0.398654
AAAATCCATTGCTGCTAAGTACTCCGGTTC	-0.017867
GCCTTCTCGAGCTGCGCTAATGCCTGGCGC	-0.391632
CATGTATGACGACTCCTACGTGCCCGGGTT	0.225852
GTCCTCCTCCTCCTACGCCAAGAACGGGAC	0.335354
GGATTTGTACCAAGCGCATCCCCATGGACG	-0.443125
TGAAGGCAGCGAAAGCACCAACGGTGGTTA	0.501999
GCACTGAGGACGATGTTGTTCTTGCGGCTG	-0.568456
TCGGTGCTGACCGCGATACCCAGGAGGCCC	-0.035959
CAGGTCGGGAGAAAGGTCGCTGTGTGGCCT	0.228363
TCCTCTTGGACTTGTAGACGCGGGAGGCCG	0.319861
TTGATATAGCGGCTGAGCATGTGCCGGTTA	0.432413
GCAGACATCATCGAGTATTTCCGCTGGAAC	-0.423318
CCTCAGCGATGCCGGACTCCCCAGCGGAGG	-0.208488
GCTTCTCTGGTCGGGCACGACGCGCGGCAT	0.089288
CTAGAAGAGCAATGCGTCGACCCCCGGCTG	0.402774
TAGTCCCTTGGAAGAGCTTTCGACAGGCTC	-0.406386
GTTGGTGAGCTCCTCCAGGCGGAACGGCGA	0.252164
CCAGCACGCTGAGCAGGAATATCAAGGAGT	0.262528
CCGGGTCCGGTTCCCTGCACGCTCCGGTTC	0.379247
TGGCATCGGGGTACGCGCGGCGGATGGTTT	0.959958
GCCCTGCGGACCGGGTCCACCTCGTGGCAC	0.010809
CGGGGTACGTAGCGCTCCTCCAGGCGGAGC	-0.222692
GGCCTTGTAGCAAAGCTCCGGCAGTGGCTC	0.323103
CTCCAGCTATATACTGTATCCTCTGGGTAA	-0.711395
GTTCTGGTCCTGTTCAAATACAAGCGGCTC	-0.084571
AGTAGGCAATCGGTACAAATAGCCTGGAGA	0.429344
TGGCCAATTACACGCTGGCACCAGAGGATG	0.116018
GGTGTACCGCTGCATGATCAGCTATGGTGG	-0.235189
CTGAGACGACCGAGCGGTCAGCGAAGGGTT	-0.157998
GTGCAGCCGCGGAGCCCTGTACACAGGCTT	-0.036876
GGAGGACGCGCCACCAGGTGACGTTGGCGT	0.441724
GGTGGCTATGAGGTGCCGGACAGGTGGCGC	0.424789
TTCTTCTGGATGTTGTACTGTCGCAGGACG	0.158997
ACACCGGGCCTGACCCCGTGCTTGTGGGCA	0.065568
TTGACGCCGAGAGCTACACGTTCACGGTGC	0.649704
GCGCTGACCAGCAGTACGAATGCGTGGCGG	-0.011262
CGCGCGTGCGGCCCGCCGCGAGTGAGGGTT	0.349265
ACGAAGTTCTGCGGCGCCAGGTTGAGGCCG	0.429354
CCATGGAGTCGGCCGACTTCTACGAGGCGG	-0.425825
CCGGCCCGGCTGTACCTACGCGGTGGGCGC	-0.085889
CCCAAGGAACGACAGGGCCCCACTTGGTCT	0.427375
CGATATGCGCCCTTGGCCCCGTAGTGGCAG	0.291531
ACTGGCTGGAGTTTGGCATCGTGCTGGTAG	0.037642
AGGAGCAGCTGCTCAAGTACTCGCCGGACC	0.264490
GCTGCTATCAATAAATCTTGCTGACGGCCC	0.349292
CCCATGAGCAGGTACGTGGTATAGAGGTTC	-0.216494
CTACCTCCACGGTGGTATTAGTTGGGGTAC	-0.639177
CAGACGGTACCACCGATGACCCTCTGGGAG	0.132321
GGGATGATGACGTGACCAGGCGCACGGACT	0.809875
GAGTGGACAGATGCCTACCTACGATGGGAC	0.238647
TGGGCTCCGAACATGAGACCCGTCTGGTGG	0.604035
GGGGCTACAACCGCTGGGCGCGCCCGGTGC	0.871182
GGGTCAGACACGTTGGCTACAGGCCGGATG	0.193927
CGGGTCGGGACCACTTGTTGTAACCGGAGA	0.330079
TGGAAAACGTTTCCGACCCTGTCACGGTAC	-0.001711
AGATAGGCATCGTGCCAGATTTGGCGGATC	-0.361048
TATGATAGCTCCGTGCGGCCAGCGCGGGAG	0.161476
CCTACGACCGCACAGAGATCGACTTGGTGC	0.004068
TCATCAGGATTCCAGCGTAACTTGTGGTCT	-0.103553
GAATGGACTGATTACCGCCTGACCTGGAAC	0.504246
GCTACAACAAGGAGCTCCGGCCCGTGGCAC	0.763004
AGGATTACCGACTCAACTACAGCAAGGACG	0.091041
TCTCGTTCCGCGGGCCGCAGGTTGGGGTCG	0.483074
GAGCAGTCGCTCACTGGTCTCACTAGGAGA	-0.374158
GAAGCCTTCTCCGTCTGGCGGGATTGGAGA	0.543677
CTCTGTGATGATATTAGTGACCAGCGGAGA	0.475679
GCCCTTTGAACACTGCACCAGCTACGGACT	0.368392
GGTCTGCTCGTACTGCAGCGCCCGTGGCTC	0.451101
ATAGCGGTTGCTGGAATGTCCATCAGGTCT	-0.215026
TGGCAGCAGGTTCCGGGATACCCGAGGTCA	-0.236955
TGGAAGCGAATTCTTCCCGGGCGTAGGCAT	1.007523
AGGGCGTACCTTTCACCCTCACCACGGTGG	-0.049042
GGCTGGAATCGATGGAGAAAGCATCGGCAA	0.175599
AAGAAGAGCGAGGTCCCCGAGTGATGGTAG	0.704264
CTTTGAATACGGTTGCTCTTGTTACGGATA	-0.468946
ACCCTGTGGGGTATAGCCGGCACATGGTGG	1.019091
ATCTCGAGTCGCTACGTTCGCACCTGGAGT	0.024814
AGGTGGAACCAGAACCGAATCCTGAGGAGG	0.089579
ATACCATCGACACGCTCAACATGCAGGTGG	-0.008728
CGGCTATCTTTGCGGTGGAACACGTGGAAG	-0.347668
ATCCTGTCCTCCCACCAACTCCGCCGGAAG	-0.126185
GCCCAGGCGCTCGTACTGCACATGGGGTGC	-0.147114
CTTGGCCGTGCGTCAGGAGGGCGGTGGCCG	1.054879
GGGCAGCTGTACTAGAGTTACGGTGGGAGC	-0.052820
TGGACGCCGTCTTGGAACCCTTCCCGGCCG	0.148358
TGTGCTGTCATTCGCCGAGAAACCGGGCGA	0.433671
GCTAGTGCGGTACTGCTGCAGAGCCGGCGC	-0.016670
GAGCAACGGTGACCTTGCGATGTGTGGGCA	0.544647
TACTCGGGCCACGTAGGTGCTGCTGGGCAT	0.295465
GGGGTCCATGGTCCGCAGCATGGGGGGCTC	-0.075620
TGGAAGACTGGCGGGGACAGTTATAGGAGG	0.344377
TGGGCAGTTGATGCCGTGGCAAACTGGTAC	0.136602
CTTTAATCTCGACAAGCTCATATGTGGTTA	-0.050029
AGTCATCAATAGTGTCATGGCATGTGGCAG	0.309688
TGAGAAACCCGCAGCCCCGATTCTGGGACC	0.209495
TCCTGGGGCGTAATACAATCTCGGAGGTCT	-0.240201
GGGTTATTCGAGTGACCGAGACCGCGGCCG	0.301146
GGCAGCTCTGGCCGATGGAGCTGAAGGCGT	0.337085
AGGTGGAAAGCGGTGACACGCCAAAGGACC	0.750842
AGCACTGAACGTGCGAGACAATGTTGGGGA	0.227303
AGCCAACAGCGAAAAGACCAATAACGGAAT	0.443555
ATGGATGCCCAAATGCGTTAAGTTCGGATG	0.047906
TGTCTCTGATGTGCTCAGCCCGAGCGGAAT	-0.175299
TTTCTTACTGCTCATGGATTACATCGGTAT	-0.415204
ATTCTCGCAGCGTTTCGTCAGAGCCGGACC	0.319822
AGCGATGCGACCCTCCGGGACGGCCGGGGC	0.803738
AGGTTCAACCGGTGGCTTTTTGGAAGGTGT	-1.387643
GGGTTAGCGACGGCAGCAAGGTGTCGGTGT	0.767826
TACACCACCCTATAGTGTATATTGTGGATT	-0.449842
CTTTCAACCTCTACTATGCCGAGTCGGACC	-0.346010
CAGCTGCTCTGTTCTCGACAGCTTCGGGGA	0.208166
CAGAATAACTGGCTACGAACTGATTGGATC	0.128096
ATTTATTGGATTCACGCACTGTCATGGGGG	-0.307712
CGGGACCTCGCGCAGGGGGCGCCCCGGGAC	0.505883
ACTATACCCCGATACGAACATACCAGGTGT	0.117376
GCGCACGAGCTGGGTCCCCCGAGACGGCGC	-0.166477
GGGCCCCCCGCCGGTTGATGAAGGTGGTGA	-0.054676
ACGGACCAAGTTTATCCGGCGCCGTGGCGC	0.070298
ATTGCACCCGATGAGAGCTTCTCGCGGCTG	0.059756
CCGTCTTCTACTATGAGAGCGATGCGGACA	0.481206
AGCCAATCTCAGATGTCTCTCCGGTGGTGT	-0.421886
TCAGGATACCTTTGCCATCTGTGTCGGCTA	-0.669466
GTGACAGGGGTGGTATTGTTCAGCGGGTCT	-0.502905
TCTGGTATTGGTTCTCAGCATCGCCGGTCA	0.176699
GGGTCTGGGTGAGCCTTCTCGTGGCGGCGG	-0.364629
CCAGGCTCAACGTGGACGGGCTCCTGGTCT	0.918810
TCTTAGCCAGGTGTGGCGTTCCGTAGGCAC	-0.300930
CGTTCCCTTGGATCTGATGCAGTAGGGCCA	0.060744
GAACCGTTGCGCCAGCCCTGTTACTGGTCC	0.340538
TCAACTCATACACCGAAACCTGACCGGGCC	0.249725
CGCTTCGCGCAAGCTCCCATTTCCGGGCGA	0.130194
GGAGATAATCGCCCCAGTTACCATCGGCAA	-0.103656
CCTCGGTCCATGCCCCGGCCACCACGGAAG	0.043118
GTGAAATCGAAGCAGGACTCCATGCGGCAC	-0.077365
GGCCACCACCGGACCCTGAGGCGCAGGACA	0.095505
GAAGTGCGCCTGGGAGCTGCTGTTCGGTGA	-0.189318
CAGGTGGTAAAGACTATCGGCCTCCGGGAA	1.231088
AACCTTACCCATTAAGACCTTTCGTGGAGC	-0.023112
GACCCCCAGCGTCTACGACGAGAGCGGGAG	0.623360
GGTGGCCGCCTGCTTCAGTCTGTGCGGCCC	-0.526079
AGGCGGAGTTCGGGACCCACGAGTCGGACA	0.270972
TCCCATCACGGGGGCCGTAGTAGAAGGCCA	-0.143045
TAGGGGATTCCCAGCACGCTGATGTGGGGA	-0.053252
CTCGAGCAAGCGACCCCAGTCGAAGGGCTC	0.131321
CCCACTGCAAGGCCCGGCGCACGGTGGCGG	0.574882
AAAAGAATGACCGGCTCGTTCGACAGGCCA	-0.355560
ATGAACTCCGTCCGAGCCGCCAACCGGAGA	0.300727
TCCTGTCAGACTGGAGCACGTACCCGGAAC	0.453343
GCTGCTGGCTGACCGCGCGAACGCCGGCTG	1.017485
CCCAGCGCAAAGGCGGCCACATAGAGGCCG	0.332005
CAGACGACCTTGGGCAGGTACCAGCGGAAG	-0.347909
CGGGCGACGCGCCCTTGCGCAGCCTGGAGC	0.815713
GGGGTTCTTCTGGTTCGGCCATCACGGCTC	-0.034351
GCTGAAGAACGGCAGGGAGTTCCGCGGCGA	0.178912
GGTAGGAAGCTGGCAATCTCTAGGCGGCCC	-0.361710
CTCTCTGGGTCGTCTGAAACAAATCGGCCA	-0.156870
CCGGCGAGGTCGAGCGCCTAGTGTCGGAGC	-0.099286
TCTCTGCCACTTCTGCGAGCTCCACGGCCC	0.090173
CCAGTCCCTCTTTGACTCAGCGTACGGAGC	0.137687
GATGTTAGGTGACGTAACCCGGCAGGGAAT	0.197924
GGCCATGCCGGCGTTGGCGCGCGACGGCGG	0.523791
GGCGATTTGAACGCGATTGCAAAGAGGCGG	-0.171967
TCTCCGCGCTCTCGCGGATCGCCATGGCGA	-0.433009
GCGCGGCTGCCAACCCCGACGCCGCGGCGG	0.141042
AGTCGGGATCTAGGTCTATGATCGCGGCAG	-0.331616
CGAAGACCGCCGCACTCTAGTAAGTGGTTG	0.124325
TCCAAGGTCCGACGATCACCTTCATGGCCA	-0.104101
CTGAGACCATTCGGAATGGTAGGATGGCAC	-0.290510
AGATTCGTGCGACGGCGTGGAGTGCGGCCC	0.515810
GGGATATGGCTCGACTGGCGGCTATGGCAG	0.219651
TCCAGTTGCACGAGTTCGCGCCGCTGGTGG	0.335499
ACCGCCGGCGGCCCGGGACTTCTTAGGCGC	-0.220791
CACAGATAGAGCGGCACGGCGGGATGGCCT	0.044561
GCCGCGACGCCGAGGTCCTCTGCATGGATT	-0.494906
GGCGGGCGGCGCGGCACTGGAGATCGGCCG	0.500791
ACCAGATGGAAGTCGGGGTCACACCGGAAA	-0.092173
CTCAGGCGATTGTCATAACCATCTAGGAGT	-0.011989
CATAAGCGTTGTTCTGTATCATAACGGAAG	-0.649660
CGATGAATGACATCGGCGACTACGTGGGCT	0.013608
TGCTGTTCAATCGGAGGACTTTAATGGTGC	-0.412929
AGACATCTCGTGGACTTCTCTTCCGGGCCA	-0.661532
AAGAACCTTGATGTGACCAAGATCCGGAAG	0.673900
GTTCTCCACGCCGATGCCGAACAGCGGCCC	0.473546
CACCATGAACGTCTCGGGCTGCCCAGGGGC	0.155623
CGCGGGCGTTACGCGGCGTGCGCAGGGCGC	0.222388
CAGCCAGGTGGAAGGATGACCGTCTGGCTT	-0.204156
CAGCCGGCATATGGTGAGCCCCCTGGGATC	-0.104670
GAGGTGGCGCCCGAGCAGCCGCGCTGGATG	0.317483
ACAGATTCGCGTGGATGGCATTGCGGGTGC	0.154998
TGTGAAACGGGATTGTACTATCACTGGCTG	0.231309
AGACAGGCTCTAAGGGGCAGACGGCGGGGG	0.614311
GACTATAGGGTCAACATCTTCCTGCGGCAG	-0.765708
GGGCACTCTGGCAGCACTCGCGTCCGGGTT	0.256987
CGTGGTTAGTAAGGATCATTCCCTCGGTCG	-0.328011
GGCTATCTACGACCTGAGATCTGCTGGCTC	-0.014843
ATGAGAAAGCGTGCCAAATGATGTTGGATA	0.253911
CCTGGTAAAATTCCGTAACCCTTCCGGAAC	0.187378
GGTGCACGATGTAGGTGACGAAGGAGGCCA	0.348152
AGGGTAACGGTGCCGTTAGGCAGAAGGCCG	0.152629
TGCGTGGCGTCTACTCCAGATCGCAGGACC	0.412238
CGGCCGTGCTCTCCTTCAGCACCGTGGCGA	0.142299
ATTACTGTACCGTTAACCATTGACAGGTAT	0.547136
GAGTCCTTGGATGGCCTTATTCGGAGGTCC	-1.127118
CACTACATCGAGCGTGCACTGCCGCGGACC	-0.493480
CTGGTGACCATCCTGCGGAACCAACGGCTG	0.321339
TCTTTAGCCCCTCAATTCTGCCGCCGGCGC	0.403158
TGTTTTCTGCACCTATCCGAGCTACGGCGT	0.780600
AGATGACCAGGTCGTACCACCAGACGGCAG	0.118231
AGACCCTCATTCCACTCGAAGTCGGGGCGC	-0.219357
TGCCCGGGATTCCCAGTGCACTTCAGGGCC	-0.045503
CAGCAGCACCACGGCGCGCTCCGACGGCAC	-0.279056
TGGTCCTCACGGATTCCAGCCGAGGGGCGT	0.136969
AGGACAATGCGTTGGAGCGCAGGGAGGCCT	0.370028
CAAGATCTACCGAATACAAGAACCCGGATT	0.789538
TCACATAAGCTGATGCGGACGGTGGGGACA	-0.088800
TGCCAGCGAGCCGCACAACGCGTCCGGCGC	0.769772
CGGCCAACGTGTTCCTGATGCATCTGGCCG	0.339234
CTTTGGCGTACTTCGGCTGTACAATGGCCA	0.173715
CATTGCTTCGGTAACATTTCATAGAGGACA	-0.790732
GCAACTGAGGACCGGAAGCGAGCTTGGAAC	0.381257
CTGGTGGTGACCGATCTACTGGTAGGGCTG	-0.178101
GGTGTCGTTTCACAGCTCGCCGGAGGGCAA	0.255154
GCAGGTTCCCGCACGTGAGGTTCAGGGTGA	0.625215
CAGGTTGAGCAGGTAGACAGCGTACGGCTT	1.058259
TGGGGCTGACAGTGCGCCTCGCAGTGGGCT	-0.272063
CCATCGAGCGGTGCCAATCCATCCTGGCCA	0.138019
GGCGCGCTTCTCGCCCGCATGTCGCGGCTA	0.017965
GGCAATGGCCTTTACCGCCAGCATCGGCAG	0.167464
CCCAGGAGACCGCGATGATCACCTTGGCCC	-0.249726
AGGGCTGCCACGTGGACTCGCGCGTGGACC	0.414689
CTTCCGTACATGCTGACGAAGTAAAGGCAC	0.191750
TCGGAGTTCTCGATGGAGATGCGCAGGTCT	0.167477
TCTTGGCGATCACGGCCATCACAGCGGCAT	-0.352641
TGCACGATGAGGCGGTAGCGTGCCAGGCCA	0.278485
TCGAGTGTTGCAAACCTGACCGTCAGGAAC	-0.046362
TTCCTCACCTGCATTGCCGTTGATCGGTAT	0.055852
TATGGTCGATGGTACAGCTCATCGAGGAGT	0.219340
CGACACGCACAGGAGCACGTCCCACGGATT	0.412521
ACAGATTCACCAGGAGGACGCCTGAGGCTC	0.599526
TGTTGAGCAGCGTGATCATTATGTCGGCAA	-0.357095
TGGGTTTCATAATAGGAGTCAGCGTGGTGG	-0.271853
GCATCCCGGTGTCACTCCTGTATTCGGGCC	0.131190
ACGGCCTCTACACCATCCGTGATAGGGAGA	0.686736
TTCAGGCCATTGCGGCAACCATCAGGGACT	-0.429080
AGGTCGCACAGGGACACGTACTGAGGGAGG	0.057944
CGAAAGATCCAAGACTGCAGCCAGTGGAAT	0.946213
ACTGTATTCTTGATCGGCGCCCCTAGGAAA	0.368262
TTCATAACACCAGCCCCAATGCGTCGGAAG	-0.220323
CAGGTGCCATCTTCGAGGAGAACGCGGCCA	0.792225
CCTCAGACCGCCCCGCAAGTACTCAGGATC	0.322889
CAGCACCAAAGGCGCCGAGACGCGGGGCAT	0.308292
TCACTGGTGTCCGTGGTCTCGTACTGGCTG	-0.104244
GCAGGGCGAGCGTCAGCAGGCGCATGGTGC	1.069562
GTGGTGATTGTGCTGAACAAAGACCGGGAA	0.628522
GCCACCTCGTCGGAAGTGCCCACGAGGATG	-0.457064
GCCAGCTCGACGCGCCCGTGTTTGTGGCCT	-0.301026
TCGTGTTCTCGGGGCCCGCGTACGCGGCCG	-0.015388
CTCGGCTGTCGTCCGGAGCGCGGCTGGCCG	0.500942
CACCAGCTCCAAGCTCAGGTTGTGCGGCAG	-0.002312
TGGCAGGAGCGTCGTCTCAGCGCTCGGTGG	0.233887
CACACATCCTCGACAGTTGCTCCAAGGACA	-0.519949
ATGTGGGCGAATCAATGAAGACCGAGGGAT	1.079156
AGGTCAGCGACTGCTCGAGGGCATGGGTGT	0.911047
CCGCCCAGCGTCAGGCCGCCCGCCAGGCGC	-0.330547
TTGTGAGGATCCAGTAGAACTTGGCGGTCA	-0.082345
ACAACGGGTCGTGCTGCCGCATCGAGGGGG	0.531100
GTCCCGGCTGTTAGACGAAGAGTTGGGCTT	0.348834
CAATACGTTGAAGACGATCCAAGGCGGGGA	-0.038610
CGGCTGCCGGCGACCAGATCCTCCCGGAGG	0.090060
GGGGGGAGTCCTCCAATTTGGTGCCGGACA	0.322569
CCGAACCCGAGCCCGTCACGCTCCTGGTGA	0.687646
ATAATTGAGAAGCGCCGACGAGACCGGATC	0.668380
ATGGCTCGTACTAAACAGACAGCTCGGAAA	0.286301
TGGATGATGAGAGTAACAGCCCGACGGTCC	0.841727
CATGGTCAGCGTGAACGCGCCCCTCGGGGC	0.810932
TCATCTAGAACACGATTGGCCACACGGCTA	-0.003773
CTTAAGCCACCAATAAAGAGCTTACGGAAC	1.000469
TGCCAAGTTGTACTTACTACGTCTCGGGTC	-0.149953
GAAGTAGCCATAGGGCAGCGCCGCGGGCCC	0.534324
GAGGGGCGCAGATTTCGGCGAGCGAGGGAG	1.010700
CGGAGAGCCTTATGTACGTCTATGAGGACA	-0.588746
AGTCATGAACGACTTTGACGAGTGCGGCCA	0.758211
GGCTCAGGACCTCGCCCGAAGCTACGGCAT	-0.223650
GTGCTGTATGCCGTACGGAGTGAGCGGAAG	0.610939
GGCCATGGAGCGCGCGCCGCCCGACGGGCC	0.149809
GTGCTGAATACCCGCGCGACCGTCTGGATC	0.069201
CTTTGAGACCGGCGGCAACACTACTGGTAT	0.120888
GGAATACAGTAAACGCAGGACGGCTGGCCA	0.542288
GTGATCGCTGCAATTATTGTGACCCGGAAG	0.081066
ATGGGATTCTGGATGGCGACGTAGCGGTCC	0.029859
ATGTCAGTTACTATAGCTGCTACTGGGCTC	0.299715
AGACAATGACGTCAATGGATACGGTGGTTG	0.065061
CATGGATGTGGATCAGACGCCTTCCGGTCT	0.905761
GCCATAGGTTCTCAGTTGCCATGCCGGACT	-0.326471
TGTTTAATAGAAAGCCCTTCCGTCCGGTCA	-0.461335
CATCTCTGGACGTCCTGCTCACAACGGCAT	-0.026167
AGCACGTCGCACGCGATCCAAAGCTGGCAC	0.140996
AGATGAGCGCGATCAGCAGCGAGTTGGCCG	0.564577
CGGCTGTGGGGAACAGATCAACTACGGCAG	0.180683
ATAAGCATGACGACCTATGATGATAGGTTT	0.138914
AGCACTAGGGTCGTCGCGCCCAGGAGGACG	-0.335945
CGAGGCCTATGTCACCGTCCTAGAAGGATT	-0.145274
TCATCTGGAGTATCGCTTACAGGGGGGCTT	-0.592598
ACCTCAGGAGCGCCACTTCATAGCAGGTAC	-0.277563
TCCCCATCCCGAAACCAGGACACTGGGTCC	0.147449
ATGTCCGTGGAACACGCAGACATCTGGGTC	0.625127
GGAGTCGCAGGGAGGCGCCACCCGGGGCCA	0.312973
GAAAACCCGATGATAGTGCTGTGTTGGATA	-0.309449
ACCAGATTCGTACCTCACTCCCTAGGGCAG	-0.380249
GGTCACCCGAATAGCCCGGGCCTCAGGCAG	0.742376
AGTAACGACCTATCTGATGTCCAATGGTAC	-0.096386
GGGAGGCATTACAAGCGGGAGTTCAGGCTG	0.729488
GTTATATTCGTACCAACTATAGCACGGCCC	-0.182540
AAGTTAATTGGCTCCTCAAGGTCCCGGTCC	0.532686
TTGTTTGTGAGTAATACCAATCCACGGTGT	0.420234
TCTGCTACACCGATTACCTCCAGACGGTCA	0.112886
GCGGGCCGGAGGGCACCCCAGACACGGTCT	0.719938
TGACATTGGTTGTCCCAGGACGAGTGGCTA	0.023439
GAACACGACAATTCTGACGCCCAATGGGAA	0.615901
TACATGAGCATCTCTACTTGCGAGTGGAAG	-0.018269
GTGAGTGGAGCCAACCTATTTATGTGGGTA	-0.850795
AGTTCTCCTGCCAGTTAGCAGTCCCGGAGG	-0.034632
TACCTCTTAAATAGGTGCGATGCACGGTAC	0.207338
TGAGGCCGCGGAAGTCCTCCCCGGTGGCTG	-0.239075
GTGGCTGATCGACCAGATCGACAGCGGCAA	0.667151
GTTGCGCCGCAGTGCGAGTTCCTGAGGATC	-0.525582
TTGGAGACATTTGTTCTCTGTACGCGGAGG	-0.085950
GCTGATTGGCGCAAGGTCGTACGAAGGAAA	-0.062250
TTAGTGGCGGCATGATTTTGTGCACGGATG	-0.252604
AGCGTTCATGCAGCCTCTTGTCCACGGAGG	-0.189176
GCTGGACAGAGTCAGCGAGAGCTTCGGCTG	0.628131
CGCCTCGTTCCTCCCGTCCGAGAGCGGACC	0.207893
TTACTGAAAGACGGACCGCAGTACAGGGTC	0.320877
TGATGAGGATCTTCCCGTTGGAGAAGGAGC	0.191185
CCGTGGTGTTGTCGATGCGGTGGACGGTGC	0.869145
GTCCCCGGGCACCACGGTCATGTCGGGCGG	-0.014699
ACACGTTCACAACAGTCACTGTAGCGGACT	-0.074311
GAACGGCGGTGCCATGACCGTCAGAGGAGG	0.605489
TGAGATCGGAGAAATCCCTTACGCTGGCGG	0.220837
GCTGCGAGCGGCTGGTGCTCAACGTGGCCG	-0.117691
TCCATGACGTACAGCGAGAGTCTGCGGAGC	0.000211
TGCTCCGGCTGCGAAGGTTCTGCTCGGTAC	-0.448905
GATGCCGGCGGGCATGACGAAGCATGGCTC	0.636676
TGAAGTCTTCCTGTTTAAGCCCGGGGGAGC	0.259021
ACGATGCGCTCGCTCTCGTCCCCTTGGCCC	-0.252510
GAAGAAGAACTCGCGGCCGCCACCGGGATG	0.567805
CACCCTAGCGGCCCGGGAGGAGTAGGGATC	0.585307
CTACGGCCTGGTTCCCGAGCTAGTCGGTGA	0.237526
TTGAGCACGCAGCGGAACACCTCGGGGTCC	0.127151
CGGTGGTGCAGCTCGAGCAACAGGCGGCTC	0.703218
GGCGTCACCGCTGTGGTGTTAGACAGGATC	-0.652070
GGGGGGCGTGCGGCAGGTGCTGTACGGGGA	0.375143
GCCATCAAGGGCGCGTTCTACCGCCGGGCG	-0.349330
GCCCGTGCGCCTTCCGCGCCATCGTGGCGC	-0.084189
GCAGCTCCCGGGACAGCGAATACCGGGCGC	0.306839
AGATCAAGATGATCCAATCCCACGTGGTCT	-0.027053
CGAGCGTTGGCGATGATGAACTTACGGCCT	-0.036333
GGACACCATCGCTACGCGCTTCGACGGCAC	-0.351822
CCATGCCGGTCATGAAGGGGTTGCTGGCCC	1.006851
CAGGCACATGGTTCCTCTTTGGCGTGGTGT	-0.587931
TGTCCCGCAAGGGCATCATCCCCGAGGAAT	0.009438
GCGCCAACGGCTTCGGCAACGGCAAGGTGC	-0.125928
ATCCAACGCCAGCGCATGTCCATTAGGATT	-0.918714
TCATCACAAAAGTGGCAGCGAACAGGGTGA	0.319942
CCAACGTGTCAAACACATTCCGACTGGAAG	-0.036098
AAGAGGGCAAAGCTTGTGTGTCCGAGGTCA	0.058000
GGACATGCACGGACACAGCCGCAACGGCCA	0.207136
TTGCCACAGACCGTACGCGCCTGCTGGCCG	1.040470
TGCGCGAGACATACCGCTACCTGACGGACC	-0.152223
ACGAAGCGGCCGGTGTCCTCGTTGAGGTGC	0.008359
CTATGTACCGACCGCGAGCCCGGGCGGCTC	-0.237035
TGGAGGCCAGCAACTACGGCGTGTCGGTGC	0.530282
GCCGGGTCTCTCCCGCGAGGCGCTGGGAAG	0.598001
TGAAGCGGCAGAACGTGCGCACGCTGGCGC	1.013067
GGGCCCATCCGTGTGTGAGCGACCAGGAGC	0.473502
GGGTCTAAGGCCCTGGTCCCGATACGGGCT	-0.166390
TGGGTCAACGTGTCAGCTGCCGGCAGGTGG	0.259860
TATAAGATGAAGAGGTCCGGCCACTGGTCC	1.078047
GCTTCCGTGTACTCGTAAGCCACCCGGAGC	0.405552
GCGGGACGCGCTCAAGTTGCTGAGCGGCCG	-0.182263
TTGGGCGAGCTGAGACAGGGGATGCGGTGG	0.645938
CCTTGAGACGCCGAAAGCGCTTGCTGGAGC	0.966369
CACCATGGTGCAGAAGTCGCGCAACGGCGG	0.289744
GCCCCACTTTCCGCTCCTCGTCGCCGGCCG	0.117502
GCAGGCGGCGGTAGCGCTTGTGCGCGGCCG	-0.227793
GCAGTAGCAGGCCGTCGCCCCTGGCGGCTG	0.187045
AGGACGGGGAGATCCGCATCAATGTGGGCG	-0.020655
AGCTGTGCGTATTCTCATTCTGCCAGGAGA	-0.476445
TCTACGTCAACGAGAACACCTTCAAGGAGC	0.016259
TCGGGGACTGCTTCACGGTCAACGTGGGCG	0.137054
TAGTCGTCGCACAGGCTTAGCTGGCGGCTG	-0.295765
GGTGGGTAACCAAGGTACTTCGCAGGGATT	-0.204081
GACACAAACACGATCCTGCCCACCCGGCGC	-0.206442
CTTACGTGTCAGTGACGAGTAAAGAGGTGG	0.173030
GGTTGCTACCGCCGCAAGCCGCACCGGCTC	-0.029656
TAAAACTAGTCCTCGAAAACCTCGTGGGAG	-0.041863
TGTAAACGATCCATCTCAGCTCCCAGGTGT	0.257473
GTTACAGAGAGCACAACGCCGCACCGGACC	0.597648
AGTCTCGAGGTACACTCTCAGAGTCGGATT	-0.138993
ATCTTGCCGCACCGGGCGCAGTTGGGGTTC	-0.196926
GCGGGACCCACTGGTTACCTACGAAGGCTC	0.081094
TTTCCGCAAGTGACTGGATTGTACTGGTTG	-0.283345
AGCTGGATGATTCGTCTTACTGTGTGGTTC	-0.972169
CACACACTGTCATTGCGAGCCCGACGGCAG	0.273729
GGTGAGATTCTGGAACGCGTAGTCGGGGAT	0.778564
TGAGCCCTGCAACTGCGTGCCCGACGGCGC	0.352791
AAATCGGCTGGGCCTACTACTGCACGGGAG	-0.114691
GCTAACAGTCAGTCTCCGAGTATTGGGTCC	0.253462
TGGCGTGTGGTTAACTGTGATCGGAGGAAG	0.030172
CCTGAGCCGGGCCGGGCTCCCGTTCGGGCT	-0.278919
GTTATTCTATAGATCTGCGATGCCCGGGCA	0.730595
TTGAGTGTTCCGATTGGAGCCACAGGGATG	0.449384
CGCCGAGCCTCCGTGCGCGCGCCGCGGGGT	0.570630
TGCTGCTGCTCACGCCGCTCTTTGTGGCCT	-0.472921
ACGGGGCGTACGCGGGGACCAGCGTGGTGG	0.150056
GGTCTCCGCTTCAACCGGCTGCTAGGGAAG	-0.284215
GCTGATGATGCGGTCGGTCTCCACCGGTTC	0.182638
TGTCGCTGTTGGGGGACCCGCTACAGGCCC	0.684348
GCTGTGGGGCCACGAATCCCTACATGGTAT	0.079075
AAATGAGCGATAACGATGACATCGAGGTGG	-0.137710
GAAATAATTCCGACTGTCCTCGTGTGGTTT	-0.335964
CGCTACCACAGCATCATGACCGTGAGGAAG	-0.231082
CCCTGCGCTACCACCACATCATGACGGCGA	-0.126888
TCCCGGAGCGCAAGCCCCGCAGTTGGGAAG	0.286536
TTCGGGATCTTGAGCTACGAACACCGGCCC	0.408760
TCCCGCTGCGCTCCATCGACGACGTGGTGC	-0.035142
AGTATCAGCTTCCCAACTTCACCGCGGAAA	-0.410404
ACAGTTGCACCCTGCGGTGAGCGTGGGCCA	0.170969
TATCTCAAACGGAAGATTCGTTCCCGGCCG	0.032764
GCCCCAGCTCTAACCTCACCTGGACGGTGC	-0.389119
CTCAAGATGTAATCGAAACGCTCGCGGAGA	0.619038
ACTGCGATGGGCACGCGTGCAGCGTGGTCG	0.255553
GGTCTGGAAACTGGCACACGTATCGGGTTC	0.625827
TGGAATAGTTTAGGGCTGACTCCACGGTCC	-0.895849
TGGACAGCACGTGGGGGCCGCCAACGGCGC	0.585730
CTCGACATCTCCGGGGTGCCCTGACGGAAG	-0.697091
CGCCAACGACTCCCAGCACGACCCCGGGTA	0.499143
TTCTGTCGCCCTCGTAGGTCACCATGGCCT	-0.445594
GGGTACGGATAAATGGCCACCACCAGGTCT	0.616864
CGCCCGCCTCGCAGCAGTTGGCGAAGGAGC	-0.084150
CTGAGATCGTCAGGTTATATCGAGAGGCTG	-0.486123
CTACGTCTCTGAATAGATGGTATGAGGAGA	0.733060
CAGGGCTGTAGCGAGTCAAACTCGAGGTCT	0.211156
GGAACTATGACCTCGACTACGACTCGGTGC	-0.013144
CGCACGTTCAAGAACAGAGACAGGCGGCGC	0.550729
AGCCCTGAGTAGTAACGCTCCTTGAGGTTG	0.118010
GCCCGCGGCGAACGCCAGCGCGTTGGGCTC	0.304645
GGATCTTGGTCTGGCGAACCTCCGAGGCGG	-0.567044
GGTCGCTCAATCTCCAGGTCGCGCCGGCTG	-0.028140
TCGTCGAAGCGGCTGACCACGGCCTGGACC	0.592290
AAGCAACCCAAGACGTTCACCGTGAGGATC	-0.054697
CTGATGGCCCCTACCTGGTGATCGTGGAAC	0.343078
CGTGCAAGCCGTGCACCGAGTGCGTGGGGC	0.480247
GGTGACCACCGGCGCGAATGAGAGCGGTTC	-0.056069
GGTAGTAGTTGGTAGGCGTGCGCATGGCCT	0.124753
GTGGCGCAACTACCCTTTCTTGTTCGGGCC	-0.746239
GCAGCGGCGCCAGAGTCGACGCGTTGGAGC	0.231491
ACGGCCGTCATCCTTGTAATCCTAAGGGCG	-0.374980
TGAATAGCTTCTTCGGAACCCCAGCGGCCA	-0.043088
ACATCAGCTGATAATCAACCCTCGAGGGTG	-0.012605
CTTCCTACAGCATTGAGACTGTCGTGGGGG	0.203890
CACCGAAGGCGCCCGAGGCGACGCTGGGTC	0.728267
CGACCCCGTAGCCGCTGCCTATGTAGGCAG	0.035647
CATTCCACCCAGCCTGAGTGATGACGGCTC	0.082556
AGCTGAGCACGTTGTAGTGGAAGCCGGAGG	0.711423
GGGGAACGAGCTATGCAGCGTGTGTGGGGA	0.398581
GATTTTCAATAAGAAACTTCCGTCTGGGCA	0.084915
AGGAGGGCCATGAAACGCAACGCCCGGCTG	0.940307
TGGCTGAGCTCCGGAGCATTAATGAGGCCT	-0.433536
GCAGTTCATTCTGACAAATCACGACGGCTC	-0.217455
TTACTGGGGAAGACGGACGTCCAGCGGCCC	0.594879
CCCCTCGCTCCAGTGCCGCGTGTGCGGAGA	0.333592
GCGAGATCCGCAGGACGACGTGGCCGGGGG	0.568242
GCCGAGTCGTCCTCGGCCGCGCGCGGGTAG	0.549316
TTTAAGTCTGTTTCCCCCGAGGAAAGGCTG	0.359110
GACACATGATAGGGCTTTTAACAACGGCGC	-1.142649
CTCAGAGCTACAGTTACCACTCTTCGGGAG	0.420603
TGGACTATTCGTACGACGAGGACCTGGACG	0.661844
GGAGCGGGACGAACCGCCGCCTAGCGGAGG	0.726600
TCCCGTAACTCTTGGCCAGTTCGTGGGCTT	-0.394517
TTGCCACCCGGAACCGCACATCAGTGGATT	-0.062263
ATGGGAACGCCAGTATCAACATCACGGACA	0.397260
CGGGCAACGCGTCGGAGCGCGTCCTGGCGG	0.629957
CGGGCAATGCGCTGTCCGCGCACGTGGTGC	0.219066
TCATTAAGGTTTAGCCCGTCCTCATGGTCC	-0.811161
CCTTCATCTCCCGCTCGGGAATCATGGCAT	0.275107
TTCTTAGGGTCTGACATCGGATTCCGGAAG	0.755208
AGGGGATGGAGACGGGGCGGCACTAGGTTT	1.024648
ACGTAGACGACGAGGTGCTGGACGAGGATG	0.435955
GGGCTGCGTGTGGGACGGGTTTAGCGGCAG	-0.112416
GGGGGACTACGTACCTGAGCCCTTCGGAAC	0.394647
AGCCATGGAACCGGCCCCCTCCGCCGGCGC	0.124225
GGACTCCCCGATCCAGATCTTCCGCGGGGA	-0.289852
TGGAGATTGGCTATACGTCTGTCACGGTCC	0.018595
AGAAAACGGCCACAACCCCATGCAAGGCGT	0.401426
CACAGTGACCCAATTCATCCTCGTCGGCTT	-0.218196
TTACAACATGCTAATGAGTCCCCGTGGCTG	-0.401062
GGCTCAAGAGGGTGGAATAGCGTAGGGGCT	0.030222
TGTACAGGCGAGCTTTAGGACAGGGGGTAT	0.425591
GCTAGAGAGCCGAAGATAAAGAACTGGAGC	0.115077
CCTACCTGGATATCTGTTACTCTACGGTGA	-0.794726
CTCTTGCCTTCTACTGTGCGGATACGGAGA	-0.009332
TGGAGAAGGCTTTGCAGCACCTGGCGGCCG	0.034205
GAACATGCTCATCATTGCGACGATTGGCTT	0.720234
AGGAGGAACTCGGAGACACTCGACTGGTTT	0.260369
GCTCAGACACGCACACCAACGAGCTGGTGA	0.404578
CAGAAAACGAGACGGGCCATCAGGAGGATG	0.047611
CCCAAGTCAAGCCATTCTCAAGAACGGAGG	-0.053043
GGTGGTCTTCCTTATTGCGGTGAGTGGCAA	0.931177
CCTGGTTGAGACTTGTGTCGCCACAGGCCA	0.702550
GTGGGTTCAGCGCAGGAGTGACTACGGTGT	0.155672
CCACAGTTACTATGATACGGCCATAGGATA	0.815916
CTGTGTGTGATGCCCTGCGATACTCGGCCA	0.539812
CAAAAAGCTCAGCCTCGTTAAACGTGGTGC	-0.199781
CTGCCCTCATACTAGTATGTTGTCTGGACT	-0.123886
CCATGGTTAACCAAAGCTCCCCCATGGGCT	0.184471
GGTGCCATCGTCCGAGCTATACTGAGGATG	-0.468393
TATTTGGAAGATATTACCTTATATCGGCAC	0.150738
GGATAATCGATGGCTTGATCCAGATGGTGG	-0.405340
TTCCCTACTGTGCCTCCCGTATTGTGGATC	-0.031973
CTGCAGTTCTACGAATCCGTTCAGTGGAGG	0.384737
CCCACCACCGTGGCAAGGTACACGGGGAGA	-0.145241
CTACAATTATGTGAGACGTGCAAGCGGAGA	0.157700
CTAGTCATGCTCCGAAGCCACTCACGGGAG	0.370562
TGTTGTTCTACTTTGCGAGCATGATGGGAA	0.424729
CCTCGCTATCAGACAGCGTGCTGCCGGTAG	0.466762
GGCCTCCATCCTACAGCTCGCTCTTGGATG	0.296593
GGAAATTATGACCCTAACGAACAGTGGCCT	0.588095
TATGCAGTCATCCTCTGTCGTATAAGGGAG	0.355180
AGGTCTCATCGTGGTGGCCAACAGCGGTAT	0.128280
TGGTGTTGTTGTGACAGCCAACAGTGGTAC	0.473456
GGCCATCATGAACCAGCGAATGTGTGGTCT	0.083100
TGGAATCAGGTTCCCTCCTGGCAATGGCAT	0.142955
TTCACTCTACTGCTACCCATATTGTGGTTC	0.027642
CAAGCAGAATGCCAGACTCGAGAAAGGAAA	0.521405
GGCATTGTGGTCAATGTCACTCCGAGGTCT	-0.596979
AAGATTGGACTATCTGCCCTGACCAGGGGG	0.220979
TTGATTCCCGAGAGATTAGCTTTGAGGCCT	-0.373529
CCATCTGCCACCCTCTGAGGTATTCGGTCA	0.828887
TCAACGTTCGTAGAATCAGCTCTGAGGCCT	0.112869
GTCTTGCTCGCCATGTCCATTGATCGGGCA	-0.082023
ATCTTTCTTGTCATCATTACTAAGCGGAGA	-0.857431
AACTATTGAATCGGATGTCTGAACAGGCTA	-0.269713
ATGTCCATGACGGCCAGCATTGAGAGGAAG	0.223166
ATGGGTTTTCCATTCTAATGTCGACGGTGG	0.145595
TCCTTTCTCAAGATGCCCGCTCCAAGGCCC	0.311279
AGGGGCTCGCGAAATCACATTCCCAGGATG	0.212689
GTCAGGATGCTAGAGTGTCGGAGTGGGAAG	0.298280
TAGAACTGGTGGTGGGTAACACACAGGCCA	-0.554894
GCACACGTGTTGCAGGCTTTCCATCGGCCC	-0.729526
AATGGTCCACCGTGAGAAATCCCGGGGTCC	-0.058670
TCTGGATTGTCGGAAAGTCCTAAGAGGAGA	0.094207
ACCGCAATGCAGCCACCGTTTTGGGGGCTA	-0.478825
ACTCATTAATTGTTGTGTCAGTGCAGGATA	0.021903
ATACGATATTAGTCGACATCTGCGGGGTTG	-0.421425
GGCAGCGCCATCTTTACATATGTACGGCCC	-0.253106
AACTGTGGGTCATCTGTCAATCCTAGGAGA	-0.134737
TGGAGATTCGAATATCTCTCTTCGTGGTTC	-0.571148
CCAAGATGCTTGTCGTCATCCTCACGGGGG	-0.595143
CTCCATGTACCTAGTCACTTTCACCGGGAA	-0.461780
TGTGGTCTACGCCATCGGACTCATTGGCTC	0.000219
CTGACATGCGGGTAGTATGGACTGTGGCCC	0.375138
TTCACAAGCTCGCTGATATCTGTCTGGGTG	-0.663288
GCGCTTCGCATATGATAGCAGTCACGGTTT	0.041328
CTATACACAGTAATCATGTCACGAAGGGTA	-0.602171
GGGCTGTCTGCCGACCCCAACATCCGGGCT	0.444376
TCAGATCAGTCTTCGGAGAAGAATCGGGTA	0.106131
CTTCCTGATTCACTACTATGCCAGTGGCGA	0.155888
AGAGGCGCGAGTGCTTCTGGCGTGTGGTGC	0.811001
GCGGCTGCGGATGAGCACGATGCGCGGCGT	0.511249
TCGGTCTTGTAGTCGAACAGCGACAGGCAG	0.936713
GAGGGCACAACGCCACTCTCCACGGGGCAC	-0.034643
CAGGACGCTCTGTTCCTCTGACCGAGGTTG	0.030594
GAGACTGGAAGCGTAGGTACGATGTGGGCA	0.346194
CCTGGAACCCACTGAGTTTGTCGTCGGCAG	-0.426569
AGCTGTACTATCCGAGTGTCTCTGGGGCAC	-1.025473
TTTAAGTCCCACCTTAAGTCAAGTCGGAAT	-0.137962
GGTGCTGTGGCCGGCTGTCCCCAACGGGAC	-0.215040
GTGGACGCATTCCAGGTCTTGAGGCGGCAC	-0.596392
TGCCACCCACTTCGGGCACTACGCTGGGGC	-0.492748
CAGAACATTGCACGCGACAGTTTCAGGCAC	0.517020
ACTGACCGAGAAGTAAGTCCCAAATGGCAA	0.493655
CCACCCGGGTCCGTCCGAAGCACACGGTCA	0.617160
GGAGCGGGTGAACGACGCTTCGTGCGGCCC	0.196276
ACCTGTCCTGCTGGTCCGAGGAGTCGGATA	0.097675
TCATTCTCGGTACCGTGCCGGGAAGGGCCG	0.548326
TGCTCGTATTTCTCCAGCTCCGTATGGTAG	-0.209252
CAGAATAACCGACGGAGCCCGGGCAGGGAC	0.430637
GCGACCCCATAGATGATTATGCATTGGTAC	-0.461530
CGTTGGTGCGGTCTATGAGGCGCCGGGAGA	1.257687
TGGGGACTTCCCATCCGGCGTTCCTGGTCT	0.711020
GGTTCAGCTCCGGTGGTGTGGGAACGGATG	-0.140579
ATGCGCCTCTAGACTCATGCCCGTTGGACT	0.070261
TGGTCCTGCGTCTTTTCGTCGGAGGGGTCC	-0.594073
ATTCCTCTGCCTACGAGTCCTGTATGGCTG	-0.190650
GAGGAATGCCAGGCGGAAGGCCGTGGGAGC	0.657246
GGCATCACGGAAGGTGCGTCCGAGTGGCAC	-0.630826
CAGCATGCGTGACAGACACGGGCATGGTGA	0.684533
GCCGCGACGTCACCTACACGCCCGTGGCCG	0.643004
GACCACTGTAGGCGGGGTTGTCCCAGGCTC	-0.206196
GCAGGCGTGGAGCCGCGATAACCCCGGCTT	0.252481
TGCTTGAAGTGCGAGGTATGATAGGGGCTC	-0.310307
GGCCATACCAGGGCGTCCGTGTGAAGGAGC	0.292972
CAGATAACGGGCTCTCTAGATCGCCGGCCT	-0.086994
TCCAGCTTCATGCGGATCGTACGACGGAAG	-0.335462
CTGGATTCAGCTGGTCGATATCACTGGAGA	-0.327235
TGGGGTACAGCGAGTCGTCGCCGTCGGCCG	0.275340
ACGCCAGCAGCGATGAGAGCGAGCCGGATG	0.707063
CAAGCGCAGCCACAAGTTCGTGCCTGGTGC	0.359442
CCAGGGCCATCCCAATGACAATCTTGGCAG	0.585520
GCGCTGCACTCCGCCGAAAGCCTCCGGCGG	0.633329
ACGAGTGGCCCACGGCCAAGAAGTAGGTGA	0.387943
GGTGGTGTTCTGGCAGCGGTAGAACGGCGA	0.285410
CCAGCACCCCGGCCGAGAACATGACGGAGC	0.191043
TGTGGGCGCCCGAGCGTTCCGCCGAGGCGC	-0.581320
AGGCGGACGAATTGACCCCGGGAGTGGACA	0.909550
TTGTGACTCCAATACACCGCTCAATGGCCA	0.517677
TCGTGCAGGAACCTCACCTACGTGCGGGGC	0.369244
GATGGGGACCGCCCGGATCGCACCCGGCCT	0.723646
CAGCCAGTACACATGTACCGGGCCCGGAGC	0.976351
CGGGAGCAGTTCATCGCTCTGTACCGGCTG	-0.077068
CTATCAGCGCCGGGCATCAGATGATGGCAA	0.236561
GTCTGCGAAAGCCTTCCCACACAGGGGCAG	0.375271
TGCTCAACAGGTAAAGGACTGACTCGGCTG	-0.003627
GGCGTGTACCGCGTGCAGATCCGCAGGATC	0.027855
TTGACCCAAACCGAATGGCAGCATCGGCAC	0.461025
CCACCAATAAGGAGCGACTCTTTGCGGCTG	-0.411375
GGGTGTTCGAGGTGAACCATTAATGGGTAT	0.105938
CGGTTCCGCTGTGTGAAACGAGCGCGGGGC	0.555956
CCGTAGTCCGGCACCGAGCCCTGGCGGCTC	-0.070378
AGGGCTACCACTGCACGGCGCACAAGGAGG	0.872800
GATTTGTCGTGTAAACAAGAATTGTGGAAG	0.471047
CCCTTGCTGTACGTCCATGCCCTGCGGGAC	0.058192
CAGGCGCTGGCCCTACGGCTCGGACGGCTG	0.343274
TGGCCTGGTTGACGGCAGTTCGGACGGCGC	-0.560513
TCTACGTGCCCTTCTCCAATGCGACGGGTG	-0.192043
GGCGGCGGCTGCGGACTCGTTCTCAGGCGG	0.036860
CACCCTCCGAGGCCGACGCCATTGTGGAGT	0.018568
CAAGTCCGATGCTGATGTAACCAGGGGTCC	0.052432
TGCAAAGACTCCATATAGACGGTGCGGTTG	0.145541
GCCGCGTTACAGCGCTGGCTCCGGCGGAAG	-0.280236
GGAAGCCACAATATGACATTACGATGGAAA	-0.087536
GAATGGCAAGCATTGGATTACTCACGGTCG	-0.084185
GAGAAAGAGTTCGCACCCTCGTTCTGGGAC	0.129278
CGGCGGCTCGTGCTGGCATCTACGGGGATA	-0.505726
AAACCGATGGAACAGCTCGTAAATTGGTTT	0.127327
TCATGGTGGCTATCGTGGCTGCATCGGCCA	-0.088178
AGCACTATGGAGTGTACAGCTGCGAGGGGT	-0.211732
TTCTCACTTCATGAAGTTTCCCGCAGGCTA	-0.622475
TGCAGTGCAGCGCTACCGTGCTCAAGGAGC	0.391944
TCTCGTCTTCGCCCTCGCCCCCATCGGCCA	0.289304
TCCAGTGCATCGCCACCATTCATAAGGAGC	-0.256605
TACGTCAACTATGATATCATCGTCCGGCAT	-0.030175
TTTTCCACCACAATGGCGCAACAGAGGATG	0.296516
GACGATGACCTCGCTCACCGGCGCCGGCCG	0.672917
AACCTCAGGCTGTTCTCCCTCGGCGGGAGC	-0.017102
AGCGACGCAACAGTAACGTTAGTCAGGCCA	0.382158
TACAAGGAAATCTTTACCGCCCTCGGGCCT	0.806403
CCTGAGTGCTTGCGCCCCTTCACCCGGGAG	-0.356478
TGCCATTGACAGCGTAGATGTCGGTGGCCT	-0.188256
CCGATGACTGCCATCGGCCTTTGGTGGTTT	0.139282
TGGCAAACAGCTGCCCTTCATCTATGGGGA	-0.603240
ACGGGGCCCGTCGAGCCCGTAGCGTGGCCT	0.335421
ACAACACCGCTCCCTCGTTACCTGTGGCCC	-0.508931
GCAGCAGCGCGAACAGACGGGCGGGGGCCA	1.286190
GCGGCGGTGGTCGCCCTCTCCTTGAGGCGC	-0.447329
GAGGGGGCGAGTCAGACTTCCTGCCGGTCT	0.201973
TGGTCATAATAACCTGTAGAATCGAGGCCC	-0.035963
CCGGGCGGCGGAGAACGGAAGTCGTGGAGG	0.639801
GGCGTTGGGCCAATACACCAGCCAAGGGAG	0.654594
TCCGATTTTTTGGACCAGTTACCACGGTCC	-0.771298
CTGAGGTCCAAGATGTTGCAGACCGGGTCA	0.166141
GGGGCTGTATTATAATGTGATCATCGGGTG	0.355811
ATGGCGAGCTCGACGTGGAAAATGGGGATC	0.288456
GCGCCTTGTTGTCCCACTTCGGCCGGGAGC	-0.334533
CCCTTCCACGTGTCCCGGTCGGGGAGGTCT	-0.603148
GAACTGTAGCGAGTTGGCCCACAGCGGCCG	0.413730
TGCTTCTGGCGCGGATGAACCCGCAGGTGC	-0.034932
GGGTCTTGCAAACTCAGTAGCCCGCGGGCG	0.700301
CTTCCCCTATCGAGCGTACACCAATGGAGG	-0.541949
GGGAAACTACCTCCGTATGTTCCGAGGTTC	-0.237234
CAGATCACTGCGAAACCTGCTCGACGGTGA	0.014007
TCGATCGACTGTGTTGGAAGGCATCGGAGA	0.617160
TACCGCACCTCGCCCGACACGCTGAGGCGC	0.068000
CCACGTCGCACTACAGCTCGGCGCAGGGCG	0.791813
TCAGCAACCGTCGTATCCTGAACAAGGCTA	0.473974
CCCGTTCTGGGACGCATTTCGCCCTGGCTC	-0.766956
CCATGGACATGCTTCATCCATCATCGGTGT	0.127672
CTGCAGCCAATGCCAGTAGCGCTCCGGCGG	0.252988
AGAACATTCGACTCTTGCAGGAAGCGGCTA	0.655149
CTGGGGCCGTGCAAAAGGATATATAGGCTC	0.471363
GTCATCTACCAGCCGCGCCGCAAGCGGGCC	0.541367
TCCGTAGATGGCGTGCAGTCCCGGGGGAAA	-0.303805
CCTACGTTGCAGTTCACTCTTCGTTGGACA	-0.260055
AAGGCACACCACTACACCATCGAGCGGGAG	0.253208
GCAGCTGTGCTACGCGAACGTGAATGGGTC	0.069656
CTGGGTCCCGGGTAATTCTGTACACGGCGT	0.137740
AGATGACGATGGCATTACCCGTCACGGCCA	0.203344
CAGCTAGCGAGGCGGTCAGGTTCACGGCGT	0.433342
CAACAACAAGTCGGATCTGCTGCCCGGGCT	-0.143208
GGCAGTGAAGCGCGCTTTCATGCTTGGATT	-0.801614
TTTGTCGCGCCACAGAATCAGTAGGGGCAC	0.240441
AAGCAGACATTTGTAGTGATGCTCCGGTGT	-0.136722
ATCAACATAATGCGGTCACCAGTGGGGAGT	-0.447444
TGCGAGAACACGCTTCGAAGCTTGAGGTTG	0.756432
GAATCCCCAGACGGAAGCTCATGTAGGTGC	0.085402
CCTGCTATTGCTACCAGGCGTAAAAGGAGT	0.514108
CCATGTGGCCCAACGGCAGTTCCCTGGGGC	0.289662
TATAGCGGCCATGCGTTGTTGCTGGGGATT	-0.685964
AGGCCCACAGGCGGTCCGGGTGGTCGGTGA	0.242946
TCAGTAGCCATATTCACCATCCACCGGATC	0.611733
CCCTGCTGCGCAGCCACTACCGCGAGGTGC	-0.160651
CACTGGTCGTAGCCAAATCCAAAAAGGTTC	0.079649
ATGTCTCATGCGGCCGAACCAGCTCGGGAT	-0.125928
GCCAGCGGTAGCAGTGAGTCGTCCAGGAGC	-0.290678
TAGCCGGCCTGTTGCTGGTACTGTTGGTAC	-0.224241
GTTCAGCCTGGCTCGGCAAGTAGATGGCGA	0.323621
TTGAACGAGAGAGAGATCGGCTTCGGGACC	1.117596
ACAGTGGTTCTAGATGACTCGAAGCGGGTG	-0.004442
GGGCGTTGGTCGCCACATGGGCTTCGGTGA	0.650639
GGCCCGGGCGGGGTGCGCACGATACGGTCG	0.360075
GGGTCACGCAGAGCCCATTAGCTTCGGCAT	-0.223703
CGCCTCGTGGTTCAATCCTCCCCGCGGAAG	-0.189983
TGGAACAACGGGGACAGAACGCCCCGGCCG	0.316233
CCCGACCGCCTCGAGCGCTCGAGCAGGGCG	-0.082349
GCCGCCGCAACACCGAGTGCGCGCCGGGCC	0.677094
CCTTGCATTCGCACACGCGGTTGTGGGTGC	1.053707
GGAGCGCGGACCTGGACAAGTGCATGGACT	0.422075
TCATAGAACTTGCCTTGCTCCTTGCGGCAG	-0.127854
TTCCACCGTGTACTCGAGGCCTCTCGGAAG	0.022060
GCGCGTTTCGGGCCCTGTGCGGCCTGGCGC	0.256006
TCAACCTCGTGAAGATCGCGTCCACGGCCT	0.208399
AGGTGGCATTTACACCCTACGCCCCGGAGC	0.005202
CTGGCTTACAGCCACAGCGGGTGTCGGCCA	1.201750
GGGGACACCTACCCCAGCAACGACCGGTGC	0.787963
CGGGGCAATCACGCCGGCACCAGGTGGACA	0.400078
AGCCAAGTAACCTTGTTATCATGCCGGACT	-0.377174
GGGCTCGACGCTAGGATCTGACTGCGGCTC	-0.064414
CGGACGAGGCGGAAGACCGCGCGCAGGGCC	0.757058
TGCTGATCAGCAATCCGAGATCGATGGCCT	0.267056
GGGAGCGGACAGAGATGGCGGAGTCGGAGC	0.656686
GGCGAACGGCGACGAGCCGCTGACCGGCGA	0.445892
GTTATGGCCGCAGTCGAGCATCATGGGCTC	0.194969
TGGTGCCGCGGTCATTGAACATGAAGGCCG	0.054276
TCTTCTATGAGACTATTGTCATCTCGGTAA	-0.276808
ATGCATTGCTCTATGCCATACGCAAGGAAG	-0.272318
TTCTCACGGAGAACTGTCTGCCGCCGGTGA	0.226483
AGCTCTTGAGCGAGCCCCGCTTGAAGGAGC	-0.185716
GGCTGCTGTTGCTGCGCCGGAGATTGGAGA	0.500287
CGTAGGCATCGGTGGGCTTCTCCGTGGTGT	-0.769255
AGTTTGTACGGGTGCCGAGCGGAGTGGCCC	0.035551
AAGGTGTTACTGTGGCCGACTGATTGGAGA	-0.534534
TTTATGACTCCATAAGCATCCGTTGGGCTC	-0.029793
AGGGTGACTCGGAGGAGGCTTTCCCGGTGG	0.005319
CGATGTCCCCCTGCCGCCGCTCGATGGCGA	0.264388
TAGGGTGGACTCCAGCAGATCGATGGGGTT	-0.134365
CGTCTACCGCCCCCTTAAGTTTCGTGGTGG	-0.139145
GGCCGCCCGTACCGCTTCCACTTGAGGCTC	-0.339101
TGGACGAGATAGACTTCCGCCACGTGGCCT	0.500308
AGTCTGCGTACTGGGCGGTAAGCTGGGGAT	-0.177962
TGCTGTTCTCATCGCGTACCACGAAGGTGT	-0.770991
CTTGGGGCGCTGCACGGTGTCCAGCGGCCG	0.145263
CGGTGAACTCGCGCGAGCCCTCCCAGGTCA	0.442191
TCGGTGCAGCTGCGGCTTACATTGCGGCCT	-0.823986
GGTGTAATCTTCTGCTGTACACTGCGGCTA	-0.467865
AGTCCTGCTCGTAACCTTCGAAGTCGGACG	-0.058847
TGACATCACGAGTTCACGATACCGTGGGCT	0.037481
ACACTCGCGGTTCACCTCGCAGCTCGGAGT	-0.088769
TGTACCTATGGATCGATGCTCACCAGGCAA	-0.239482
TCTGTGTCTAGGTCCTGCGTGACGTGGATC	0.598435
TCATGACCATCCACCGCTACCTGTCGGTAG	-0.177177
AGGCGGCGGCTTTAGAGCAACCCGCGGAGC	0.475047
ATGTTCTTGAGGTACCGAGCCTTGCGGTCC	0.278298
AGTGAAGTAGACGTATACCAGACAGGGCTA	0.752616
AAGCGTCCGTTACCCAGAATATCACGGTGG	0.011271
