AGTAGAGTCGGGGTTTCGTCATGTTGGTCA	0	29	+	1	-0.197633
GTTGGTCACTGCCGCCGCCGCTTTCGGTGA	22	51	+	1	0.634298
CTGCCGCCGCCGCTTTCGGTGATGAGGAAA	30	59	+	1	0.191159
GCCGCTTTCGGTGATGAGGAAACCCGGGCA	38	67	+	1	0.313732
CCGCTTTCGGTGATGAGGAAACCCGGGCAG	39	68	+	1	0.249151
AGGAAACCCGGGCAGCGTCGTGCACGGGTC	54	83	+	1	0.185008
GGAAACCCGGGCAGCGTCGTGCACGGGTCG	55	84	+	1	-0.106238
ACCCGGGCAGCGTCGTGCACGGGTCGGGTG	59	88	+	1	0.380568
CCCGGGCAGCGTCGTGCACGGGTCGGGTGA	60	89	+	1	0.458247
AGCGTCGTGCACGGGTCGGGTGAGAGGTGG	67	96	+	1	0.301215
GTCGTGCACGGGTCGGGTGAGAGGTGGGCG	70	99	+	1	0.267699
TCGTGCACGGGTCGGGTGAGAGGTGGGCGG	71	100	+	1	-0.137784
TGCACGGGTCGGGTGAGAGGTGGGCGGATC	74	103	+	1	0.815787
GAGGTGGGCGGATCACTTGACGTCAGGAGT	90	119	+	1	0.483663
CAGGAGTCTTTTTACCATAGTGTACGGGTG	113	142	+	1	0.017497
AGGAGTCTTTTTACCATAGTGTACGGGTGC	114	143	+	1	-0.120983
CTTTTTACCATAGTGTACGGGTGCAGGCAT	120	149	+	1	1.132762
ACCCGACCCGTGCACGACGCTGCCCGGGTT	58	87	-	1	0.160260
CCCGACCCGTGCACGACGCTGCCCGGGTTT	57	86	-	1	0.079395
CCCGGGTTTCCTCATCACCGAAAGCGGCGG	36	65	-	1	0.656974
GGGTTTCCTCATCACCGAAAGCGGCGGCGG	33	62	-	1	0.138007
TTTCCTCATCACCGAAAGCGGCGGCGGCAG	30	59	-	1	0.501238
TTCTTCTACTGAAGTGGTAGCAACAGGTAC	0	29	+	2	0.189377
CAGATAGAGATCCGCCCTATCTCAAGGGAC	30	59	+	2	-0.539544
AGATAGAGATCCGCCCTATCTCAAGGGACT	31	60	+	2	-0.784007
AGGGACTTTCCTCATCACCGAAAGCGGCGG	54	83	+	2	0.623272
GACTTTCCTCATCACCGAAAGCGGCGGCGG	57	86	+	2	0.024226
TTTCCTCATCACCGAAAGCGGCGGCGGCAG	60	89	+	2	0.501238
CGGCGGCAGAGATTTCTGAATTATCGGCTA	81	110	+	2	-0.035311
AGATTTCTGAATTATCGGCTAGCCTGGTCT	90	119	+	2	0.225013
GCCTGCCTCAGCCTCACGAATAGCTGGGAT	120	149	+	2	0.314655
CCCAGCTATTCGTGAGGCTGAGGCAGGCAG	118	147	-	2	0.450777
TCGTGAGGCTGAGGCAGGCAGACCAGGCTA	109	138	-	2	0.451216
AGAAATCTCTGCCGCCGCCGCTTTCGGTGA	68	97	-	2	0.507168
CTGCCGCCGCCGCTTTCGGTGATGAGGAAA	60	89	-	2	0.191159
GTGATGAGGAAAGTCCCTTGAGATAGGGCG	42	71	-	2	0.334221
TGATGAGGAAAGTCCCTTGAGATAGGGCGG	41	70	-	2	0.080470
TGAGGAAAGTCCCTTGAGATAGGGCGGATC	38	67	-	2	0.004969
CTTGAGATAGGGCGGATCTCTATCTGGTAC	26	55	-	2	-0.374164
CCCAAAGTACTCCTGGAGTACTGCAGGAGG	0	29	+	3	-0.201110
AAAGTACTCCTGGAGTACTGCAGGAGGAGA	3	32	+	3	0.197404
AGATCACCGTAGTCAATCTCAATGAGGGCC	30	59	+	3	-0.178654
GATCACCGTAGTCAATCTCAATGAGGGCCT	31	60	+	3	0.212287
GTCAATCTCAATGAGGGCCTGAGACGGAGT	41	70	+	3	0.192462
TGAGACGGAGTCTCGCTGTCGCCCAGGCTG	60	89	+	3	-0.555957
ACGGAGTCTCGCTGTCGCCCAGGCTGGTAG	64	93	+	3	0.317831
TCTCGCTGTCGCCCAGGCTGGTAGTGGGAT	70	99	+	3	0.599190
CTCGCTGTCGCCCAGGCTGGTAGTGGGATG	71	100	+	3	0.339510
GTAGTGGGATGCCGTCCCGCAAAATGGCCC	90	119	+	3	0.418682
CCAGATCCGAGAGAAACCTTCGCAAGGGAT	119	148	+	3	0.373176
CAGATCCGAGAGAAACCTTCGCAAGGGATT	120	149	+	3	-0.317529
CCTTGCGAAGGTTTCTCTCGGATCTGGGGC	116	145	-	3	0.638027
CTTGCGAAGGTTTCTCTCGGATCTGGGGCC	115	144	-	3	0.488300
TTGCGAAGGTTTCTCTCGGATCTGGGGCCA	114	143	-	3	0.059052
TCTCTCGGATCTGGGGCCATTTTGCGGGAC	103	132	-	3	-0.252503
CTCTCGGATCTGGGGCCATTTTGCGGGACG	102	131	-	3	-0.813555
CGGATCTGGGGCCATTTTGCGGGACGGCAT	98	127	-	3	-0.453078
CGGGACGGCATCCCACTACCAGCCTGGGCG	79	108	-	3	0.055394
GGGACGGCATCCCACTACCAGCCTGGGCGA	78	107	-	3	0.440074
TGGGCGACAGCGAGACTCCGTCTCAGGCCC	55	84	-	3	0.453608
TCAGGCCCTCATTGAGATTGACTACGGTGA	33	62	-	3	0.078582
GGTGATCTCCTCCTGCAGTACTCCAGGAGT	8	37	-	3	-0.111441
GCCCCCGTCCAGCCACGGCAAGCCTGGGCT	0	29	+	4	0.489524
CCCCCGTCCAGCCACGGCAAGCCTGGGCTT	1	30	+	4	0.387598
GTCCAGCCACGGCAAGCCTGGGCTTGGACT	6	35	+	4	0.524186
ACGGCAAGCCTGGGCTTGGACTAGTGGAAG	14	43	+	4	-0.414690
TGGACTAGTGGAAGTGAACGCTCCTGGCAT	30	59	+	4	0.412062
TGGAAGTGAACGCTCCTGGCATTGTGGGGC	38	67	+	4	0.043331
GGAAGTGAACGCTCCTGGCATTGTGGGGCA	39	68	+	4	0.128696
GAAGTGAACGCTCCTGGCATTGTGGGGCAT	40	69	+	4	0.145822
ACGCTCCTGGCATTGTGGGGCATATGGACT	47	76	+	4	0.866486
CTGGCATTGTGGGGCATATGGACTAGGCAC	53	82	+	4	-0.372926
TTGTGGGGCATATGGACTAGGCACTGGGCT	59	88	+	4	0.611023
TGTGGGGCATATGGACTAGGCACTGGGCTA	60	89	+	4	0.619373
ACACTGACATTTCAATTCCGTAGCTGGACA	90	119	+	4	0.417604
GTGTGCTTACCAGTATGACGACGATGGGTA	120	149	+	4	0.854098
ACTGGTAAGCACACTGTCCAGCTACGGAAT	104	133	-	4	0.069242
CTAGTCCATATGCCCCACAATGCCAGGAGC	49	78	-	4	0.298180
GTTCACTTCCACTAGTCCAAGCCCAGGCTT	19	48	-	4	0.400058
ACTAGTCCAAGCCCAGGCTTGCCGTGGCTG	9	38	-	4	0.246007
GTCCAAGCCCAGGCTTGCCGTGGCTGGACG	5	34	-	4	0.744710
AAGCCCAGGCTTGCCGTGGCTGGACGGGGG	1	30	-	4	-0.562547
AGCCCAGGCTTGCCGTGGCTGGACGGGGGC	0	29	-	4	-0.135518
CGCGGTTCAGGAATCGTCACCCGGCGGCCT	0	29	+	5	-0.082925
TTCTGCTAACGATCTCTTTGATGATGGCTG	30	59	+	5	-0.439486
ATGGCTGTCCCACCAGTTCACAAACGGGCC	53	82	+	5	-0.035137
TGGCTGTCCCACCAGTTCACAAACGGGCCT	54	83	+	5	-0.000308
TCCCACCAGTTCACAAACGGGCCTCGGGCT	60	89	+	5	0.900645
CCCACCAGTTCACAAACGGGCCTCGGGCTA	61	90	+	5	1.083048
CGGGCCTCGGGCTAAGCAGCTACCAGGCTA	77	106	+	5	0.348495
AAGCAGCTACCAGGCTAGAGTGCCAGGCAT	90	119	+	5	0.404198
AGGCTAGAGTGCCAGGCATTCTATCGGCTG	101	130	+	5	-0.439888
TAGAGTGCCAGGCATTCTATCGGCTGGAAA	105	134	+	5	0.097033
TCTATCGGCTGGAAATATGTTTAAAGGATT	120	149	+	5	0.001022
CATATTTCCAGCCGATAGAATGCCTGGCAC	109	138	-	5	0.070462
GATAGAATGCCTGGCACTCTAGCCTGGTAG	96	125	-	5	-0.200039
CTAGCCTGGTAGCTGCTTAGCCCGAGGCCC	78	107	-	5	-0.028096
TTAGCCCGAGGCCCGTTTGTGAACTGGTGG	62	91	-	5	-0.196476
GCCCGAGGCCCGTTTGTGAACTGGTGGGAC	59	88	-	5	-0.233751
CCCGAGGCCCGTTTGTGAACTGGTGGGACA	58	87	-	5	0.075267
TCATCAAAGAGATCGTTAGCAGAAAGGCCG	24	53	-	5	-0.013885
AGAGATCGTTAGCAGAAAGGCCGCCGGGTG	17	46	-	5	1.036977
GAGATCGTTAGCAGAAAGGCCGCCGGGTGA	16	45	-	5	0.621894
GGAGGATTATAAGACTGTGCGACGAGGCTT	0	29	+	6	0.302351
ACGAGGCTTATAATTAACCTGCTGCGGCAT	21	50	+	6	0.442288
ATAATTAACCTGCTGCGGCATGACTGGAGG	30	59	+	6	0.035016
ATTAACCTGCTGCGGCATGACTGGAGGGAG	33	62	+	6	-0.265392
TTAACCTGCTGCGGCATGACTGGAGGGAGA	34	63	+	6	-0.787126
CTGCTGCGGCATGACTGGAGGGAGAGGCTG	39	68	+	6	0.591697
TGCGGCATGACTGGAGGGAGAGGCTGGTCA	43	72	+	6	0.797066
GGAGGGAGAGGCTGGTCATGCCGCTGGCAC	55	84	+	6	0.292616
GAGAGGCTGGTCATGCCGCTGGCACGGCCG	60	89	+	6	-0.144664
GGCTGGTCATGCCGCTGGCACGGCCGGTTT	64	93	+	6	0.083062
GGCACGGCCGGTTTCTCAAGCCACCGGCAA	80	109	+	6	0.676138
GTTTCTCAAGCCACCGGCAACAATAGGACT	90	119	+	6	0.364115
CACCGGCAACAATAGGACTATGATTGGAAA	101	130	+	6	-0.016622
ATGATTGGAAAACGAGCTAACGAAAGGCTA	120	149	+	6	0.200708
TTCCAATCATAGTCCTATTGTTGCCGGTGG	100	129	-	6	-0.176520
CAATCATAGTCCTATTGTTGCCGGTGGCTT	97	126	-	6	-0.056832
ATTGTTGCCGGTGGCTTGAGAAACCGGCCG	84	113	-	6	0.132304
GGCTTGAGAAACCGGCCGTGCCAGCGGCAT	72	101	-	6	0.005828
CTCTCCCTCCAGTCATGCCGCAGCAGGTTA	35	64	-	6	0.994760
TAAAATAAAGATGGCGTTTCGGCCAGGTAG	0	29	+	7	-0.878382
GTTTCGGCCAGGTAGCCGTCCCATCGGTAG	15	44	+	7	-0.114302
GCCAGGTAGCCGTCCCATCGGTAGTGGACT	21	50	+	7	0.196162
CCGTCCCATCGGTAGTGGACTGAATGGTGT	30	59	+	7	-0.174315
GTGGACTGAATGGTGTAGCCCGCGCGGCAG	44	73	+	7	-0.036285
TGGTGTAGCCCGCGCGGCAGCCGTAGGCCT	54	83	+	7	0.554008
AGCCCGCGCGGCAGCCGTAGGCCTTGGCCC	60	89	+	7	0.087667
CGCGGCAGCCGTAGGCCTTGGCCCTGGACC	66	95	+	7	-0.088864
CCTTGGCCCTGGACCTCACCATTTTGGCTA	81	110	+	7	0.047396
TGGACCTCACCATTTTGGCTAGTGTGGCTA	90	119	+	7	0.003798
CCTGAGTTCAGTTCACGACCAGCCTGGTCA	120	149	+	7	0.629013
CCAGGCTGGTCGTGAACTGAACTCAGGTAG	117	146	-	7	0.472407
CTCAGGTAGCCACACTAGCCAAAATGGTGA	96	125	-	7	-0.043673
GTAGCCACACTAGCCAAAATGGTGAGGTCC	91	120	-	7	-0.067080
ACACTAGCCAAAATGGTGAGGTCCAGGGCC	85	114	-	7	0.593285
CACTAGCCAAAATGGTGAGGTCCAGGGCCA	84	113	-	7	0.616422
CCAAAATGGTGAGGTCCAGGGCCAAGGCCT	78	107	-	7	0.425847
GGTGAGGTCCAGGGCCAAGGCCTACGGCTG	71	100	-	7	0.697391
GGGCCAAGGCCTACGGCTGCCGCGCGGGCT	60	89	-	7	-0.032903
GGCCAAGGCCTACGGCTGCCGCGCGGGCTA	59	88	-	7	-0.591241
CTACACCATTCAGTCCACTACCGATGGGAC	32	61	-	7	0.127291
TACACCATTCAGTCCACTACCGATGGGACG	31	60	-	7	-0.225561
CCATTCAGTCCACTACCGATGGGACGGCTA	27	56	-	7	0.148465
TCCACTACCGATGGGACGGCTACCTGGCCG	19	48	-	7	-0.032092
TGACTCAGAAACAGATCGCCCATCAGGTCT	0	29	+	8	0.223426
AGGTCTGTGACGATTCCTGAACCGCGGGGA	24	53	+	8	0.378733
GGTCTGTGACGATTCCTGAACCGCGGGGAA	25	54	+	8	0.049068
GTCTGTGACGATTCCTGAACCGCGGGGAAG	26	55	+	8	0.053818
GTGACGATTCCTGAACCGCGGGGAAGGAAG	30	59	+	8	0.656510
GGGGAAGGAAGCTATTTAAACTCTAGGCTT	49	78	+	8	-0.009588
CTATTTAAACTCTAGGCTTCGAACAGGAAA	60	89	+	8	-0.541180
GAACAGGAAAAGACCTAACAAAAGCGGCAA	80	109	+	8	0.390489
AGACCTAACAAAAGCGGCAATGTCAGGTAA	90	119	+	8	0.405258
CTCTCTAAATTACACTCGAACACATGGGCT	120	149	+	8	-0.168557
TTACCTGACATTGCCGCTTTTGTTAGGTCT	90	119	-	8	-0.782159
GAGTTTAAATAGCTTCCTTCCCCGCGGTTC	42	71	-	8	-0.446599
AAATAGCTTCCTTCCCCGCGGTTCAGGAAT	36	65	-	8	0.659170
GTTCAGGAATCGTCACAGACCTGATGGGCG	16	45	-	8	0.307778
TTCAGGAATCGTCACAGACCTGATGGGCGA	15	44	-	8	0.014385
GCTATCTTCAGGCCGTAACCTTTTCGGTTC	0	29	+	9	-0.223653
TTCGGTTCCAACAGATGCGAAGTTCGGGTG	22	51	+	9	0.697476
TCGGTTCCAACAGATGCGAAGTTCGGGTGC	23	52	+	9	0.504258
CAACAGATGCGAAGTTCGGGTGCCCGGCCT	30	59	+	9	0.621153
ATAAAGTAGAAGATCGATGCTAACTGGCAG	60	89	+	9	0.279728
AGTAGAAGATCGATGCTAACTGGCAGGTTG	64	93	+	9	-0.283446
GGCAGGTTGCAGTTCACTCTTCGTTGGACA	85	114	+	9	-0.301155
GTTGCAGTTCACTCTTCGTTGGACAGGAGA	90	119	+	9	-0.149475
CAGGAGATCCCACCAGTTCACAAACGGGCC	113	142	+	9	0.008507
AGGAGATCCCACCAGTTCACAAACGGGCCT	114	143	+	9	-0.028271
TCCCACCAGTTCACAAACGGGCCTCGGGCT	120	149	+	9	0.900645
GCCCGAGGCCCGTTTGTGAACTGGTGGGAT	119	148	-	9	-0.233751
CCCGAGGCCCGTTTGTGAACTGGTGGGATC	118	147	-	9	0.075267
GTTAGCATCGATCTTCTACTTTATAGGCCG	54	83	-	9	-0.549988
GCATCGATCTTCTACTTTATAGGCCGGGCA	50	79	-	9	-0.606190
CATCGATCTTCTACTTTATAGGCCGGGCAC	49	78	-	9	-0.468830
CGGGCACCCGAACTTCGCATCTGTTGGAAC	26	55	-	9	0.398970
ACTTCGCATCTGTTGGAACCGAAAAGGTTA	15	44	-	9	-0.121521
CATCTGTTGGAACCGAAAAGGTTACGGCCT	9	38	-	9	0.636045
GTGTTTACATTACACATCCAGCGTGGGAAG	0	29	+	10	-0.039830
TTACATTACACATCCAGCGTGGGAAGGGGG	4	33	+	10	0.666148
TACATTACACATCCAGCGTGGGAAGGGGGA	5	34	+	10	0.193158
ACATTACACATCCAGCGTGGGAAGGGGGAG	6	35	+	10	0.512728
CATTACACATCCAGCGTGGGAAGGGGGAGA	7	36	+	10	0.075457
CGTGGGAAGGGGGAGATGCGCGTGCGGAGT	21	50	+	10	0.386578
GGGGGAGATGCGCGTGCGGAGTAGCGGGAA	29	58	+	10	0.260056
GGGGAGATGCGCGTGCGGAGTAGCGGGAAG	30	59	+	10	0.764823
TAGACTTCCGCAATAATCCTACTAAGGAAG	60	89	+	10	0.092477
CTTCCGCAATAATCCTACTAAGGAAGGATC	64	93	+	10	0.180390
TAAGGAAGGATCCTGTATTAATTCCGGGTG	82	111	+	10	-0.080976
AAGGAAGGATCCTGTATTAATTCCGGGTGT	83	112	+	10	-0.345585
GATCCTGTATTAATTCCGGGTGTCTGGGAA	90	119	+	10	0.717107
ATCCTGTATTAATTCCGGGTGTCTGGGAAA	91	120	+	10	0.238098
TCTGGGAAAGTTTGCCCTTATAGTTGGTAA	112	141	+	10	-0.711460
AGTTTGCCCTTATAGTTGGTAAGCTGGAAA	120	149	+	10	-0.128532
TAAGGGCAAACTTTCCCAGACACCCGGAAT	102	131	-	10	0.896203
TTCCCAGACACCCGGAATTAATACAGGATC	90	119	-	10	-0.253766
ATTAATACAGGATCCTTCCTTAGTAGGATT	74	103	-	10	-0.350824
GATCCTTCCTTAGTAGGATTATTGCGGAAG	64	93	-	10	-0.285907
ACGCGCATCTCCCCCTTCCCACGCTGGATG	14	43	-	10	0.012180
TCCCGCCTCGGTCTCCCAACGTGCTGGGAT	0	29	+	11	0.086361
CCCGCCTCGGTCTCCCAACGTGCTGGGATG	1	30	+	11	-0.077274
CCTCGGTCTCCCAACGTGCTGGGATGGAGG	5	34	+	11	-0.468603
CGGTCTCCCAACGTGCTGGGATGGAGGCGG	8	37	+	11	0.475678
TCTCCCAACGTGCTGGGATGGAGGCGGAGG	11	40	+	11	0.063359
CCCAACGTGCTGGGATGGAGGCGGAGGTTG	14	43	+	11	0.274032
GGAGGCGGAGGTTGTAATGAGCCGAGGTCA	30	59	+	11	0.265285
GAGCCGAGGTCATCTGTTGATACCTGGTTG	48	77	+	11	-0.038197
AGGTCATCTGTTGATACCTGGTTGAGGCTA	54	83	+	11	0.175338
TCTGTTGATACCTGGTTGAGGCTATGGACA	60	89	+	11	0.081784
TATGGACATTGTCCTCAGTAAACGAGGGCC	82	111	+	11	-0.148005
ATGGACATTGTCCTCAGTAAACGAGGGCCT	83	112	+	11	0.101083
TTGTCCTCAGTAAACGAGGGCCTCTGGCCA	90	119	+	11	0.645494
TCAGTAAACGAGGGCCTCTGGCCACGGTGC	96	125	+	11	-0.165638
ACGGTGCAGAGACCCCTGAATCGATGGGGC	119	148	+	11	-0.101452
CGGTGCAGAGACCCCTGAATCGATGGGGCT	120	149	+	11	0.010499
ATCGATTCAGGGGTCTCTGCACCGTGGCCA	114	143	-	11	-0.016174
CAGGGGTCTCTGCACCGTGGCCAGAGGCCC	107	136	-	11	0.566289
GTGGCCAGAGGCCCTCGTTTACTGAGGACA	91	120	-	11	-0.458844
AGGACAATGTCCATAGCCTCAACCAGGTAT	67	96	-	11	0.264334
CAACCAGGTATCAACAGATGACCTCGGCTC	48	77	-	11	0.330726
ACCTCCGCCTCCATCCCAGCACGTTGGGAG	12	41	-	11	0.155398
CCTCCGCCTCCATCCCAGCACGTTGGGAGA	11	40	-	11	0.194290
CCATCCCAGCACGTTGGGAGACCGAGGCGG	2	31	-	11	0.564805
GTGTTCGGCTGTAGTGCCGTTGTCCGGCTT	0	29	+	12	0.144091
TAAGTACTTATTTAATGCGTGTGCTGGCTC	30	59	+	12	0.781199
TATTTAATGCGTGTGCTGGCTCCCAGGAGA	38	67	+	12	-0.139172
TGCTGGCTCCCAGGAGACCTCAGATGGTAA	51	80	+	12	0.155014
CCAGGAGACCTCAGATGGTAAGCCTGGCAT	60	89	+	12	0.040560
GAATGAATAAGAACTCCCATTAGCAGGTGG	90	119	+	12	0.354015
TGAATAAGAACTCCCATTAGCAGGTGGATG	93	122	+	12	0.138154
ACTCCCATTAGCAGGTGGATGCTGCGGCCG	102	131	+	12	-0.199381
ATTAGCAGGTGGATGCTGCGGCCGTGGCTG	108	137	+	12	0.150238
GGATGCTGCGGCCGTGGCTGCATTTGGGGA	118	147	+	12	0.182099
GATGCTGCGGCCGTGGCTGCATTTGGGGAA	119	148	+	12	0.203976
ATGCTGCGGCCGTGGCTGCATTTGGGGAAG	120	149	+	12	-0.618780
ACGGCCGCAGCATCCACCTGCTAATGGGAG	103	132	-	12	0.694598
CGGCCGCAGCATCCACCTGCTAATGGGAGT	102	131	-	12	0.145133
TGGGAGTTCTTATTCATTCATGCCAGGCTT	79	108	-	12	-0.208596
CATTCATGCCAGGCTTACCATCTGAGGTCT	65	94	-	12	0.038668
CCAGGCTTACCATCTGAGGTCTCCTGGGAG	57	86	-	12	0.393652
CAGGCTTACCATCTGAGGTCTCCTGGGAGC	56	85	-	12	-0.232542
ACGCATTAAATAAGTACTTAAAGCCGGACA	20	49	-	12	-0.322693
AAATAAGTACTTAAAGCCGGACAACGGCAC	13	42	-	12	0.989671
GAAGAATACTATCCTAGTTCCGACCGGAAT	0	29	+	13	-0.090395
ACATGCATTAGACACCTGTCATAATGGAAA	30	59	+	13	-0.480697
AGAACATGCTAAGTGACCTAAGAGTGGTAT	60	89	+	13	0.190158
ACCCGACCCGTGCACGACGCTGCCCGGGAG	90	119	+	13	0.160260
CCCGACCCGTGCACGACGCTGCCCGGGAGC	91	120	+	13	0.079395
CCCGGGAGCTGAGCCCTCCAATAATGGGAG	112	141	+	13	0.119267
CCGGGAGCTGAGCCCTCCAATAATGGGAGT	113	142	+	13	0.345412
CTGAGCCCTCCAATAATGGGAGTCTGGGCT	120	149	+	13	0.994020
CCCATTATTGGAGGGCTCAGCTCCCGGGCA	110	139	-	13	0.184068
CCATTATTGGAGGGCTCAGCTCCCGGGCAG	109	138	-	13	-0.118403
TCAGCTCCCGGGCAGCGTCGTGCACGGGTC	94	123	-	13	0.239457
CAGCTCCCGGGCAGCGTCGTGCACGGGTCG	93	122	-	13	-0.132079
TCCCGGGCAGCGTCGTGCACGGGTCGGGTA	89	118	-	13	0.380568
CCCGGGCAGCGTCGTGCACGGGTCGGGTAT	88	117	-	13	0.458247
GCACGGGTCGGGTATACCACTCTTAGGTCA	73	102	-	13	0.338511
TAGCATGTTCTTTTCCATTATGACAGGTGT	41	70	-	13	-0.410295
GACAGGTGTCTAATGCATGTATTCCGGTCG	20	49	-	13	0.036931
GGTGTCTAATGCATGTATTCCGGTCGGAAC	16	45	-	13	-0.467727
AATGCATGTATTCCGGTCGGAACTAGGATA	9	38	-	13	0.445842
ATACTAATGTGGAGGCGCGAACAAAGGTCA	0	29	+	14	0.366798
AAAGGTCAAAAAGCTACAGATAAGTGGACT	22	51	+	14	0.639549
AAAAGCTACAGATAAGTGGACTACTGGGCC	30	59	+	14	0.496249
AAAGCTACAGATAAGTGGACTACTGGGCCT	31	60	+	14	-0.041978
CAGATAAGTGGACTACTGGGCCTGAGGGCC	38	67	+	14	0.612542
AGATAAGTGGACTACTGGGCCTGAGGGCCT	39	68	+	14	0.359277
TGAGGGCCTCTCGTGCATAGATACTGGAAA	60	89	+	14	0.544571
CTCTCGTGCATAGATACTGGAAAAAGGCAC	67	96	+	14	0.543937
CATAGATACTGGAAAAAGGCACCATGGATG	75	104	+	14	0.446315
AAGGCACCATGGATGATATTAGTCAGGAAG	90	119	+	14	-0.387567
GAAGTGCTGACGCAAACCTTTACTTGGGAG	116	145	+	14	0.198420
AAGTGCTGACGCAAACCTTTACTTGGGAGG	117	146	+	14	-0.442090
TGCTGACGCAAACCTTTACTTGGGAGGTGG	120	149	+	14	-0.514754
GCACTTCCTGACTAATATCATCCATGGTGC	93	122	-	14	-0.068100
CTTTTTCCAGTATCTATGCACGAGAGGCCC	63	92	-	14	-0.274859
AGTATCTATGCACGAGAGGCCCTCAGGCCC	55	84	-	14	0.303491
AATTCTATAAGTGATGAAAGGTACAGGCAT	0	29	+	15	0.683368
AGGCATTTAATCGTCACACTTGAGAGGCGA	24	53	+	15	-0.239151
TTAATCGTCACACTTGAGAGGCGAAGGTAA	30	59	+	15	0.732403
TTGAGAGGCGAAGGTAATGATTTCTGGATC	43	72	+	15	0.311291
GGCGAAGGTAATGATTTCTGGATCCGGATT	49	78	+	15	0.352290
TGATTTCTGGATCCGGATTACCGCTGGCTG	60	89	+	15	-0.236346
TGGATCCGGATTACCGCTGGCTGCCGGTGC	67	96	+	15	0.584844
CCGGTGCAGAGACCCCTGAATCGATGGGGC	90	119	+	15	-0.101452
CGGTGCAGAGACCCCTGAATCGATGGGGCC	91	120	+	15	0.010499
GGTGCAGAGACCCCTGAATCGATGGGGCCA	92	121	+	15	-0.134655
CAGTTAGCACAGCGCAGACCTATCTGGGTG	120	149	+	15	0.055097
CAGATAGGTCTGCGCTGTGCTAACTGGCCC	116	145	-	15	-0.203069
TGTGCTAACTGGCCCCATCGATTCAGGGGT	101	130	-	15	0.467483
GTGCTAACTGGCCCCATCGATTCAGGGGTC	100	129	-	15	0.097553
TGCTAACTGGCCCCATCGATTCAGGGGTCT	99	128	-	15	-0.262783
CCATCGATTCAGGGGTCTCTGCACCGGCAG	87	116	-	15	-0.270751
AGGGGTCTCTGCACCGGCAGCCAGCGGTAA	77	106	-	15	0.848569
CTGCACCGGCAGCCAGCGGTAATCCGGATC	69	98	-	15	0.455550
AACCACGAAAACCCTCACTCGCGGCGGGCC	0	29	+	16	-0.015810
ACCACGAAAACCCTCACTCGCGGCGGGCCT	1	30	+	16	0.727645
CCCTCACTCGCGGCGGGCCTTATGTGGCAG	11	40	+	16	-0.148892
TTATGTGGCAGTAGAACAACTAGACGGTGA	30	59	+	16	0.120507
TGGCAGTAGAACAACTAGACGGTGAGGACT	35	64	+	16	0.089225
GGACTACAAATCCCGATACTGTGATGGATG	60	89	+	16	-0.461139
TACAAATCCCGATACTGTGATGGATGGCCC	64	93	+	16	-0.020590
CGATACTGTGATGGATGGCCCTCCCGGGCA	73	102	+	16	0.135174
GATACTGTGATGGATGGCCCTCCCGGGCAG	74	103	+	16	0.282325
GGCCCTCCCGGGCAGCGTCGTGCACGGGTC	89	118	+	16	0.045386
GCCCTCCCGGGCAGCGTCGTGCACGGGTCG	90	119	+	16	-0.245860
GGGTCGAACTCTCGCTCCAGTTCCCGGATC	114	143	+	16	0.498176
AACTCTCGCTCCAGTTCCCGGATCTGGAAT	120	149	+	16	0.439662
GTTCGACCCGTGCACGACGCTGCCCGGGAG	93	122	-	16	0.274041
TTCGACCCGTGCACGACGCTGCCCGGGAGG	92	121	-	16	0.079395
GACCCGTGCACGACGCTGCCCGGGAGGGCC	89	118	-	16	-0.430122
ACCCGTGCACGACGCTGCCCGGGAGGGCCA	88	117	-	16	0.159301
CGGGAGGGCCATCCATCACAGTATCGGGAT	69	98	-	16	0.522917
GGGAGGGCCATCCATCACAGTATCGGGATT	68	97	-	16	0.827100
GTCTAGTTGTTCTACTGCCACATAAGGCCC	25	54	-	16	0.114334
GCCACATAAGGCCCGCCGCGAGTGAGGGTT	9	38	-	16	0.189895
CCACATAAGGCCCGCCGCGAGTGAGGGTTT	8	37	-	16	0.392639
ATTCTGCCACGTCTGTGGACGCAAAGGTCG	0	29	+	17	0.177551
GACGCAAAGGTCGTCATCTGAAGAAGGGTC	17	46	+	17	-0.062710
ACGCAAAGGTCGTCATCTGAAGAAGGGTCG	18	47	+	17	0.321686
GGTCGTCATCTGAAGAAGGGTCGATGGCCT	25	54	+	17	0.467507
TCATCTGAAGAAGGGTCGATGGCCTGGGGT	30	59	+	17	-0.027851
CATCTGAAGAAGGGTCGATGGCCTGGGGTG	31	60	+	17	0.205569
ATCTGAAGAAGGGTCGATGGCCTGGGGTGG	32	61	+	17	0.629404
TGAAGAAGGGTCGATGGCCTGGGGTGGCGA	35	64	+	17	0.023494
AGGGTCGATGGCCTGGGGTGGCGACGGCTT	41	70	+	17	0.396475
GATGGCCTGGGGTGGCGACGGCTTCGGGCG	47	76	+	17	0.399270
ATGGCCTGGGGTGGCGACGGCTTCGGGCGG	48	77	+	17	0.801317
GCCTGGGGTGGCGACGGCTTCGGGCGGCAA	51	80	+	17	-0.037794
GGCGACGGCTTCGGGCGGCAAATCCGGCGG	60	89	+	17	-0.021906
GACGGCTTCGGGCGGCAAATCCGGCGGTTT	63	92	+	17	-0.467768
AAATCCGGCGGTTTAGACTGAGAGCGGAAA	79	108	+	17	0.646510
GTTTAGACTGAGAGCGGAAAGATCTGGGTG	89	118	+	17	0.229858
TTTAGACTGAGAGCGGAAAGATCTGGGTGT	90	119	+	17	0.648494
CTGAGAGCGGAAAGATCTGGGTGTAGGAAC	96	125	+	17	0.714272
GGAAAGATCTGGGTGTAGGAACAGAGGGTT	104	133	+	17	0.438752
GAAAGATCTGGGTGTAGGAACAGAGGGTTT	105	134	+	17	0.024157
AGGAACAGAGGGTTTGACATCAACAGGCTT	120	149	+	17	0.314069
CTTTCCGCTCTCAGTCTAAACCGCCGGATT	80	109	-	17	-0.471020
GCCGCCCGAAGCCGTCGCCACCCCAGGCCA	49	78	-	17	0.425110
TGACGACCTTTGCGTCCACAGACGTGGCAG	3	32	-	17	-0.311577
CAACTGCGGGCCCATATCAATCGTAGGGAA	0	29	+	18	-0.040322
AACTGCGGGCCCATATCAATCGTAGGGAAA	1	30	+	18	0.096557
AAAACTTTGTCATTACTAAGTATTCGGGGT	28	57	+	18	0.147180
AAACTTTGTCATTACTAAGTATTCGGGGTT	29	58	+	18	0.155955
AACTTTGTCATTACTAAGTATTCGGGGTTG	30	59	+	18	-0.399537
TTGTCATTACTAAGTATTCGGGGTTGGCCA	34	63	+	18	-0.352510
AAGTATTCGGGGTTGGCCAAAATCTGGCTG	45	74	+	18	0.443324
ATTCGGGGTTGGCCAAAATCTGGCTGGCGG	49	78	+	18	0.184967
CGGGGTTGGCCAAAATCTGGCTGGCGGCCC	52	81	+	18	0.824576
GCCAAAATCTGGCTGGCGGCCCATTGGGAC	60	89	+	18	0.098400
CCAAAATCTGGCTGGCGGCCCATTGGGACA	61	90	+	18	-0.277769
ATCTGGCTGGCGGCCCATTGGGACAGGTGT	66	95	+	18	0.145760
AGGTGTACCCATTGCTCAACTGTATGGAGG	90	119	+	18	-0.392945
TGTACCCATTGCTCAACTGTATGGAGGCTG	93	122	+	18	0.203251
GGAGGCTGCCAGATTCAGCTCGTAAGGACA	115	144	+	18	-0.035481
CTGCCAGATTCAGCTCGTAAGGACAGGCAC	120	149	+	18	0.318156
GTGCCTGTCCTTACGAGCTGAATCTGGCAG	120	149	-	18	0.616274
GGCAGCCTCCATACAGTTGAGCAATGGGTA	95	124	-	18	-0.064012
GCAGCCTCCATACAGTTGAGCAATGGGTAC	94	123	-	18	0.065943
GAGCAATGGGTACACCTGTCCCAATGGGCC	77	106	-	18	-0.897576
AGCAATGGGTACACCTGTCCCAATGGGCCG	76	105	-	18	-0.138515
CCCAATGGGCCGCCAGCCAGATTTTGGCCA	58	87	-	18	0.785795
ACAAAGTTTTCCCTACGATTGATATGGGCC	8	37	-	18	-0.083084
CAAAGTTTTCCCTACGATTGATATGGGCCC	7	36	-	18	-0.091674
AAAATCACCTGGATTACAGACCCGTGGCAC	0	29	+	19	0.441426
TGGATTACAGACCCGTGGCACTTGTGGGGC	9	38	+	19	0.159570
GGATTACAGACCCGTGGCACTTGTGGGGCG	10	39	+	19	-0.024439
GATTACAGACCCGTGGCACTTGTGGGGCGT	11	40	+	19	-0.256508
GACCCGTGGCACTTGTGGGGCGTATGGACT	18	47	+	19	0.719250
TGGCACTTGTGGGGCGTATGGACTAGGCAC	24	53	+	19	-0.556533
TTGTGGGGCGTATGGACTAGGCACTGGGCT	30	59	+	19	0.481904
TGTGGGGCGTATGGACTAGGCACTGGGCTG	31	60	+	19	0.597810
GTATAGCTATCTCGCACACTCATGAGGCAG	60	89	+	19	-0.158819
TGAGGCAGTTCTACCAATCGCCTTAGGAGG	82	111	+	19	0.489683
GGCAGTTCTACCAATCGCCTTAGGAGGGCT	85	114	+	19	-0.018027
GCAGTTCTACCAATCGCCTTAGGAGGGCTG	86	115	+	19	-0.018449
TTCTACCAATCGCCTTAGGAGGGCTGGTTA	90	119	+	19	0.351780
CAATCGCCTTAGGAGGGCTGGTTATGGCAG	96	125	+	19	0.525750
GAGGGCTGGTTATGGCAGAACCGACGGAGG	108	137	+	19	-0.208574
GGCTGGTTATGGCAGAACCGACGGAGGGCG	111	140	+	19	0.727405
GCTGGTTATGGCAGAACCGACGGAGGGCGT	112	141	+	19	0.673290
TGGCAGAACCGACGGAGGGCGTAGTGGGGA	120	149	+	19	0.355130
GTTCTGCCATAACCAGCCCTCCTAAGGCGA	99	128	-	19	0.462433
CATAACCAGCCCTCCTAAGGCGATTGGTAG	92	121	-	19	0.617406
AGTCCATACGCCCCACAAGTGCCACGGGTC	18	47	-	19	0.148652
GTCCATACGCCCCACAAGTGCCACGGGTCT	17	46	-	19	0.272929
ACAAGTGCCACGGGTCTGTAATCCAGGTGA	4	33	-	19	-0.400209
CGCTGGTAATCCCAACACTTAGTGAGGCTG	0	29	+	20	-0.074708
AGTGAGGCTGTCCTGCATGATGCGCGGCCC	20	49	+	20	0.130492
CTGTCCTGCATGATGCGCGGCCCAAGGAGG	27	56	+	20	0.896066
TCCTGCATGATGCGCGGCCCAAGGAGGGAG	30	59	+	20	-0.079616
CCTGCATGATGCGCGGCCCAAGGAGGGAGG	31	60	+	20	0.265947
GCATGATGCGCGGCCCAAGGAGGGAGGTTT	34	63	+	20	0.593312
GCGCGGCCCAAGGAGGGAGGTTTTTGGAAC	41	70	+	20	0.876104
AGGGAGGTTTTTGGAACTTTGATTAGGGTT	54	83	+	20	-0.430887
GGGAGGTTTTTGGAACTTTGATTAGGGTTA	55	84	+	20	-0.307438
GTTTTTGGAACTTTGATTAGGGTTAGGGTT	60	89	+	20	0.294743
TTTTTGGAACTTTGATTAGGGTTAGGGTTG	61	90	+	20	0.265933
GTTACAGAGAGCACAACGCCGTGCTGGACC	90	119	+	20	0.597648
GTGCTGGACCATTTATATCAATCGCGGGCT	110	139	+	20	0.345043
TGCTGGACCATTTATATCAATCGCGGGCTC	111	140	+	20	0.057349
CATTTATATCAATCGCGGGCTCTGAGGGCG	119	148	+	20	0.117400
ATTTATATCAATCGCGGGCTCTGAGGGCGC	120	149	+	20	-0.143057
CTCAGAGCCCGCGATTGATATAAATGGTCC	115	144	-	20	-0.307624
GCGATTGATATAAATGGTCCAGCACGGCGT	105	134	-	20	-0.028279
CAAAGTTCCAAAAACCTCCCTCCTTGGGCC	45	74	-	20	-0.141054
AAAGTTCCAAAAACCTCCCTCCTTGGGCCG	44	73	-	20	0.368379
CCCTCCTTGGGCCGCGCATCATGCAGGACA	28	57	-	20	-0.646251
ATGCAGGACAGCCTCACTAAGTGTTGGGAT	8	37	-	20	0.395857
TGCAGGACAGCCTCACTAAGTGTTGGGATT	7	36	-	20	0.131822
TTACGATGCTTGTGCCCGTGCACCTGGGAG	0	29	+	21	-0.150800
TACGATGCTTGTGCCCGTGCACCTGGGAGT	1	30	+	21	0.149809
GTGCCCGTGCACCTGGGAGTAGTTTGGTCC	11	40	+	21	0.311363
TAGTTTGGTCCTTGCTCGCCCTATTGGATG	30	59	+	21	-0.257360
CCCACCCTCCAATTAGCCTTGTTGTGGAAG	60	89	+	21	-0.000780
CCCTCCAATTAGCCTTGTTGTGGAAGGCCC	64	93	+	21	-0.225106
ATTAGCCTTGTTGTGGAAGGCCCAAGGAGG	71	100	+	21	0.568010
AGCCTTGTTGTGGAAGGCCCAAGGAGGACG	74	103	+	21	0.218516
GCCCAAGGAGGACGCATCACAAATTGGTTT	90	119	+	21	-0.215145
GGAGGACGCATCACAAATTGGTTTTGGAGG	96	125	+	21	0.350661
GGACGCATCACAAATTGGTTTTGGAGGAGA	99	128	+	21	-0.275668
TTTGGAGGAGATTCGTAAGAAACTCGGGGG	118	147	+	21	0.526375
TTGGAGGAGATTCGTAAGAAACTCGGGGGC	119	148	+	21	0.343272
TGGAGGAGATTCGTAAGAAACTCGGGGGCG	120	149	+	21	0.538152
AACCAATTTGTGATGCGTCCTCCTTGGGCC	89	118	-	21	-0.574919
ACCAATTTGTGATGCGTCCTCCTTGGGCCT	88	117	-	21	-0.615463
GTCCTCCTTGGGCCTTCCACAACAAGGCTA	73	102	-	21	-0.004681
TGGGCCTTCCACAACAAGGCTAATTGGAGG	65	94	-	21	0.125677
GCCTTCCACAACAAGGCTAATTGGAGGGTG	62	91	-	21	-0.255582
CCTTCCACAACAAGGCTAATTGGAGGGTGG	61	90	-	21	-0.696846
TCCACAACAAGGCTAATTGGAGGGTGGGCA	58	87	-	21	0.539461
CCACAACAAGGCTAATTGGAGGGTGGGCAT	57	86	-	21	0.139501
CTAATTGGAGGGTGGGCATCCAATAGGGCG	46	75	-	21	-0.536772
TAATTGGAGGGTGGGCATCCAATAGGGCGA	45	74	-	21	-0.302210
GGTGGGCATCCAATAGGGCGAGCAAGGACC	36	65	-	21	1.084401
GCGAGCAAGGACCAAACTACTCCCAGGTGC	19	48	-	21	0.187450
AGGACCAAACTACTCCCAGGTGCACGGGCA	12	41	-	21	0.454629
GGACCAAACTACTCCCAGGTGCACGGGCAC	11	40	-	21	0.226889
AAATTTAGGCTTGGCAAGGCGCAGCGGCTC	0	29	+	22	-0.142510
GGCAAGGCGCAGCGGCTCCTACAGAGGTTG	12	41	+	22	-0.424210
GGCTCCTACAGAGGTTGTTCTAAACGGGAT	25	54	+	22	-0.797004
GCTCCTACAGAGGTTGTTCTAAACGGGATG	26	55	+	22	-0.411049
CTACAGAGGTTGTTCTAAACGGGATGGTTA	30	59	+	22	-0.095680
GGATGGTTACTTGACAAGATAGTACGGAGA	51	80	+	22	-0.138627
CTTGACAAGATAGTACGGAGATGCTGGTAG	60	89	+	22	1.075691
CCGCCCTCCCCGCCAAGACACGCCAGGAAA	90	119	+	22	0.548207
CCAGGAAAAAAAAAATATATAGCCAGGTGC	112	141	+	22	0.442997
AAAAAAAAAATATATAGCCAGGTGCGGTGG	117	146	+	22	0.571893
AAAAAAATATATAGCCAGGTGCGGTGGCTC	120	149	+	22	-0.119618
CCTGGCTATATATTTTTTTTTTCCTGGCGT	109	138	-	22	-0.785166
TATTTTTTTTTTCCTGGCGTGTCTTGGCGG	99	128	-	22	0.118397
TTTTTTTTTCCTGGCGTGTCTTGGCGGGGA	96	125	-	22	-1.217260
TTTTTTTTCCTGGCGTGTCTTGGCGGGGAG	95	124	-	22	-0.476913
TTTTTTTCCTGGCGTGTCTTGGCGGGGAGG	94	123	-	22	-0.922145
TTTTCCTGGCGTGTCTTGGCGGGGAGGGCG	91	120	-	22	-0.233834
TTTCCTGGCGTGTCTTGGCGGGGAGGGCGG	90	119	-	22	0.373424
CCTGGCGTGTCTTGGCGGGGAGGGCGGCTA	87	116	-	22	0.720627
CATCCCGTTTAGAACAACCTCTGTAGGAGC	26	55	-	22	0.255758
AGACTAGCTCAAAGACTCGGTAGTGGGAAT	0	29	+	23	0.516961
AGCAGCAGTCGCGCATTGCAGAGCTGGAGA	30	59	+	23	-0.007882
TCGCGCATTGCAGAGCTGGAGAAATGGGTA	38	67	+	23	0.055605
CGCGCATTGCAGAGCTGGAGAAATGGGTAC	39	68	+	23	0.172358
AAATGGGTACACCTGAAAGACTGTTGGGGG	59	88	+	23	0.749636
AATGGGTACACCTGAAAGACTGTTGGGGGC	60	89	+	23	0.147667
ATGGGTACACCTGAAAGACTGTTGGGGGCA	61	90	+	23	0.392283
TGGGTACACCTGAAAGACTGTTGGGGGCAA	62	91	+	23	0.244314
TGAAAGACTGTTGGGGGCAAAAGAAGGGCC	72	101	+	23	0.084778
GAAAGACTGTTGGGGGCAAAAGAAGGGCCA	73	102	+	23	-0.311577
ACTGTTGGGGGCAAAAGAAGGGCCAGGTCT	78	107	+	23	1.135317
AAAAGAAGGGCCAGGTCTCGACACTGGAGA	90	119	+	23	0.245602
GGCCAGGTCTCGACACTGGAGAACTGGTCC	98	127	+	23	0.367278
ACTGGTCCACCATATTAGACCAGTTGGTTA	120	149	+	23	0.142253
GACCAGTTCTCCAGTGTCGAGACCTGGCCC	97	126	-	23	0.031442
TTCTTTTGCCCCCAACAGTCTTTCAGGTGT	67	96	-	23	-0.385070
CTTGGGCTCACTTGGAACGGCCTTGGGAGC	0	29	+	24	1.124212
CTCACTTGGAACGGCCTTGGGAGCTGGGGT	6	35	+	24	0.037087
TCACTTGGAACGGCCTTGGGAGCTGGGGTT	7	36	+	24	0.475846
CACTTGGAACGGCCTTGGGAGCTGGGGTTA	8	37	+	24	0.437305
AACGGCCTTGGGAGCTGGGGTTACAGGATG	15	44	+	24	0.547735
GGGAGCTGGGGTTACAGGATGCACAGGCGG	24	53	+	24	0.196315
AGCTGGGGTTACAGGATGCACAGGCGGAGG	27	56	+	24	-0.261489
TGGGGTTACAGGATGCACAGGCGGAGGAAG	30	59	+	24	0.872981
CAGGATGCACAGGCGGAGGAAGCACGGTGG	38	67	+	24	0.479535
GATGCACAGGCGGAGGAAGCACGGTGGGCA	41	70	+	24	0.192880
ATGCACAGGCGGAGGAAGCACGGTGGGCAT	42	71	+	24	-0.059273
CAGGCGGAGGAAGCACGGTGGGCATGGTGC	47	76	+	24	0.750318
GGAGGAAGCACGGTGGGCATGGTGCGGCAC	52	81	+	24	0.476639
GCACGGTGGGCATGGTGCGGCACCAGGGAA	59	88	+	24	1.095521
CACGGTGGGCATGGTGCGGCACCAGGGAAA	60	89	+	24	0.050831
ACTTCTTCAACCATCTCGACTCGCAGGGCA	89	118	+	24	0.051299
CTTCTTCAACCATCTCGACTCGCAGGGCAA	90	119	+	24	0.000981
TCAGATCCGAGAGAAACCTTCGCAAGGGAT	120	149	+	24	0.373176
ATCTGATTGCCCTGCGAGTCGAGATGGTTG	96	125	-	24	-0.753209
TCGAGATGGTTGAAGAAGTTTCCCTGGTGC	78	107	-	24	-0.538080
TGCATCCTGTAACCCCAGCTCCCAAGGCCG	17	46	-	24	-0.211403
GTGTGGTCTGTCTGGATAAAAGCGTGGCAT	0	29	+	25	-0.501950
TGTCTGGATAAAAGCGTGGCATTGAGGTCC	8	37	+	25	-0.014190
TAAAAGCGTGGCATTGAGGTCCCCAGGGCC	16	45	+	25	0.396639
AAAAGCGTGGCATTGAGGTCCCCAGGGCCC	17	46	+	25	0.132695
TGAGGTCCCCAGGGCCCCTAGACCAGGAAA	30	59	+	25	0.082875
AGGGCCCCTAGACCAGGAAACAGAAGGTCA	40	69	+	25	0.613399
CAGAAGGTCAGCCTGCCGTCAGTTTGGGCC	60	89	+	25	-0.014711
AGAAGGTCAGCCTGCCGTCAGTTTGGGCCG	61	90	+	25	-0.128289
AGCCTGCCGTCAGTTTGGGCCGAAAGGTTG	69	98	+	25	0.374372
TCAGTTTGGGCCGAAAGGTTGCCTCGGAGC	78	107	+	25	-0.073870
GAAAGGTTGCCTCGGAGCGCCAACTGGTGT	90	119	+	25	0.652057
GCAGATCTCACGCAGTAGCCGCGTCGGGTC	120	149	+	25	0.109322
ACTGCGTGAGATCTGCACACCAGTTGGCGC	106	135	-	25	0.344896
ATCTGCACACCAGTTGGCGCTCCGAGGCAA	96	125	-	25	0.447091
AGTTGGCGCTCCGAGGCAACCTTTCGGCCC	85	114	-	25	0.047396
AGGCAACCTTTCGGCCCAAACTGACGGCAG	72	101	-	25	-0.358417
AACCTTTCGGCCCAAACTGACGGCAGGCTG	68	97	-	25	0.419927
ACGGCAGGCTGACCTTCTGTTTCCTGGTCT	49	78	-	25	0.151778
GGCTGACCTTCTGTTTCCTGGTCTAGGGGC	43	72	-	25	0.319750
GCTGACCTTCTGTTTCCTGGTCTAGGGGCC	42	71	-	25	0.300057
CTGACCTTCTGTTTCCTGGTCTAGGGGCCC	41	70	-	25	-0.329658
TTCTGTTTCCTGGTCTAGGGGCCCTGGGGA	35	64	-	25	0.562934
TCTGTTTCCTGGTCTAGGGGCCCTGGGGAC	34	63	-	25	0.837603
CTGTTTCCTGGTCTAGGGGCCCTGGGGACC	33	62	-	25	0.496683
TTCCTTAAATATCTAGCATGACACAGGACA	0	29	+	26	0.446547
TAAATATCTAGCATGACACAGGACAGGTCC	5	34	+	26	0.440732
ATCTAGCATGACACAGGACAGGTCCGGACA	10	39	+	26	0.533169
GGACAGGTCCGGACAACTGTCCCCCGGCAG	25	54	+	26	0.592213
AGGTCCGGACAACTGTCCCCCGGCAGGGAG	29	58	+	26	0.591023
GGTCCGGACAACTGTCCCCCGGCAGGGAGG	30	59	+	26	0.237914
CCGGACAACTGTCCCCCGGCAGGGAGGGAG	33	62	+	26	0.218721
CGGACAACTGTCCCCCGGCAGGGAGGGAGT	34	63	+	26	-0.062463
CGGCAGGGAGGGAGTTTCCGTAGTAGGGCG	49	78	+	26	0.099539
GGCAGGGAGGGAGTTTCCGTAGTAGGGCGG	50	79	+	26	0.561573
AGGGAGGGAGTTTCCGTAGTAGGGCGGGAC	53	82	+	26	-0.191285
GGGAGGGAGTTTCCGTAGTAGGGCGGGACG	54	83	+	26	-0.035159
GAGTTTCCGTAGTAGGGCGGGACGTGGTTG	60	89	+	26	0.964600
TGGTTGATTTGCGATGCAACAGCTTGGCGG	84	113	+	26	-0.025285
TTGATTTGCGATGCAACAGCTTGGCGGAGG	87	116	+	26	0.248208
ATTTGCGATGCAACAGCTTGGCGGAGGATT	90	119	+	26	0.358566
GCTTGGCGGAGGATTTGTGTTTCCTGGCGT	105	134	+	26	0.378717
GGATTTGTGTTTCCTGGCGTGTCTTGGCGG	115	144	+	26	0.272171
TTTGTGTTTCCTGGCGTGTCTTGGCGGGGA	118	147	+	26	-1.036327
TTGTGTTTCCTGGCGTGTCTTGGCGGGGAG	119	148	+	26	-0.404232
TGTGTTTCCTGGCGTGTCTTGGCGGGGAGG	120	149	+	26	-0.841855
AATCAACCACGTCCCGCCCTACTACGGAAA	63	92	-	26	0.060680
CTACTACGGAAACTCCCTCCCTGCCGGGGG	45	74	-	26	0.235218
TACTACGGAAACTCCCTCCCTGCCGGGGGA	44	73	-	26	-0.040347
ACTACGGAAACTCCCTCCCTGCCGGGGGAC	43	72	-	26	0.347441
CTACGGAAACTCCCTCCCTGCCGGGGGACA	42	71	-	26	0.312001
CCTCCCTGCCGGGGGACAGTTGTCCGGACC	30	59	-	26	-0.115553
TTGTGCACATTGTCAAATTAACTGTGGCTT	0	29	+	27	-0.190233
TGTGGCTTCGAGCAGCCTCGTGACTGGGCG	22	51	+	27	0.343804
GTGGCTTCGAGCAGCCTCGTGACTGGGCGT	23	52	+	27	-0.173243
TTCGAGCAGCCTCGTGACTGGGCGTGGGGG	28	57	+	27	0.165821
TCGAGCAGCCTCGTGACTGGGCGTGGGGGA	29	58	+	27	0.551675
CGAGCAGCCTCGTGACTGGGCGTGGGGGAG	30	59	+	27	0.394003
GAGCAGCCTCGTGACTGGGCGTGGGGGAGC	31	60	+	27	0.346597
GGGGGAGCTGTCTTTATGACAAAGAGGAGC	53	82	+	27	-0.206436
CTGTCTTTATGACAAAGAGGAGCGAGGCCT	60	89	+	27	1.075343
TGACAAAGAGGAGCGAGGCCTAGACGGTGA	69	98	+	27	0.095894
AGACGGTGACAATAAATACGATGCTGGGGA	90	119	+	27	0.763508
GACGGTGACAATAAATACGATGCTGGGGAC	91	120	+	27	0.802087
ACGGTGACAATAAATACGATGCTGGGGACG	92	121	+	27	0.162682
ACAATAAATACGATGCTGGGGACGTGGCTT	98	127	+	27	0.445194
TGGGGACGTGGCTTGCGCTAACATCGGGGG	114	143	+	27	0.268297
GGGGACGTGGCTTGCGCTAACATCGGGGGC	115	144	+	27	0.008845
GGGACGTGGCTTGCGCTAACATCGGGGGCG	116	145	+	27	-0.615446
GGACGTGGCTTGCGCTAACATCGGGGGCGG	117	146	+	27	-0.384648
CGTGGCTTGCGCTAACATCGGGGGCGGGGC	120	149	+	27	0.492411
GCATCGTATTTATTGTCACCGTCTAGGCCT	84	113	-	27	-0.098808
ACAGCTCCCCCACGCCCAGTCACGAGGCTG	34	63	-	27	-0.023569
TACAGGTCAGTACAGGCCGGGTTCGGGCTG	0	29	+	28	0.940065
GGTTCGGGCTGAACTAGAATGCCTAGGTTC	19	48	+	28	0.292059
AACTAGAATGCCTAGGTTCCTTAGAGGTAT	30	59	+	28	-0.763870
TATGTGCTCTGTTCAGACTCTAATAGGAGG	57	86	+	28	0.035967
GTGCTCTGTTCAGACTCTAATAGGAGGTTA	60	89	+	28	-0.278690
GTTCAGACTCTAATAGGAGGTTAAAGGGAA	67	96	+	28	0.869893
TTCAGACTCTAATAGGAGGTTAAAGGGAAT	68	97	+	28	-0.056115
GTTAAAGGGAATAGCGCTGCAAATTGGCAG	86	115	+	28	0.021108
AAGGGAATAGCGCTGCAAATTGGCAGGACA	90	119	+	28	0.050261
AGTAAGACGCTCAAGCCACGTCAACGGGAG	119	148	+	28	0.153634
GTAAGACGCTCAAGCCACGTCAACGGGAGG	120	149	+	28	0.383489
GTCTGAACAGAGCACATACCTCTAAGGAAC	45	74	-	28	-0.490975
AGAGCACATACCTCTAAGGAACCTAGGCAT	37	66	-	28	0.577085
AGGCATTCTAGTTCAGCCCGAACCCGGCCT	13	42	-	28	1.054561
TGGTTTTCCCGGGCGGGCACGTGACGGGGT	0	29	+	29	0.145690
GGTTTTCCCGGGCGGGCACGTGACGGGGTT	1	30	+	29	0.162504
GTTTTCCCGGGCGGGCACGTGACGGGGTTC	2	31	+	29	0.037522
GGTTCTTTTCCTCATCACCGAAAGCGGCGG	27	56	+	29	0.517142
TCTTTTCCTCATCACCGAAAGCGGCGGCGG	30	59	+	29	0.138007
TTTCCTCATCACCGAAAGCGGCGGCGGAAT	33	62	+	29	0.501238
ATCACCGAAAGCGGCGGCGGAATGTGGAGG	40	69	+	29	0.839585
ACCGAAAGCGGCGGCGGAATGTGGAGGCGC	43	72	+	29	-0.336151
GGCGGAATGTGGAGGCGCGAACAAAGGTCA	55	84	+	29	0.405987
AATGTGGAGGCGCGAACAAAGGTCAGGGTG	60	89	+	29	0.561118
ATGTGGAGGCGCGAACAAAGGTCAGGGTGT	61	90	+	29	0.729191
GTAGATCTGACAGCCGAACATACCTGGGGA	89	118	+	29	0.352625
TAGATCTGACAGCCGAACATACCTGGGGAA	90	119	+	29	0.123547
AGATCTGACAGCCGAACATACCTGGGGAAC	91	120	+	29	0.028690
CATCTACCTGCATGCTAGAAGCCGAGGCAG	120	149	+	29	-0.120625
CTAGCATGCAGGTAGATGTTCCCCAGGTAT	108	137	-	29	-0.424696
AGGTAGATGTTCCCCAGGTATGTTCGGCTG	99	128	-	29	-0.263707
GCCTCCACATTCCGCCGCCGCTTTCGGTGA	41	70	-	29	0.219123
ATTCCGCCGCCGCTTTCGGTGATGAGGAAA	33	62	-	29	0.191159
AAAGAACCCCGTCACGTGCCCGCCCGGGAA	5	34	-	29	-0.189399
AAGAACCCCGTCACGTGCCCGCCCGGGAAA	4	33	-	29	0.252117
GGCGTTGTGCTCTCTGTAACTGCGGGGAGC	0	29	+	30	-0.751717
GTGCTCTCTGTAACTGCGGGGAGCCGGGAA	6	35	+	30	0.623931
TGCTCTCTGTAACTGCGGGGAGCCGGGAAA	7	36	+	30	0.962827
CTGCGGGGAGCCGGGAAAAGCGAGCGGCGA	19	48	+	30	0.545660
CGGGAAAAGCGAGCGGCGAGAGCGAGGAGG	30	59	+	30	0.552825
GAAAAGCGAGCGGCGAGAGCGAGGAGGTTC	33	62	+	30	0.497318
GCGAGCGGCGAGAGCGAGGAGGTTCGGGAA	38	67	+	30	0.210250
CGAGCGGCGAGAGCGAGGAGGTTCGGGAAT	39	68	+	30	1.255906
CGAGAGCGAGGAGGTTCGGGAATCAGGGCG	46	75	+	30	0.878916
GAGAGCGAGGAGGTTCGGGAATCAGGGCGC	47	76	+	30	0.605795
CGAGGAGGTTCGGGAATCAGGGCGCGGACG	52	81	+	30	0.592352
GTTCGGGAATCAGGGCGCGGACGCTGGGCG	59	88	+	30	1.270857
TTCGGGAATCAGGGCGCGGACGCTGGGCGT	60	89	+	30	0.194562
CAGCGACTACGAGAGCTGCTGATTCGGCAG	90	119	+	30	-0.383102
GCAGTCTTGCTAGTATCGAACTCCTGGAAG	116	145	+	30	0.389226
TCTTGCTAGTATCGAACTCCTGGAAGGAAT	120	149	+	30	-0.277394
CTCGCTCTCGCCGCTCGCTTTTCCCGGCTC	26	55	-	30	-0.189939
AAGAAATTGGGCTTTATGGCTTGCTGGCTT	0	29	+	31	-0.055107
TGCTCACTCGCTACCCCCTTATTCAGGGCC	30	59	+	31	-0.221841
GCTCACTCGCTACCCCCTTATTCAGGGCCA	31	60	+	31	-0.723811
CCCCCTTATTCAGGGCCATTGTCTAGGGAG	43	72	+	31	-0.828067
CCCCTTATTCAGGGCCATTGTCTAGGGAGT	44	73	+	31	-0.546901
ATTGTCTAGGGAGTGCTAACCCCTCGGTGA	60	89	+	31	-0.298415
AGATGCTGATGACTACTTATCGATTGGAGT	90	119	+	31	-0.322958
TGACTACTTATCGATTGGAGTGCTAGGGAG	99	128	+	31	0.263793
GACTACTTATCGATTGGAGTGCTAGGGAGA	100	129	+	31	0.060728
GCTAGGGAGAAGCTAGACCACCACAGGCAC	120	149	+	31	1.107003
AAGTAGTCATCAGCATCTTCACCGAGGGGT	78	107	-	31	-0.198816
AGTAGTCATCAGCATCTTCACCGAGGGGTT	77	106	-	31	-0.391569
GTAGTCATCAGCATCTTCACCGAGGGGTTA	76	105	-	31	0.043019
GAGGGGTTAGCACTCCCTAGACAATGGCCC	55	84	-	31	0.579194
CTCCCTAGACAATGGCCCTGAATAAGGGGG	43	72	-	31	0.104741
TCCCTAGACAATGGCCCTGAATAAGGGGGT	42	71	-	31	0.007414
CCCTAGACAATGGCCCTGAATAAGGGGGTA	41	70	-	31	-0.511753
CCTAGACAATGGCCCTGAATAAGGGGGTAG	40	69	-	31	-0.019985
AATGGGAGGCTTGCTTTGGCTCGCTGGAAG	0	29	+	32	-0.129294
AAGTGTGATTGACGCCACGTTGACCGGAGG	27	56	+	32	0.310418
TGTGATTGACGCCACGTTGACCGGAGGCCC	30	59	+	32	-0.199456
CACGTTGACCGGAGGCCCTCCTCCCGGGTT	42	71	+	32	-0.177159
ACGTTGACCGGAGGCCCTCCTCCCGGGTTA	43	72	+	32	-0.267674
TCCTCCCGGGTTAATTTGTAGCACTGGACT	60	89	+	32	-0.754344
ATCTTTCCGCTCTCAGTCTAAAGCAGGTGT	90	119	+	32	-0.316496
TCCGCTCTCAGTCTAAAGCAGGTGTGGCTG	95	124	+	32	0.501356
CTCTCAGTCTAAAGCAGGTGTGGCTGGAGT	99	128	+	32	0.191399
AAAGCAGGTGTGGCTGGAGTGCAGTGGATT	109	138	+	32	0.117432
GGCTGGAGTGCAGTGGATTGATTGCGGCTC	120	149	+	32	0.133518
GCCACACCTGCTTTAGACTGAGAGCGGAAA	93	122	-	32	0.449889
ATAGTCCAGTGCTACAAATTAACCCGGGAG	62	91	-	32	-0.133640
TAGTCCAGTGCTACAAATTAACCCGGGAGG	61	90	-	32	0.065149
TCCAGTGCTACAAATTAACCCGGGAGGAGG	58	87	-	32	0.138577
AGTGCTACAAATTAACCCGGGAGGAGGGCC	55	84	-	32	1.290869
GTGCTACAAATTAACCCGGGAGGAGGGCCT	54	83	-	32	0.572261
AAATTAACCCGGGAGGAGGGCCTCCGGTCA	47	76	-	32	0.771204
CGGGAGGAGGGCCTCCGGTCAACGTGGCGT	38	67	-	32	0.043983
TGGGGATAGTAATCCGGACATGACTGGAAT	0	29	+	33	0.337420
ATGTGACGATCCAAATTTGAACGCCGGGGA	28	57	+	33	0.220487
TGTGACGATCCAAATTTGAACGCCGGGGAC	29	58	+	33	0.113016
GTGACGATCCAAATTTGAACGCCGGGGACA	30	59	+	33	0.280119
GATCCAAATTTGAACGCCGGGGACAGGAGG	35	64	+	33	0.836246
CCAAATTTGAACGCCGGGGACAGGAGGGGG	38	67	+	33	0.460551
CAAATTTGAACGCCGGGGACAGGAGGGGGC	39	68	+	33	0.061343
AAATTTGAACGCCGGGGACAGGAGGGGGCT	40	69	+	33	-0.002346
AATTTGAACGCCGGGGACAGGAGGGGGCTC	41	70	+	33	0.474447
GGAGGGGGCTCCGTCACCGCATCCTGGGCT	60	89	+	33	1.066618
GAGGGGGCTCCGTCACCGCATCCTGGGCTA	61	90	+	33	0.383363
GTCACCGCATCCTGGGCTACAAACTGGTTT	72	101	+	33	-0.315432
CGCATCCTGGGCTACAAACTGGTTTGGGGC	77	106	+	33	-0.206375
GCATCCTGGGCTACAAACTGGTTTGGGGCT	78	107	+	33	0.548145
CATCCTGGGCTACAAACTGGTTTGGGGCTC	79	108	+	33	0.628640
ACAAACTGGTTTGGGGCTCGCTCTTGGTCC	90	119	+	33	-0.221797
TGGTTTGGGGCTCGCTCTTGGTCCAGGAGA	96	125	+	33	-0.045214
TGGGGCTCGCTCTTGGTCCAGGAGAGGGAG	101	130	+	33	-0.128411
GGGGCTCGCTCTTGGTCCAGGAGAGGGAGG	102	131	+	33	0.454094
GCTCGCTCTTGGTCCAGGAGAGGGAGGCGC	105	134	+	33	0.591475
CTTGGTCCAGGAGAGGGAGGCGCTCGGCGG	112	141	+	33	0.967269
GGTCCAGGAGAGGGAGGCGCTCGGCGGACT	115	144	+	33	0.422666
AGGAGAGGGAGGCGCTCGGCGGACTGGACA	120	149	+	33	0.362597
AGTCCGCCGAGCGCCTCCCTCTCCTGGACC	115	144	-	33	0.422677
GAGCCCCAAACCAGTTTGTAGCCCAGGATG	79	108	-	33	-0.534166
CAAACCAGTTTGTAGCCCAGGATGCGGTGA	73	102	-	33	0.418089
AGTTTGTAGCCCAGGATGCGGTGACGGAGC	67	96	-	33	-0.051598
GGTGACGGAGCCCCCTCCTGTCCCCGGCGT	48	77	-	33	0.521362
CCTCCTGTCCCCGGCGTTCAAATTTGGATC	35	64	-	33	-0.626166
GGATCGTCACATTCCAGTCATGTCCGGATT	10	39	-	33	0.196673
GTAAATCACTCCGCACGCTATTAATGGTCC	0	29	+	34	0.114327
ATGGTCCGTGAGATTTCATGAAGATGGCGC	23	52	+	34	0.236596
GTGAGATTTCATGAAGATGGCGCCAGGACG	30	59	+	34	0.860762
GATTTCATGAAGATGGCGCCAGGACGGAAA	34	63	+	34	0.107425
CATGAAGATGGCGCCAGGACGGAAAGGTTG	39	68	+	34	0.299724
GGCGCCAGGACGGAAAGGTTGCCTCGGAGC	48	77	+	34	0.012402
GAAAGGTTGCCTCGGAGCGCCAACTGGTGT	60	89	+	34	0.652057
TGTCTTGACAAGTGCCCCCAAATTAGGTGG	87	116	+	34	0.263199
CTTGACAAGTGCCCCCAAATTAGGTGGTTT	90	119	+	34	-0.271532
GTGCCCCCAAATTAGGTGGTTTTGAGGCTG	98	127	+	34	-0.307219
CAAATTAGGTGGTTTTGAGGCTGTCGGTGT	105	134	+	34	0.772839
TGAGGCTGTCGGTGTCAAACAACCAGGTAC	120	149	+	34	-0.078524
CGACAGCCTCAAAACCACCTAATTTGGGGG	101	130	-	34	0.263891
GACAGCCTCAAAACCACCTAATTTGGGGGC	100	129	-	34	0.275360
ACAGCCTCAAAACCACCTAATTTGGGGGCA	99	128	-	34	0.185585
CAGCCTCAAAACCACCTAATTTGGGGGCAC	98	127	-	34	-0.545737
GGGGGCACTTGTCAAGACACCAGTTGGCGC	76	105	-	34	0.464891
GTCAAGACACCAGTTGGCGCTCCGAGGCAA	66	95	-	34	0.500894
CGCTCCGAGGCAACCTTTCCGTCCTGGCGC	49	78	-	34	-0.378317
TGGCGCCATCTTCATGAAATCTCACGGACC	25	54	-	34	-0.319057
ATCTCACGGACCATTAATAGCGTGCGGAGT	7	36	-	34	0.425800
ACAGGTGATATTAACGCTTCCGCCTGGCAT	0	29	+	35	-0.197814
TGATATTAACGCTTCCGCCTGGCATGGCAC	5	34	+	35	0.171020
ACGCTTCCGCCTGGCATGGCACTGAGGCGG	13	42	+	35	-0.321764
CTTCCGCCTGGCATGGCACTGAGGCGGGGT	16	45	+	35	-0.047359
TTCCGCCTGGCATGGCACTGAGGCGGGGTA	17	46	+	35	0.305014
TCCGCCTGGCATGGCACTGAGGCGGGGTAC	18	47	+	35	-0.066030
GGCACTGAGGCGGGGTACATCTTCAGGCAC	30	59	+	35	-0.052298
GGCGGGGTACATCTTCAGGCACGCTGGAGT	38	67	+	35	0.640698
TCTTCAGGCACGCTGGAGTCTACCTGGAAG	49	78	+	35	-0.117466
CAGGCACGCTGGAGTCTACCTGGAAGGCTC	53	82	+	35	-0.765060
GCTGGAGTCTACCTGGAAGGCTCTAGGGGA	60	89	+	35	0.931609
CTGGAGTCTACCTGGAAGGCTCTAGGGGAC	61	90	+	35	0.136525
TGGAGTCTACCTGGAAGGCTCTAGGGGACG	62	91	+	35	0.097722
CTGGAAGGCTCTAGGGGACGTTGATGGCGC	72	101	+	35	0.279359
TAGGGGACGTTGATGGCGCTATCACGGCAC	83	112	+	35	-0.064375
ACGTTGATGGCGCTATCACGGCACCGGGCT	89	118	+	35	0.909900
CGTTGATGGCGCTATCACGGCACCGGGCTC	90	119	+	35	1.007979
ATGGCGCTATCACGGCACCGGGCTCGGTTC	95	124	+	35	0.669947
GGTTCTCTCAGCAGCAGACGTGTCCGGTAG	120	149	+	35	0.528305
GTCTGCTGCTGAGAGAACCGAGCCCGGTGC	109	138	-	35	0.878485
CATCAACGTCCCCTAGAGCCTTCCAGGTAG	68	97	-	35	0.200212
TGTACCCCGCCTCAGTGCCATGCCAGGCGG	19	48	-	35	0.366280
ACCCCGCCTCAGTGCCATGCCAGGCGGAAG	16	45	-	35	-0.229830
AAGGAGGAAGAAGCACAACGGCCCAGGCAG	0	29	+	36	1.170814
ACTTAATTCGTGCTGCAAGTCCAGAGGTAT	30	59	+	36	-0.124563
AAGTCCAGAGGTATCTATATACATAGGATA	46	75	+	36	-0.271932
CTATATACATAGGATAAGTAGTACAGGCAG	60	89	+	36	0.085710
TAGTACAGGCAGCCCAGATATATAAGGGCT	78	107	+	36	-0.163880
AGTACAGGCAGCCCAGATATATAAGGGCTA	79	108	+	36	0.047533
CCCAGATATATAAGGGCTATCAGATGGGTT	90	119	+	36	-0.640772
CCAGATATATAAGGGCTATCAGATGGGTTT	91	120	+	36	-0.738591
CTATCAGATGGGTTTGTACCACGATGGAAA	106	135	+	36	-0.318579
TGTACCACGATGGAAAAATTATCGTGGATT	120	149	+	36	-0.231616
CCCATCTGATAGCCCTTATATATCTGGGCT	88	117	-	36	-0.759155
CCATCTGATAGCCCTTATATATCTGGGCTG	87	116	-	36	-0.155287
TTATCCTATGTATATAGATACCTCTGGACT	47	76	-	36	-0.031928
CTTGCAGCACGAATTAAGTCTGCCTGGGCC	19	48	-	36	0.078073
TTGCAGCACGAATTAAGTCTGCCTGGGCCG	18	47	-	36	0.396621
ATGGTGGGATGGCAGTGACCGCCGTGGTGT	0	29	+	37	0.266931
CGCCGTGGTGTCTGCAGCGACACCAGGTCC	19	48	+	37	0.547348
CTGCAGCGACACCAGGTCCGCGCGCGGCGG	30	59	+	37	0.417366
CAGCGACACCAGGTCCGCGCGCGGCGGTGC	33	62	+	37	0.632056
GTGCACATTGAAGCTCTATGCCAGTGGGGA	59	88	+	37	-0.147197
TGCACATTGAAGCTCTATGCCAGTGGGGAC	60	89	+	37	0.015734
GCACATTGAAGCTCTATGCCAGTGGGGACT	61	90	+	37	-0.240421
TATATTGACACAAATTCCCAGTACAGGGGG	90	119	+	37	0.720273
ATATTGACACAAATTCCCAGTACAGGGGGT	91	120	+	37	0.752252
TATTGACACAAATTCCCAGTACAGGGGGTC	92	121	+	37	0.416446
ATTGACACAAATTCCCAGTACAGGGGGTCT	93	122	+	37	-0.013679
GGGTCTTTTCCTCATCACCGAAAGCGGCGG	117	146	+	37	0.517142
TCTTTTCCTCATCACCGAAAGCGGCGGCGG	120	149	+	37	0.138007
TGATGAGGAAAAGACCCCCTGTACTGGGAA	104	133	-	37	0.623248
GATGAGGAAAAGACCCCCTGTACTGGGAAT	103	132	-	37	0.601969
AATTTGTGTCAATATAGTCCCCACTGGCAT	76	105	-	37	0.298739
AGCTTCAATGTGCACCGCCGCGCGCGGACC	44	73	-	37	0.411831
AATGTGCACCGCCGCGCGCGGACCTGGTGT	38	67	-	37	0.499348
GACCTGGTGTCGCTGCAGACACCACGGCGG	18	47	-	37	0.017523
CTGGTGTCGCTGCAGACACCACGGCGGTCA	15	44	-	37	-0.056757
GAGGGACAAAGACCGTGTGAAGACAGGGCA	0	29	+	38	0.777487
AGGGACAAAGACCGTGTGAAGACAGGGCAG	1	30	+	38	-0.405334
ACAAAGACCGTGTGAAGACAGGGCAGGCTA	5	34	+	38	0.361367
CCGTGTGAAGACAGGGCAGGCTATTGGGTA	12	41	+	38	0.584861
CGTGTGAAGACAGGGCAGGCTATTGGGTAT	13	42	+	38	0.146107
GGCTATTGGGTATGTTACTGCCGATGGGAA	30	59	+	38	-0.162385
GCTATTGGGTATGTTACTGCCGATGGGAAG	31	60	+	38	0.283328
TTGGGTATGTTACTGCCGATGGGAAGGCAC	35	64	+	38	-0.071370
GGCACGTGTGTCGCAGCCCGAACCCGGCCT	60	89	+	38	0.716476
GTGTCGCAGCCCGAACCCGGCCTATGGGGG	67	96	+	38	1.130056
TGTCGCAGCCCGAACCCGGCCTATGGGGGG	68	97	+	38	0.185271
GTCGCAGCCCGAACCCGGCCTATGGGGGGT	69	98	+	38	-0.031320
TCGCAGCCCGAACCCGGCCTATGGGGGGTG	70	99	+	38	0.371414
CGCAGCCCGAACCCGGCCTATGGGGGGTGT	71	100	+	38	-0.103355
CGAACCCGGCCTATGGGGGGTGTCTGGGTC	78	107	+	38	0.796567
GAACCCGGCCTATGGGGGGTGTCTGGGTCT	79	108	+	38	-0.083482
ATGGGGGGTGTCTGGGTCTGCCGATGGGGC	90	119	+	38	-0.109945
TGGGGGGTGTCTGGGTCTGCCGATGGGGCA	91	120	+	38	0.089278
GGGGGGTGTCTGGGTCTGCCGATGGGGCAC	92	121	+	38	-0.676747
ACACACAACCGACAGCTGAGACGAAGGGCT	120	149	+	38	0.123295
AGCTGTCGGTTGTGTGTGCCCCATCGGCAG	107	136	-	38	-0.900527
TCGGCAGACCCAGACACCCCCCATAGGCCG	84	113	-	38	0.495035
CAGACCCAGACACCCCCCATAGGCCGGGTT	80	109	-	38	0.415681
AGACCCAGACACCCCCCATAGGCCGGGTTC	79	108	-	38	-0.069289
CAGACACCCCCCATAGGCCGGGTTCGGGCT	74	103	-	38	0.972169
AGACACCCCCCATAGGCCGGGTTCGGGCTG	73	102	-	38	1.125720
GCTGCGACACACGTGCCTTCCCATCGGCAG	47	76	-	38	-0.265667
CCAATAGCCTGCCCTGTCTTCACACGGTCT	9	38	-	38	-0.554100
CCTGTGCCCCTAACTGTGTAGCGGAGGTCG	0	29	+	39	-0.545622
TGCCCCTAACTGTGTAGCGGAGGTCGGCTG	4	33	+	39	0.515865
GTGTAGCGGAGGTCGGCTGCTCAGTGGTAC	15	44	+	39	0.066789
GCTGCTCAGTGGTACTTAACGTTGAGGTTA	30	59	+	39	-0.394878
TCAGTGGTACTTAACGTTGAGGTTAGGATT	35	64	+	39	-0.140866
GGATTCCGAGCTTCGCTTGAGAACAGGGCA	60	89	+	39	-0.055014
GATTCCGAGCTTCGCTTGAGAACAGGGCAA	61	90	+	39	-0.297611
GAGAACAGGGCAATCTTGATGTTTTGGTCC	78	107	+	39	-0.377755
AATCTTGATGTTTTGGTCCGTCTGAGGGTC	89	118	+	39	0.069528
ATCTTGATGTTTTGGTCCGTCTGAGGGTCA	90	119	+	39	-0.145602
GATGTTTTGGTCCGTCTGAGGGTCAGGGAG	95	124	+	39	-0.191456
ATGTTTTGGTCCGTCTGAGGGTCAGGGAGG	96	125	+	39	0.701905
TTTTGGTCCGTCTGAGGGTCAGGGAGGGAA	99	128	+	39	-0.398428
TTTGGTCCGTCTGAGGGTCAGGGAGGGAAT	100	129	+	39	0.115001
TCCGTCTGAGGGTCAGGGAGGGAATGGGAG	105	134	+	39	0.580529
CCGTCTGAGGGTCAGGGAGGGAATGGGAGG	106	135	+	39	0.781928
TCTGAGGGTCAGGGAGGGAATGGGAGGACG	109	138	+	39	0.260258
AGGGAGGGAATGGGAGGACGCTTGCGGGAT	119	148	+	39	0.719428
GGGAGGGAATGGGAGGACGCTTGCGGGATA	120	149	+	39	0.649073
CCCATTCCCTCCCTGACCCTCAGACGGACC	103	132	-	39	0.102403
ATTGCCCTGTTCTCAAGCGAAGCTCGGAAT	62	91	-	39	0.823351
GCAGCCGACCTCCGCTACACAGTTAGGGGC	5	34	-	39	-0.112028
CAGCCGACCTCCGCTACACAGTTAGGGGCA	4	33	-	39	0.229801
AGCCGACCTCCGCTACACAGTTAGGGGCAC	3	32	-	39	0.667635
GCCGGCCAGGTTCGTCGTGTCAAGAGGGGC	0	29	+	40	-0.366272
CCGGCCAGGTTCGTCGTGTCAAGAGGGGCG	1	30	+	40	-0.792090
CGGCCAGGTTCGTCGTGTCAAGAGGGGCGG	2	31	+	40	0.044870
CCAGGTTCGTCGTGTCAAGAGGGGCGGGCA	5	34	+	40	0.106283
CAGGTTCGTCGTGTCAAGAGGGGCGGGCAC	6	35	+	40	0.815885
AGAGGGGCGGGCACGTGACGCGCACGGCCA	22	51	+	40	0.797024
CGGGCACGTGACGCGCACGGCCAATGGGGG	29	58	+	40	0.937367
GGGCACGTGACGCGCACGGCCAATGGGGGC	30	59	+	40	0.265276
GGCACGTGACGCGCACGGCCAATGGGGGCT	31	60	+	40	0.121906
GCACGTGACGCGCACGGCCAATGGGGGCTA	32	61	+	40	0.498072
ATGGGGGCTAAACTCGAACTTCGCCGGTTA	52	81	+	40	0.465429
CTAAACTCGAACTTCGCCGGTTAATGGGCT	59	88	+	40	0.858943
TAAACTCGAACTTCGCCGGTTAATGGGCTT	60	89	+	40	0.011537
TCGAACTTCGCCGGTTAATGGGCTTGGGGG	65	94	+	40	-0.207293
CGAACTTCGCCGGTTAATGGGCTTGGGGGC	66	95	+	40	0.578046
GAACTTCGCCGGTTAATGGGCTTGGGGGCG	67	96	+	40	0.648053
AACTTCGCCGGTTAATGGGCTTGGGGGCGC	68	97	+	40	0.236081
GTTAATGGGCTTGGGGGCGCACACAGGGCG	78	107	+	40	0.359203
TTAATGGGCTTGGGGGCGCACACAGGGCGG	79	108	+	40	-0.200775
ATGGGCTTGGGGGCGCACACAGGGCGGGAA	82	111	+	40	0.191137
TGGGCTTGGGGGCGCACACAGGGCGGGAAA	83	112	+	40	0.103882
GGGGGCGCACACAGGGCGGGAAAGTGGCGG	90	119	+	40	0.665151
GGCGCACACAGGGCGGGAAAGTGGCGGCAA	93	122	+	40	0.203151
GGCGGGAAAGTGGCGGCAACAGCAAGGAGT	104	133	+	40	-0.134519
CAACAGCAAGGAGTGAATTTCCCCTGGAAT	120	149	+	40	-0.043979
GTGTGCGCCCCCAAGCCCATTAACCGGCGA	72	101	-	40	0.192525
GCGAAGTTCGAGTTTAGCCCCCATTGGCCG	46	75	-	40	0.505565
CCGCCCCTCTTGACACGACGAACCTGGCCG	2	31	-	40	0.673044
TGGGACCGCACGGGAGCCGAGGCAGGGGAT	0	29	+	41	0.697344
GGGACCGCACGGGAGCCGAGGCAGGGGATA	1	30	+	41	0.457450
AGGGGATATTCAGTCCACTACCGATGGGAC	23	52	+	41	0.183487
GGGGATATTCAGTCCACTACCGATGGGACG	24	53	+	41	-0.005648
ATATTCAGTCCACTACCGATGGGACGGGGG	28	57	+	41	0.148465
TATTCAGTCCACTACCGATGGGACGGGGGG	29	58	+	41	0.452558
ATTCAGTCCACTACCGATGGGACGGGGGGC	30	59	+	41	0.630741
TTCAGTCCACTACCGATGGGACGGGGGGCC	31	60	+	41	0.275606
TCAGTCCACTACCGATGGGACGGGGGGCCA	32	61	+	41	0.445364
GATGGGACGGGGGGCCAAGATATCTGGTGG	45	74	+	41	0.301589
GGGACGGGGGGCCAAGATATCTGGTGGAAC	48	77	+	41	0.019057
CAAGATATCTGGTGGAACATCTCGAGGTGA	60	89	+	41	0.034294
GGAACATCTCGAGGTGAAGAAAGTTGGAAA	73	102	+	41	0.046959
CGAGGTGAAGAAAGTTGGAAAGCTCGGCGT	82	111	+	41	0.274756
AGAAAGTTGGAAAGCTCGGCGTGTTGGATA	90	119	+	41	0.077999
ACTCACAATTCCATATTACGATGCTGGGCT	119	148	+	41	0.485857
CTCACAATTCCATATTACGATGCTGGGCTG	120	149	+	41	0.297501
CTCGAGATGTTCCACCAGATATCTTGGCCC	56	85	-	41	-0.298746
AGATATCTTGGCCCCCCGTCCCATCGGTAG	40	69	-	41	-0.401062
CTTGGCCCCCCGTCCCATCGGTAGTGGACT	34	63	-	41	0.360525
TAGTGGACTGAATATCCCCTGCCTCGGCTC	13	42	-	41	0.310730
ATATCCCCTGCCTCGGCTCCCGTGCGGTCC	2	31	-	41	-0.271421
TTTATCAATTGCAGCCCGTGGACGGGGAGC	0	29	+	42	-0.162200
GCCATGTCCCCATAACTACGCTTGCGGGGA	28	57	+	42	0.216201
CCATGTCCCCATAACTACGCTTGCGGGGAT	29	58	+	42	0.474511
CATGTCCCCATAACTACGCTTGCGGGGATT	30	59	+	42	-0.115435
CATAACTACGCTTGCGGGGATTGAAGGCAC	38	67	+	42	-0.069234
CTACGCTTGCGGGGATTGAAGGCACGGCTG	43	72	+	42	-0.358945
GCTTGCGGGGATTGAAGGCACGGCTGGAAC	47	76	+	42	0.590873
GATTGAAGGCACGGCTGGAACGTCCGGCTG	56	85	+	42	0.176055
GAAGGCACGGCTGGAACGTCCGGCTGGCTA	60	89	+	42	0.023413
TGCTGAAGTCTCCCCTGATCTGATAGGACA	90	119	+	42	-0.686377
CTGATCTGATAGGACAACAGCTAGTGGCAT	104	133	+	42	0.698347
ACAGCTAGTGGCATAGCCAACTTGAGGTGC	120	149	+	42	0.591888
CACTAGCTGTTGTCCTATCAGATCAGGGGA	100	129	-	42	-0.123138
ACTAGCTGTTGTCCTATCAGATCAGGGGAG	99	128	-	42	0.369740
CTAGCTGTTGTCCTATCAGATCAGGGGAGA	98	127	-	42	0.352321
AGGGGAGACTTCAGCATAGCCAGCCGGACG	76	105	-	42	-0.076301
CTTCAATCCCCGCAAGCGTAGTTATGGGGA	34	63	-	42	-0.143248
TTCAATCCCCGCAAGCGTAGTTATGGGGAC	33	62	-	42	0.071227
TCAATCCCCGCAAGCGTAGTTATGGGGACA	32	61	-	42	-0.609010
CCCGCAAGCGTAGTTATGGGGACATGGCTC	26	55	-	42	0.335402
TATGGGGACATGGCTCCCCGTCCACGGGCT	12	41	-	42	0.727751
ATGGGGACATGGCTCCCCGTCCACGGGCTG	11	40	-	42	0.780360
GGCCGCCATCCTCGAAGAAGACGAGGGTCT	0	29	+	43	0.537177
TCGAAGAAGACGAGGGTCTCTGTGTGGAGC	11	40	+	43	-0.655695
ACGAGGGTCTCTGTGTGGAGCACCCGGGCC	20	49	+	43	0.970123
CGAGGGTCTCTGTGTGGAGCACCCGGGCCG	21	50	+	43	0.198174
GGTCTCTGTGTGGAGCACCCGGGCCGGCTA	25	54	+	43	0.047819
CTGTGTGGAGCACCCGGGCCGGCTAGGGGA	30	59	+	43	0.252326
TGTGTGGAGCACCCGGGCCGGCTAGGGGAG	31	60	+	43	0.989855
GTGTGGAGCACCCGGGCCGGCTAGGGGAGA	32	61	+	43	0.914764
CCGGGCCGGCTAGGGGAGAAGAGTTGGATA	43	72	+	43	-0.137640
GAAGAGTTGGATACTCAGCGTCGCTGGCAG	60	89	+	43	0.543100
GCAGCTCCCCACCTTCTTAAACTGCGGGTG	86	115	+	43	-0.310210
CAGCTCCCCACCTTCTTAAACTGCGGGTGG	87	116	+	43	0.033268
CTCCCCACCTTCTTAAACTGCGGGTGGCAA	90	119	+	43	0.409061
TTCTTAAACTGCGGGTGGCAACACTGGCCT	99	128	+	43	-0.040891
CGGGTGGCAACACTGGCCTACTACAGGGAC	110	139	+	43	0.695543
GGGTGGCAACACTGGCCTACTACAGGGACG	111	140	+	43	-0.416233
CACTGGCCTACTACAGGGACGCTGAGGCCT	120	149	+	43	0.373077
AGTGTTGCCACCCGCAGTTTAAGAAGGTGG	94	123	-	43	-0.353562
GTTGCCACCCGCAGTTTAAGAAGGTGGGGA	91	120	-	43	-0.130175
TTGCCACCCGCAGTTTAAGAAGGTGGGGAG	90	119	-	43	0.405915
TGCCACCCGCAGTTTAAGAAGGTGGGGAGC	89	118	-	43	0.145451
AGTATCCAACTCTTCTCCCCTAGCCGGCCC	45	74	-	43	0.058156
CCAACTCTTCTCCCCTAGCCGGCCCGGGTG	40	69	-	43	-0.116275
CAACTCTTCTCCCCTAGCCGGCCCGGGTGC	39	68	-	43	0.933462
ACACAGAGACCCTCGTCTTCTTCGAGGATG	6	35	-	43	-0.580260
AGAGACCCTCGTCTTCTTCGAGGATGGCGG	2	31	-	43	0.038195
GACACCAGAAGATGATATGCCGATAGGACG	0	29	+	44	0.086193
TGCCGATAGGACGATTATCTGCAATGGACC	17	46	+	44	-0.448796
ATAGGACGATTATCTGCAATGGACCGGGTT	22	51	+	44	0.056082
TAGGACGATTATCTGCAATGGACCGGGTTA	23	52	+	44	0.524915
ATTATCTGCAATGGACCGGGTTAATGGGAG	30	59	+	44	0.512872
TTATCTGCAATGGACCGGGTTAATGGGAGC	31	60	+	44	0.031914
AATGGACCGGGTTAATGGGAGCAAAGGTGA	39	68	+	44	0.701832
CAAAGGTGAGATGATATCAACCTCTGGTTC	60	89	+	44	0.349021
TGAGATGATATCAACCTCTGGTTCCGGCGG	66	95	+	44	0.265602
GATGATATCAACCTCTGGTTCCGGCGGTAG	69	98	+	44	-0.075720
CGGCGGTAGCGAGCGACACTCCGCAGGATT	90	119	+	44	0.283082
CGACACTCCGCAGGATTGCAGCTGCGGCAC	103	132	+	44	-0.312138
TCCGCAGGATTGCAGCTGCGGCACTGGCCT	109	138	+	44	0.084371
GCAGCTGCGGCACTGGCCTACTACAGGGAC	120	149	+	44	0.444219
GCCAGTGCCGCAGCTGCAATCCTGCGGAGT	107	136	-	44	-0.086366
CTGCGGAGTGTCGCTCGCTACCGCCGGAAC	86	115	-	44	0.224553
GTCGCTCGCTACCGCCGGAACCAGAGGTTG	77	106	-	44	-0.109756
ATCTCACCTTTGCTCCCATTAACCCGGTCC	42	71	-	44	-0.553106
GTCCATTGCAGATAATCGTCCTATCGGCAT	16	45	-	44	-0.160192
TCGTCCTATCGGCATATCATCTTCTGGTGT	1	30	-	44	-0.098101
CGGCGGGGGCTACGGCGGACGCTACGGCGG	0	29	+	45	-0.052852
CGGGGGCTACGGCGGACGCTACGGCGGATG	3	32	+	45	-0.031689
ACGGCGGACGCTACGGCGGATGCTAGGGCG	11	40	+	45	0.346380
CGGCGGACGCTACGGCGGATGCTAGGGCGC	12	41	+	45	-0.231516
ATGCTAGGGCGCCTGATTTAAGAATGGGTG	30	59	+	45	-0.509961
TGCTAGGGCGCCTGATTTAAGAATGGGTGC	31	60	+	45	-0.410643
CCTCATAGATTTTCTCCCGCCGATTGGCCA	60	89	+	45	0.225036
CCAACTCTTCGAACTCCCGCTCGATGGTGG	87	116	+	45	0.285355
ACTCTTCGAACTCCCGCTCGATGGTGGTGG	90	119	+	45	0.358236
CTTCGAACTCCCGCTCGATGGTGGTGGGCC	93	122	+	45	0.232276
TTCGAACTCCCGCTCGATGGTGGTGGGCCA	94	123	+	45	0.356261
GCCAAACCCTACCGAACTCAGATCTGGATT	120	149	+	45	0.094396
TCCAGATCTGAGTTCGGTAGGGTTTGGCCC	118	147	-	45	0.307277
AGGGTTTGGCCCACCACCATCGAGCGGGAG	100	129	-	45	0.151790
GGGTTTGGCCCACCACCATCGAGCGGGAGT	99	128	-	45	0.132042
CCATCGAGCGGGAGTTCGAAGAGTTGGCCA	84	113	-	45	-0.113629
CGGGAGTTCGAAGAGTTGGCCAATCGGCGG	76	105	-	45	0.023320
GAGTTCGAAGAGTTGGCCAATCGGCGGGAG	73	102	-	45	0.287754
AGTTCGAAGAGTTGGCCAATCGGCGGGAGA	72	101	-	45	-0.026623
CCAATCGGCGGGAGAAAATCTATGAGGCAC	57	86	-	45	-0.382268
CTATGAGGCACCCATTCTTAAATCAGGCGC	38	67	-	45	0.017810
GGACACCATTCAGTCCACTACCGATGGGAC	0	29	+	46	0.127291
GACACCATTCAGTCCACTACCGATGGGACA	1	30	+	46	-0.225561
TCCACTACCGATGGGACAAATACATGGTAA	13	42	+	46	-0.324321
AAATACATGGTAAGTCAGAAGACCAGGAAA	30	59	+	46	-0.085131
AAGTCAGAAGACCAGGAAACTTTGTGGAAT	41	70	+	46	-0.146952
CTTTGTGGAATAACAGACTACTGAAGGTAA	60	89	+	46	0.366736
GACTACTGAAGGTAATAAAAGTTTCGGACT	75	104	+	46	0.194628
TAAAAGTTTCGGACTCCTCCACAATGGCTT	90	119	+	46	-0.215871
CACAATGGCTTAAGAATATCCCTCTGGGCT	109	138	+	46	-0.560238
ACAATGGCTTAAGAATATCCCTCTGGGCTA	110	139	+	46	0.239012
AAGAATATCCCTCTGGGCTAAAGATGGCTC	120	149	+	46	0.141167
CAGAGGGATATTCTTAAGCCATTGTGGAGG	105	134	-	46	0.292276
AGGGATATTCTTAAGCCATTGTGGAGGAGT	102	131	-	46	-0.586583
AGTCTGTTATTCCACAAAGTTTCCTGGTCT	49	78	-	46	0.050939
TGACTTACCATGTATTTGTCCCATCGGTAG	17	46	-	46	-0.817011
ACCATGTATTTGTCCCATCGGTAGTGGACT	11	40	-	46	-0.046504
TTGTCCCATCGGTAGTGGACTGAATGGTGT	2	31	-	46	-0.174315
TCCCAGTTTGGTTTCGTAGGCGCGGGGCCG	0	29	+	47	0.257843
TGGTTTCGTAGGCGCGGGGCCGACAGGGCG	8	37	+	47	0.314600
GGTTTCGTAGGCGCGGGGCCGACAGGGCGG	9	38	+	47	0.085998
TTCGTAGGCGCGGGGCCGACAGGGCGGGAA	12	41	+	47	-0.290851
TCGTAGGCGCGGGGCCGACAGGGCGGGAAA	13	42	+	47	0.282214
CGCGGGGCCGACAGGGCGGGAAAGTGGCGG	20	49	+	47	0.630449
GGGGCCGACAGGGCGGGAAAGTGGCGGTAG	23	52	+	47	0.399772
CCGACAGGGCGGGAAAGTGGCGGTAGGCGG	27	56	+	47	0.968413
ACAGGGCGGGAAAGTGGCGGTAGGCGGGAG	30	59	+	47	0.941679
CAGGGCGGGAAAGTGGCGGTAGGCGGGAGC	31	60	+	47	0.759215
GGAAAGTGGCGGTAGGCGGGAGCCAGGGTA	38	67	+	47	0.826754
GAAAGTGGCGGTAGGCGGGAGCCAGGGTAG	39	68	+	47	0.287290
GTGGCGGTAGGCGGGAGCCAGGGTAGGGAT	43	72	+	47	0.542773
TGGCGGTAGGCGGGAGCCAGGGTAGGGATC	44	73	+	47	0.679014
CCAGGGTAGGGATCCATGAAGCAGAGGCGG	60	89	+	47	0.056244
GGGTAGGGATCCATGAAGCAGAGGCGGGAT	63	92	+	47	0.433795
GGTAGGGATCCATGAAGCAGAGGCGGGATT	64	93	+	47	1.342755
GGGATTTGTGCATATTTATTGCATCGGGGC	88	117	+	47	-0.849255
GGATTTGTGCATATTTATTGCATCGGGGCA	89	118	+	47	0.273291
GATTTGTGCATATTTATTGCATCGGGGCAA	90	119	+	47	-0.096747
TTGCATCGGGGCAAGAGAAGCCATTGGTGT	106	135	+	47	0.615570
GAGAAGCCATTGGTGTTGACGCTGAGGGCT	120	149	+	47	-0.423358
TGCACAAATCCCGCCTCTGCTTCATGGATC	70	99	-	47	-0.302595
CCTCTGCTTCATGGATCCCTACCCTGGCTC	57	86	-	47	0.312590
CCTACCGCCACTTTCCCGCCCTGTCGGCCC	24	53	-	47	0.159781
TCCCTGGTACCAAGCGCTTAGAGCAGGTGG	0	29	+	48	-0.296190
CTGGTACCAAGCGCTTAGAGCAGGTGGACC	3	32	+	48	0.584019
GTGGACCACGAAAACCCTCACTCGCGGCGG	26	55	+	48	0.084768
GACCACGAAAACCCTCACTCGCGGCGGGCC	29	58	+	48	-0.015810
ACCACGAAAACCCTCACTCGCGGCGGGCCG	30	59	+	48	0.727645
GCCGTTACAGACTTTGATGAAGTCCGGCAG	56	85	+	48	0.364970
TTACAGACTTTGATGAAGTCCGGCAGGAGA	60	89	+	48	-0.087858
ATAAGATCTTCGTCAACATCCCCCTGGAAA	90	119	+	48	0.086461
TCTTCGTCAACATCCCCCTGGAAATGGACT	96	125	+	48	0.561138
TGGACTTGAGCTGTAGTTTGACTATGGGAT	120	149	+	48	-0.215462
AAACTACAGCTCAAGTCCATTTCCAGGGGG	109	138	-	48	-0.132981
AACTACAGCTCAAGTCCATTTCCAGGGGGA	108	137	-	48	-0.887203
ACTACAGCTCAAGTCCATTTCCAGGGGGAT	107	136	-	48	-0.387500
CTACAGCTCAAGTCCATTTCCAGGGGGATG	106	135	-	48	-0.506392
TTGACGAAGATCTTATTCTCCTGCCGGACT	76	105	-	48	-0.025131
GCCGGACTTCATCAAAGTCTGTAACGGCCC	54	83	-	48	0.141929
GTCTGTAACGGCCCGCCGCGAGTGAGGGTT	38	67	-	48	0.311947
TCTGTAACGGCCCGCCGCGAGTGAGGGTTT	37	66	-	48	0.447088
GCCCGCCGCGAGTGAGGGTTTTCGTGGTCC	28	57	-	48	-0.593183
CGTGGTCCACCTGCTCTAAGCGCTTGGTAC	6	35	-	48	0.178341
TCTGGAGCCTGCCTTCGTCCTCGATGGGTG	0	29	+	49	-0.010248
CTGGAGCCTGCCTTCGTCCTCGATGGGTGC	1	30	+	49	-0.055440
GGGTGCCATTCAGTCCACTACCGATGGGAC	25	54	+	49	0.174131
GGTGCCATTCAGTCCACTACCGATGGGACG	26	55	+	49	-0.031489
CCATTCAGTCCACTACCGATGGGACGGGGG	30	59	+	49	0.148465
CATTCAGTCCACTACCGATGGGACGGGGGC	31	60	+	49	0.452558
ATTCAGTCCACTACCGATGGGACGGGGGCA	32	61	+	49	0.630741
TTCAGTCCACTACCGATGGGACGGGGGCAA	33	62	+	49	0.275606
TACCGATGGGACGGGGGCAAACTGTGGCAG	43	72	+	49	0.046729
GCAAACTGTGGCAGCAACGTCAGTCGGGCA	59	88	+	49	0.121588
CAAACTGTGGCAGCAACGTCAGTCGGGCAA	60	89	+	49	0.261200
AACGTCAGTCGGGCAATGATGCTGCGGCCG	74	103	+	49	-0.272506
AGTCGGGCAATGATGCTGCGGCCGTGGCTG	80	109	+	49	0.314416
TGATGCTGCGGCCGTGGCTGCATTTGGGGA	90	119	+	49	0.182099
GATGCTGCGGCCGTGGCTGCATTTGGGGAC	91	120	+	49	0.203976
ATGCTGCGGCCGTGGCTGCATTTGGGGACC	92	121	+	49	-0.618780
GGCTGCATTTGGGGACCCATTAGCAGGTGG	105	134	+	49	-0.015547
TGCATTTGGGGACCCATTAGCAGGTGGGTT	108	137	+	49	-0.103597
GCATTTGGGGACCCATTAGCAGGTGGGTTT	109	138	+	49	0.079493
CCCATTAGCAGGTGGGTTTAGCGCTGGGAG	120	149	+	49	-0.815004
CCCAGCGCTAAACCCACCTGCTAATGGGTC	118	147	-	49	0.711247
CCAGCGCTAAACCCACCTGCTAATGGGTCC	117	146	-	49	0.376105
CTAATGGGTCCCCAAATGCAGCCACGGCCG	98	127	-	49	0.166220
TGCCACAGTTTGCCCCCGTCCCATCGGTAG	42	71	-	49	-0.684830
AGTTTGCCCCCGTCCCATCGGTAGTGGACT	36	65	-	49	0.308197
CCGTCCCATCGGTAGTGGACTGAATGGCAC	27	56	-	49	-0.174315
TAGTGGACTGAATGGCACCCATCGAGGACG	15	44	-	49	0.192283
CTGAATGGCACCCATCGAGGACGAAGGCAG	8	37	-	49	0.936888
ATGGCACCCATCGAGGACGAAGGCAGGCTC	4	33	-	49	0.692608
ACGGCCGGGTGAAATGGGTGTCGCTGGGTG	0	29	+	50	0.440100
CGGCCGGGTGAAATGGGTGTCGCTGGGTGG	1	30	+	50	0.360159
CCGGGTGAAATGGGTGTCGCTGGGTGGGGC	4	33	+	50	-0.155298
CGGGTGAAATGGGTGTCGCTGGGTGGGGCG	5	34	+	50	0.054494
GGGTGAAATGGGTGTCGCTGGGTGGGGCGT	6	35	+	50	0.253033
AAATGGGTGTCGCTGGGTGGGGCGTGGACC	11	40	+	50	0.883509
GGGCGTGGACCCCGTCATTGTTCCCGGCTA	30	59	+	50	-0.106881
CCGTCATTGTTCCCGGCTAGAGAGTGGCGG	41	70	+	50	-0.033366
TCATTGTTCCCGGCTAGAGAGTGGCGGGGT	44	73	+	50	0.504908
CATTGTTCCCGGCTAGAGAGTGGCGGGGTC	45	74	+	50	0.655093
ATTGTTCCCGGCTAGAGAGTGGCGGGGTCG	46	75	+	50	0.333737
TTCCCGGCTAGAGAGTGGCGGGGTCGGCGC	50	79	+	50	0.753037
AGAGAGTGGCGGGGTCGGCGCAGTTGGGCT	59	88	+	50	0.382139
GAGAGTGGCGGGGTCGGCGCAGTTGGGCTC	60	89	+	50	0.684412
GCGGGGTCGGCGCAGTTGGGCTCCTGGGAG	67	96	+	50	0.604643
CGGGGTCGGCGCAGTTGGGCTCCTGGGAGT	68	97	+	50	0.002902
TCGGCGCAGTTGGGCTCCTGGGAGTGGTCG	73	102	+	50	0.083775
GTTGGGCTCCTGGGAGTGGTCGCGCGGAAA	81	110	+	50	-0.260299
CTGGGAGTGGTCGCGCGGAAACTCTGGCTC	90	119	+	50	0.352986
TCTGGCTCTATTGCAGCTTGTGCGCGGTAA	112	141	+	50	-0.005342
TATTGCAGCTTGTGCGCGGTAATTAGGTTG	120	149	+	50	-0.294811
CAGAGTTTCCGCGCGACCACTCCCAGGAGC	86	115	-	50	0.263734
GCGCCGACCCCGCCACTCTCTAGCCGGGAA	50	79	-	50	-0.213924
CGCCGACCCCGCCACTCTCTAGCCGGGAAC	49	78	-	50	-0.228707
CCACTCTCTAGCCGGGAACAATGACGGGGT	38	67	-	50	-0.156087
CACTCTCTAGCCGGGAACAATGACGGGGTC	37	66	-	50	0.081425
ACTCTCTAGCCGGGAACAATGACGGGGTCC	36	65	-	50	-0.174979
CCACCCAGCGACACCCATTTCACCCGGCCG	1	30	-	50	-0.458098
AGGAGACAGACACCCCGTCCTCGCTGGCCA	0	29	+	51	0.155277
ACAGACACCCCGTCCTCGCTGGCCAGGCAG	5	34	+	51	0.064018
GCCAGGCAGATTTCGCACAAAACACGGAGG	26	55	+	51	0.253703
AGGCAGATTTCGCACAAAACACGGAGGGCT	29	58	+	51	0.129714
GGCAGATTTCGCACAAAACACGGAGGGCTA	30	59	+	51	0.219944
TCGCACAAAACACGGAGGGCTACAAGGATA	38	67	+	51	0.249259
CACGGAGGGCTACAAGGATAACCAAGGCAG	48	77	+	51	0.055058
GAGGGCTACAAGGATAACCAAGGCAGGGGC	52	81	+	51	0.785465
AGGGCTACAAGGATAACCAAGGCAGGGGCG	53	82	+	51	0.871729
GGGCTACAAGGATAACCAAGGCAGGGGCGC	54	83	+	51	0.671077
CAAGGATAACCAAGGCAGGGGCGCTGGAGA	60	89	+	51	0.754180
ATAACCAAGGCAGGGGCGCTGGAGAGGGAG	65	94	+	51	-0.342377
TAACCAAGGCAGGGGCGCTGGAGAGGGAGG	66	95	+	51	0.210836
CCAAGGCAGGGGCGCTGGAGAGGGAGGGCG	69	98	+	51	0.419623
CAAGGCAGGGGCGCTGGAGAGGGAGGGCGG	70	99	+	51	0.499012
GGCAGGGGCGCTGGAGAGGGAGGGCGGTGT	73	102	+	51	0.722495
GGGAGGGCGGTGTAACCTGTGCTCTGGCTG	90	119	+	51	0.339909
CTGTGCTCTGGCTGATCCTTTTAACGGACC	106	135	+	51	-0.453314
GGCTGATCCTTTTAACGGACCCAATGGAGA	115	144	+	51	-0.097605
ATCCTTTTAACGGACCCAATGGAGAGGCAG	120	149	+	51	-0.255785
TGCCTCTCCATTGGGTCCGTTAAAAGGATC	119	148	-	51	-0.343970
CGTTAAAAGGATCAGCCAGAGCACAGGTTA	102	131	-	51	0.474482
CCTCCCTCTCCAGCGCCCCTGCCTTGGTTA	66	95	-	51	0.035989
TCCGTGTTTTGTGCGAAATCTGCCTGGCCA	24	53	-	51	-0.277799
TGTGCGAAATCTGCCTGGCCAGCGAGGACG	15	44	-	51	0.184091
CGAAATCTGCCTGGCCAGCGAGGACGGGGT	11	40	-	51	0.164617
GAAATCTGCCTGGCCAGCGAGGACGGGGTG	10	39	-	51	0.648947
AAATCTGCCTGGCCAGCGAGGACGGGGTGT	9	38	-	51	0.638707
CAGATGTGCTGATTGTAGTAGCACTGGAAG	0	29	+	52	0.075770
CACTGGAAGCTCTCCTTCCATTGATGGCCG	21	50	+	52	-0.380567
CTCTCCTTCCATTGATGGCCGACTAGGCCC	30	59	+	52	-0.184088
CTTCCATTGATGGCCGACTAGGCCCGGGTG	35	64	+	52	0.001891
TTCCATTGATGGCCGACTAGGCCCGGGTGC	36	65	+	52	0.379040
GGCCCGGGTGCTGCGCATTCAATACGGCGG	55	84	+	52	-0.502695
CCGGGTGCTGCGCATTCAATACGGCGGGGT	58	87	+	52	0.014058
CGGGTGCTGCGCATTCAATACGGCGGGGTG	59	88	+	52	0.133347
GGGTGCTGCGCATTCAATACGGCGGGGTGC	60	89	+	52	0.026881
ATACGGCGGGGTGCGCAGAACCGACGGAGG	76	105	+	52	0.173324
CGGCGGGGTGCGCAGAACCGACGGAGGGCG	79	108	+	52	0.973397
GGCGGGGTGCGCAGAACCGACGGAGGGCGT	80	109	+	52	0.813924
GCGCAGAACCGACGGAGGGCGTAGTGGGGA	88	117	+	52	0.355130
CGCAGAACCGACGGAGGGCGTAGTGGGGAC	89	118	+	52	0.282592
GCAGAACCGACGGAGGGCGTAGTGGGGACA	90	119	+	52	0.594567
GGAGGGCGTAGTGGGGACAAGAAATGGGAT	101	130	+	52	0.403489
GAGGGCGTAGTGGGGACAAGAAATGGGATC	102	131	+	52	0.355321
TGGGGACAAGAAATGGGATCTGCCCGGCGC	112	141	+	52	0.076763
AGAAATGGGATCTGCCCGGCGCAGTGGCTC	120	149	+	52	-0.033869
TCTTGTCCCCACTACGCCCTCCGTCGGTTC	93	122	-	52	0.116441
CCGCCGTATTGAATGCGCAGCACCCGGGCC	55	84	-	52	1.072344
CGCCGTATTGAATGCGCAGCACCCGGGCCT	54	83	-	52	0.160987
GAATGCGCAGCACCCGGGCCTAGTCGGCCA	45	74	-	52	0.096415
CACCCGGGCCTAGTCGGCCATCAATGGAAG	35	64	-	52	0.253753
CGGGCCTAGTCGGCCATCAATGGAAGGAGA	31	60	-	52	-0.131608
TGCTGGACGGGCACGTGACGCGCACGGCCA	0	29	+	53	0.520113
CGTGACGCGCACGGCCATGAGTGATGGACA	13	42	+	53	0.098207
CCATGAGTGATGGACACAACACCGCGGAGG	27	56	+	53	0.117883
TGAGTGATGGACACAACACCGCGGAGGAGG	30	59	+	53	0.417467
GTGATGGACACAACACCGCGGAGGAGGCAC	33	62	+	53	0.962116
AGGCACACTTCTACCAATCGCCTTAGGAGG	57	86	+	53	0.362553
CACACTTCTACCAATCGCCTTAGGAGGGCT	60	89	+	53	-0.090707
ACACTTCTACCAATCGCCTTAGGAGGGCTG	61	90	+	53	-0.098739
TTCTACCAATCGCCTTAGGAGGGCTGGGGG	65	94	+	53	0.351780
TCTACCAATCGCCTTAGGAGGGCTGGGGGG	66	95	+	53	0.663479
CTACCAATCGCCTTAGGAGGGCTGGGGGGG	67	96	+	53	0.975659
TACCAATCGCCTTAGGAGGGCTGGGGGGGT	68	97	+	53	0.432691
ACCAATCGCCTTAGGAGGGCTGGGGGGGTG	69	98	+	53	-0.278837
CCAATCGCCTTAGGAGGGCTGGGGGGGTGG	70	99	+	53	-0.119180
ATCGCCTTAGGAGGGCTGGGGGGGTGGGGA	73	102	+	53	0.038838
TCGCCTTAGGAGGGCTGGGGGGGTGGGGAC	74	103	+	53	0.444367
CGCCTTAGGAGGGCTGGGGGGGTGGGGACC	75	104	+	53	0.714426
GGGGGGGTGGGGACCCGCTAGACCTGGCAG	90	119	+	53	0.557668
GGGTGGGGACCCGCTAGACCTGGCAGGACA	94	123	+	53	0.412208
GACACTCCACAAATTCGCACGCCCAGGCAC	120	149	+	53	0.501925
TGCGAATTTGTGGAGTGTCCTGCCAGGTCT	109	138	-	53	-0.388740
TGTGGAGTGTCCTGCCAGGTCTAGCGGGTC	101	130	-	53	0.038304
GTGGAGTGTCCTGCCAGGTCTAGCGGGTCC	100	129	-	53	-0.030653
GTCCCCACCCCCCCAGCCCTCCTAAGGCGA	74	103	-	53	0.102315
CCCCCCCAGCCCTCCTAAGGCGATTGGTAG	67	96	-	53	0.477784
ATTGGTAGAAGTGTGCCTCCTCCGCGGTGT	45	74	-	53	-0.049929
CCGCGGTGTTGTGTCCATCACTCATGGCCG	24	53	-	53	0.030647
GTATAGCTATCCCGCACACTCATGAGGCAG	0	29	+	54	-0.158819
TCCCGCACACTCATGAGGCAGCGCTGGTAA	9	38	+	54	0.300547
CGCTGGTAATCCCAACACTTAGTGAGGCTG	30	59	+	54	-0.074708
GGTAATCCCAACACTTAGTGAGGCTGGCAG	34	63	+	54	0.417155
TGAGGCTGGCAGTGAGCTGAGATCCGGGCC	52	81	+	54	0.373733
GAGGCTGGCAGTGAGCTGAGATCCGGGCCA	53	82	+	54	0.475694
GCAGTGAGCTGAGATCCGGGCCACTGGCCT	60	89	+	54	1.045784
GCTGAGATCCGGGCCACTGGCCTGTGGTTC	67	96	+	54	0.782004
CACTGGCCTGTGGTTCACATCCCGCGGCTC	81	110	+	54	-0.023418
CTGTGGTTCACATCCCGCGGCTCACGGGGG	88	117	+	54	1.259272
TGTGGTTCACATCCCGCGGCTCACGGGGGA	89	118	+	54	0.270402
GTGGTTCACATCCCGCGGCTCACGGGGGAG	90	119	+	54	-0.074806
TGGTTCACATCCCGCGGCTCACGGGGGAGG	91	120	+	54	-0.277060
TTCACATCCCGCGGCTCACGGGGGAGGGGG	94	123	+	54	-0.045940
TCACATCCCGCGGCTCACGGGGGAGGGGGT	95	124	+	54	0.852434
CACATCCCGCGGCTCACGGGGGAGGGGGTC	96	125	+	54	0.680692
ACATCCCGCGGCTCACGGGGGAGGGGGTCA	97	126	+	54	0.901909
CGGCTCACGGGGGAGGGGGTCAAACGGATC	105	134	+	54	0.124289
GGGGGTCAAACGGATCCACCACGATGGGCT	119	148	+	54	0.177725
GGGGTCAAACGGATCCACCACGATGGGCTC	120	149	+	54	0.410631
TTTGACCCCCTCCCCCGTGAGCCGCGGGAT	99	128	-	54	0.136693
TTGACCCCCTCCCCCGTGAGCCGCGGGATG	98	127	-	54	0.183446
CGTGAGCCGCGGGATGTGAACCACAGGCCA	84	113	-	54	0.037172
CGCGGGATGTGAACCACAGGCCAGTGGCCC	77	106	-	54	0.954202
GATGTGAACCACAGGCCAGTGGCCCGGATC	72	101	-	54	0.193550
CTCACTGCCAGCCTCACTAAGTGTTGGGAT	38	67	-	54	0.155592
TCACTGCCAGCCTCACTAAGTGTTGGGATT	37	66	-	54	0.172923
TACCAGCGCTGCCTCATGAGTGTGCGGGAT	8	37	-	54	0.063507
ACCAGCGCTGCCTCATGAGTGTGCGGGATA	7	36	-	54	0.548487
TGCTTCTCTACAATATTTCGGATCTGGCGC	0	29	+	55	0.352574
GGATCTGGCGCCAGAGACTTCAACAGGTAT	19	48	+	55	-0.036672
CAGAGACTTCAACAGGTATCTAGCAGGTGA	30	59	+	55	-0.555604
CAGGTATCTAGCAGGTGAATAAATCGGGAA	42	71	+	55	-0.190025
AGGTATCTAGCAGGTGAATAAATCGGGAAT	43	72	+	55	-0.194557
GGTGAATAAATCGGGAATAAACGTAGGGCA	55	84	+	55	-0.214714
GTGAATAAATCGGGAATAAACGTAGGGCAG	56	85	+	55	-0.184130
ATAAATCGGGAATAAACGTAGGGCAGGCAG	60	89	+	55	0.360614
ATCGGGAATAAACGTAGGGCAGGCAGGGTG	64	93	+	55	0.707721
TCGGGAATAAACGTAGGGCAGGCAGGGTGG	65	94	+	55	0.718230
GGAATAAACGTAGGGCAGGCAGGGTGGCAC	68	97	+	55	-0.178021
AACGTAGGGCAGGCAGGGTGGCACTGGGGG	74	103	+	55	0.621886
ACGTAGGGCAGGCAGGGTGGCACTGGGGGA	75	104	+	55	0.892037
CGTAGGGCAGGCAGGGTGGCACTGGGGGAC	76	105	+	55	-0.173196
GTAGGGCAGGCAGGGTGGCACTGGGGGACG	77	106	+	55	0.240512
GCAGGGTGGCACTGGGGGACGTCCCGGATG	86	115	+	55	0.160126
GGTGGCACTGGGGGACGTCCCGGATGGCAC	90	119	+	55	-0.022378
CACTGGGGGACGTCCCGGATGGCACGGAGC	95	124	+	55	0.157272
CGGAGCAGCAGCAGCTCCGCCACTCGGGCG	119	148	+	55	0.335146
GGAGCAGCAGCAGCTCCGCCACTCGGGCGC	120	149	+	55	0.332051
GAGCTGCTGCTGCTCCGTGCCATCCGGGAC	106	135	-	55	0.258666
AGCTGCTGCTGCTCCGTGCCATCCGGGACG	105	134	-	55	-0.407564
CTGCTAGATACCTGTTGAAGTCTCTGGCGC	26	55	-	55	0.481986
GACCCTCCGGATTCGGCGCGCGTGCGGCCC	0	29	+	56	0.269750
CGGATTCGGCGCGCGTGCGGCCCGTGGCGA	7	36	+	56	0.934117
GCGGCCCGTGGCGAGTAGACTCGAAGGTTG	23	52	+	56	-0.201548
GTGGCGAGTAGACTCGAAGGTTGATGGGCA	30	59	+	56	0.913104
TGGCGAGTAGACTCGAAGGTTGATGGGCAC	31	60	+	56	0.197581
AGACTCGAAGGTTGATGGGCACCACGGCCT	39	68	+	56	0.313064
TGATGGGCACCACGGCCTGTGTCCCGGTAG	51	80	+	56	0.208013
CCACGGCCTGTGTCCCGGTAGTCGCGGCCC	60	89	+	56	-0.190115
TCAAATACGAGAGAAACCTTCACAAGGAAT	90	119	+	56	0.292886
CTGAGCCAGTGTTTAAACAGACGATGGTAT	120	149	+	56	1.066485
AACACTGGCTCAGATTCCTTGTGAAGGTTT	103	132	-	56	-0.224994
TTGTGAAGGTTTCTCTCGTATTTGAGGGCC	85	114	-	56	-0.480441
TGTGAAGGTTTCTCTCGTATTTGAGGGCCG	84	113	-	56	-0.396648
CTCGTATTTGAGGGCCGCGACTACCGGGAC	71	100	-	56	0.472495
TCGTATTTGAGGGCCGCGACTACCGGGACA	70	99	-	56	-0.018173
TGAGGGCCGCGACTACCGGGACACAGGCCG	63	92	-	56	1.395035
CCGCGACTACCGGGACACAGGCCGTGGTGC	57	86	-	56	0.670868
ATCAACCTTCGAGTCTACTCGCCACGGGCC	25	54	-	56	-0.112419
TCAACCTTCGAGTCTACTCGCCACGGGCCG	24	53	-	56	0.475901
CACGGGCCGCACGCGCGCCGAATCCGGAGG	3	32	-	56	1.045554
GGGCCGCACGCGCGCCGAATCCGGAGGGTC	0	29	-	56	-0.227857
CGCAGCCGCAGACAAAAGACCTCGGGGCCG	0	29	+	57	0.387715
AAAAGACCTCGGGGCCGATTTTCTCGGGGG	13	42	+	57	-0.712705
AAAGACCTCGGGGCCGATTTTCTCGGGGGG	14	43	+	57	-0.538361
AAGACCTCGGGGCCGATTTTCTCGGGGGGT	15	44	+	57	-0.959237
AGACCTCGGGGCCGATTTTCTCGGGGGGTC	16	45	+	57	-1.088999
GACCTCGGGGCCGATTTTCTCGGGGGGTCC	17	46	+	57	-0.747427
ATTTTCTCGGGGGGTCCGACGCCGAGGAGC	30	59	+	57	-0.411133
TCGGGGGGTCCGACGCCGAGGAGCAGGGGC	36	65	+	57	0.869139
CGGGGGGTCCGACGCCGAGGAGCAGGGGCG	37	66	+	57	0.914917
GGGGGGTCCGACGCCGAGGAGCAGGGGCGG	38	67	+	57	0.451681
GGGTCCGACGCCGAGGAGCAGGGGCGGTGG	41	70	+	57	0.082840
TCCGACGCCGAGGAGCAGGGGCGGTGGCCC	44	73	+	57	0.697238
AGGGGCGGTGGCCCCATCCCAATCTGGAAC	60	89	+	57	0.304467
CTGGAACGCGCAGACCGTCCCTGCCGGCCA	83	112	+	57	0.215519
CGCGCAGACCGTCCCTGCCGGCCAAGGGGA	89	118	+	57	0.744947
GCGCAGACCGTCCCTGCCGGCCAAGGGGAA	90	119	+	57	0.783091
CGCAGACCGTCCCTGCCGGCCAAGGGGAAG	91	120	+	57	0.145239
GACCGTCCCTGCCGGCCAAGGGGAAGGCAG	95	124	+	57	0.097675
GTCCCTGCCGGCCAAGGGGAAGGCAGGCGC	99	128	+	57	0.697559
CCAAGGGGAAGGCAGGCGCTCGCTCGGCTC	110	139	+	57	0.185093
GGCAGGCGCTCGCTCGGCTCAGAGAGGCAG	120	149	+	57	0.048941
CCGAGCGAGCGCCTGCCTTCCCCTTGGCCG	107	136	-	57	-0.343126
GCGAGCGCCTGCCTTCCCCTTGGCCGGCAG	103	132	-	57	0.266275
GCGCCTGCCTTCCCCTTGGCCGGCAGGGAC	99	128	-	57	-0.144158
CGCCTGCCTTCCCCTTGGCCGGCAGGGACG	98	127	-	57	-0.031543
TGCCTTCCCCTTGGCCGGCAGGGACGGTCT	94	123	-	57	-0.390516
AGGGACGGTCTGCGCGTTCCAGATTGGGAT	75	104	-	57	-0.815949
GGGACGGTCTGCGCGTTCCAGATTGGGATG	74	103	-	57	0.069270
CGGTCTGCGCGTTCCAGATTGGGATGGGGC	70	99	-	57	-0.203207
GGTCTGCGCGTTCCAGATTGGGATGGGGCC	69	98	-	57	0.040056
GTCTGCGCGTTCCAGATTGGGATGGGGCCA	68	97	-	57	0.097742
GATGGGGCCACCGCCCCTGCTCCTCGGCGT	48	77	-	57	0.276758
GCCACCGCCCCTGCTCCTCGGCGTCGGACC	42	71	-	57	0.176612
CGGCGTCGGACCCCCCGAGAAAATCGGCCC	24	53	-	57	0.547841
GACCCCCCGAGAAAATCGGCCCCGAGGTCT	16	45	-	57	0.424394
ATCGGCCCCGAGGTCTTTTGTCTGCGGCTG	2	31	-	57	-0.455149
TAAGATATCTGGAGGAACATCTCGAGGTGA	0	29	+	58	0.034294
AACATCTCGAGGTGAAGAAGTACTTGGCCC	15	44	+	58	0.366771
GAGGTGAAGAAGTACTTGGCCCTCCGGAAG	23	52	+	58	0.283524
AGAAGTACTTGGCCCTCCGGAAGAAGGAGA	30	59	+	58	0.899274
TTGGCCCTCCGGAAGAAGGAGAATTGGCTA	38	67	+	58	0.447966
AAGAAGGAGAATTGGCTAACCAACTGGTCT	50	79	+	58	-0.140875
ATTGGCTAACCAACTGGTCTAATATGGTGG	60	89	+	58	-0.062475
GGCTAACCAACTGGTCTAATATGGTGGAAG	63	92	+	58	-0.722523
AACCAACTGGTCTAATATGGTGGAAGGCCA	67	96	+	58	0.235055
GAAGGCCACAGCCACTGTTGTTAATGGGAG	89	118	+	58	0.140281
AAGGCCACAGCCACTGTTGTTAATGGGAGG	90	119	+	58	-0.532025
GCCACAGCCACTGTTGTTAATGGGAGGGCT	93	122	+	58	-0.478717
CCACAGCCACTGTTGTTAATGGGAGGGCTT	94	123	+	58	-0.519182
CCACTGTTGTTAATGGGAGGGCTTCGGGCG	100	129	+	58	0.726208
CACTGTTGTTAATGGGAGGGCTTCGGGCGG	101	130	+	58	0.569029
TGTTGTTAATGGGAGGGCTTCGGGCGGCAA	104	133	+	58	-0.156866
TGGGAGGGCTTCGGGCGGCAAATCCGGCGG	113	142	+	58	0.192518
GAGGGCTTCGGGCGGCAAATCCGGCGGCGG	116	145	+	58	-0.353987
GGCTTCGGGCGGCAAATCCGGCGGCGGGAG	119	148	+	58	0.539871
GCTTCGGGCGGCAAATCCGGCGGCGGGAGC	120	149	+	58	1.392535
CCGAAGCCCTCCCATTAACAACAGTGGCTG	97	126	-	58	0.126484
CCCTCCCATTAACAACAGTGGCTGTGGCCT	91	120	-	58	0.265241
GGCCTTCCACCATATTAGACCAGTTGGTTA	66	95	-	58	-0.124499
TTGGTTAGCCAATTCTCCTTCTTCCGGAGG	43	72	-	58	0.170111
GTTAGCCAATTCTCCTTCTTCCGGAGGGCC	40	69	-	58	-0.712682
TTAGCCAATTCTCCTTCTTCCGGAGGGCCA	39	68	-	58	-0.492106
GAGGGCGTCAGATCTCATTACGGGTGGTTG	0	29	+	59	0.012108
CCCATGACAGCTTGCGAACAATCCTGGGTG	30	59	+	59	-0.026208
CCATGACAGCTTGCGAACAATCCTGGGTGG	31	60	+	59	0.110970
TGACAGCTTGCGAACAATCCTGGGTGGCGC	34	63	+	59	-0.171690
GCGCCACGCGCAGACCGTCCCTGCCGGCCA	60	89	+	59	0.109388
TCCCTGCCGGCCACATCTCGTCCGTGGCGC	77	106	+	59	0.241325
CATCTCGTCCGTGGCGCAGAGTTCCGGGTC	90	119	+	59	0.286725
ATCTCGTCCGTGGCGCAGAGTTCCGGGTCC	91	120	+	59	0.122717
CCAACTCTTCGAACTCCCGCTCGATGGTGG	120	149	+	59	0.285355
CCATCGAGCGGGAGTTCGAAGAGTTGGGAC	117	146	-	59	-0.113629
CATCGAGCGGGAGTTCGAAGAGTTGGGACC	116	145	-	59	0.783488
GCGGGAGTTCGAAGAGTTGGGACCCGGAAC	110	139	-	59	0.594476
GTTGGGACCCGGAACTCTGCGCCACGGACG	95	124	-	59	0.220710
GAACTCTGCGCCACGGACGAGATGTGGCCG	84	113	-	59	0.402612
TCTGCGCCACGGACGAGATGTGGCCGGCAG	80	109	-	59	0.514978
CGCCACGGACGAGATGTGGCCGGCAGGGAC	76	105	-	59	0.053098
GCCACGGACGAGATGTGGCCGGCAGGGACG	75	104	-	59	0.155530
CGGACGAGATGTGGCCGGCAGGGACGGTCT	71	100	-	59	0.015458
TGGCCGGCAGGGACGGTCTGCGCGTGGCGC	60	89	-	59	0.142905
GACGGTCTGCGCGTGGCGCCACCCAGGATT	49	78	-	59	0.166651
CCCAGGATTGTTCGCAAGCTGTCATGGGCA	28	57	-	59	-0.417310
CCAGGATTGTTCGCAAGCTGTCATGGGCAA	27	56	-	59	0.482742
TGTGAGGGATGTGGAACACTATGTTGGTAA	0	29	+	60	0.207131
TCAAACCGAATACACCCGAGACAGTGGAGG	30	59	+	60	0.453231
AACCGAATACACCCGAGACAGTGGAGGGAG	33	62	+	60	0.247628
ACCGAATACACCCGAGACAGTGGAGGGAGC	34	63	+	60	0.471248
GAGCTAGCGTTACACAGTAGAAGCAGGTGC	60	89	+	60	0.630375
GCTGCCCAACGCACCGAATAGTTACGGTCG	90	119	+	60	-0.199122
CTTGAACTTGCCTTCCTCCTGAGTAGGAGG	120	149	+	60	-0.156083
CAAGTTCAAGCGACCGTAACTATTCGGTGC	100	129	-	60	-0.529226
AGCGACCGTAACTATTCGGTGCGTTGGGCA	92	121	-	60	0.168718
GCGACCGTAACTATTCGGTGCGTTGGGCAG	91	120	-	60	0.466867
TAACGCTAGCTCCCTCCACTGTCTCGGGTG	42	71	-	60	-0.389991
AACGCTAGCTCCCTCCACTGTCTCGGGTGT	41	70	-	60	0.351088
TCCCTCCACTGTCTCGGGTGTATTCGGTTT	32	61	-	60	-0.036346
ACGGGGTTGGCAGCGTTCGGGCCCCGGCTG	0	29	+	61	0.933319
GGTTGGCAGCGTTCGGGCCCCGGCTGGGGA	4	33	+	61	0.569586
GTTGGCAGCGTTCGGGCCCCGGCTGGGGAG	5	34	+	61	-0.122187
TTGGCAGCGTTCGGGCCCCGGCTGGGGAGG	6	35	+	61	0.366947
GCAGCGTTCGGGCCCCGGCTGGGGAGGCGG	9	38	+	61	-0.004230
GCGTTCGGGCCCCGGCTGGGGAGGCGGAGG	12	41	+	61	0.110893
TTCGGGCCCCGGCTGGGGAGGCGGAGGAAT	15	44	+	61	0.674153
GGGAGGCGGAGGAATATGTCCGAGAGGGAA	30	59	+	61	-0.344543
GGAGGCGGAGGAATATGTCCGAGAGGGAAA	31	60	+	61	0.463693
TCCGAGAGGGAAAGTAGTAGCAACAGGTAC	48	77	+	61	0.626726
AGTAGTAGCAACAGGTACCGTCACAGGAAC	60	89	+	61	0.629816
AACAGGTACCGTCACAGGAACCAAAGGTAA	69	98	+	61	0.225290
GTACCGTCACAGGAACCAAAGGTAAGGTGT	74	103	+	61	0.284576
CAAAGGTAAGGTGTGACATATCATCGGTTC	90	119	+	61	-0.130025
TAAGGTGTGACATATCATCGGTTCAGGTGT	96	125	+	61	0.845769
AGGTGTACCCATTGCTCAACTGTATGGAGG	120	149	+	61	-0.392945
CGATGATATGTCACACCTTACCTTTGGTTC	86	115	-	61	-0.411888
ACACCTTACCTTTGGTTCCTGTGACGGTAC	74	103	-	61	-0.791156
ACCTGTTGCTACTACTTTCCCTCTCGGACA	46	75	-	61	-0.702212
GACATATTCCTCCGCCTCCCCAGCCGGGGC	20	49	-	61	-0.629474
ACATATTCCTCCGCCTCCCCAGCCGGGGCC	19	48	-	61	0.243646
CATATTCCTCCGCCTCCCCAGCCGGGGCCC	18	47	-	61	0.235028
GGGGAGGTTCAGACTTCGGGAATCAGGGCG	0	29	+	62	1.091301
GGGAGGTTCAGACTTCGGGAATCAGGGCGC	1	30	+	62	0.744947
CCAGTCACTTGCTGCGCTACCGTCAGGTGG	30	59	+	62	-0.225764
GTCACTTGCTGCGCTACCGTCAGGTGGACC	33	62	+	62	0.196237
GCTGCGCTACCGTCAGGTGGACCTCGGGGC	40	69	+	62	0.958911
CTGCGCTACCGTCAGGTGGACCTCGGGGCC	41	70	+	62	0.070663
TGCGCTACCGTCAGGTGGACCTCGGGGCCG	42	71	+	62	-0.436154
CTACCGTCAGGTGGACCTCGGGGCCGGCCT	46	75	+	62	0.427014
ACCTCGGGGCCGGCCTCGCAAAGATGGCGC	60	89	+	62	0.069701
GCCGGCCTCGCAAAGATGGCGCGCCGGACG	68	97	+	62	0.204983
CGCAAAGATGGCGCGCCGGACGCCTGGAAC	76	105	+	62	0.413056
GCCGGACGCCTGGAACGCAACTCCAGGCAG	90	119	+	62	0.594214
CGCCTGGAACGCAACTCCAGGCAGAGGAGT	96	125	+	62	0.679340
CAACTCCAGGCAGAGGAGTTGCACAGGTAC	107	136	+	62	-0.249441
CCAGGCAGAGGAGTTGCACAGGTACGGCCT	112	141	+	62	0.341931
AGGAGTTGCACAGGTACGGCCTACTGGAAT	120	149	+	62	0.431628
CCGTACCTGTGCAACTCCTCTGCCTGGAGT	109	138	-	62	-0.142306
CTCCTCTGCCTGGAGTTGCGTTCCAGGCGT	95	124	-	62	-0.327166
GCCTGGAGTTGCGTTCCAGGCGTCCGGCGC	88	117	-	62	0.904497
GGCGTCCGGCGCGCCATCTTTGCGAGGCCG	70	99	-	62	-0.697183
TCCGGCGCGCCATCTTTGCGAGGCCGGCCC	66	95	-	62	0.399122
GCCATCTTTGCGAGGCCGGCCCCGAGGTCC	58	87	-	62	-0.286397
AGGCCGGCCCCGAGGTCCACCTGACGGTAG	46	75	-	62	0.078311
CCTGACGGTAGCGCAGCAAGTGACTGGCGC	27	56	-	62	0.897685
TCTGCAATGGACCGGGTTAATGGGAGGCTT	0	29	+	63	-0.754142
GTTTACGTAGCATCGCACCAATAGTGGGCT	30	59	+	63	0.458919
TTTACGTAGCATCGCACCAATAGTGGGCTG	31	60	+	63	0.054197
GTACCTGAAAGCCTAGTCAGCCCGAGGCCC	60	89	+	63	0.748927
AGCCCGAGGCCCACGAGCCTATTTAGGGAT	78	107	+	63	0.236819
GCCCGAGGCCCACGAGCCTATTTAGGGATG	79	108	+	63	-0.097923
ACGAGCCTATTTAGGGATGACAAGTGGACA	90	119	+	63	-0.196989
AAGTGGACAGCACTGCAGAGATCTAGGCCC	111	140	+	63	0.715331
GCACTGCAGAGATCTAGGCCCTAGAGGAAT	120	149	+	63	0.434162
GCTGTCCACTTGTCATCCCTAAATAGGCTC	92	121	-	63	0.126400
ACTTGTCATCCCTAAATAGGCTCGTGGGCC	85	114	-	63	0.646984
CTTGTCATCCCTAAATAGGCTCGTGGGCCT	84	113	-	63	0.239790
ATCCCTAAATAGGCTCGTGGGCCTCGGGCT	78	107	-	63	0.491861
TCCCTAAATAGGCTCGTGGGCCTCGGGCTG	77	106	-	63	0.511051
AGGCTCGTGGGCCTCGGGCTGACTAGGCTT	68	97	-	63	0.042361
GGGCCTCGGGCTGACTAGGCTTTCAGGTAC	60	89	-	63	0.136319
AGGCTTTCAGGTACAGCCCACTATTGGTGC	44	73	-	63	0.388478
ACGTAAACAAGCCTCCCATTAACCCGGTCC	8	37	-	63	-0.092815
AAAAAGTACAGTATTGGACACTGCGGGAGA	0	29	+	64	0.545581
AGTATTGGACACTGCGGGAGATCCTGGTGA	9	38	+	64	0.560825
ACACTGCGGGAGATCCTGGTGACTAGGATG	17	46	+	64	-0.127598
AGATCCTGGTGACTAGGATGTCGTCGGAGG	27	56	+	64	0.302968
TCCTGGTGACTAGGATGTCGTCGGAGGAGG	30	59	+	64	0.081548
TGGTGACTAGGATGTCGTCGGAGGAGGGCG	33	62	+	64	0.288697
GGTGACTAGGATGTCGTCGGAGGAGGGCGA	34	63	+	64	0.616784
CTAGGATGTCGTCGGAGGAGGGCGAGGTCC	39	68	+	64	0.457494
AGGAGGGCGAGGTCCTGCCGATCCCGGAGA	54	83	+	64	1.260520
GGCGAGGTCCTGCCGATCCCGGAGAGGGAG	59	88	+	64	-0.105136
GCGAGGTCCTGCCGATCCCGGAGAGGGAGG	60	89	+	64	0.679014
AGGTCCTGCCGATCCCGGAGAGGGAGGGCA	63	92	+	64	0.483284
GGTCCTGCCGATCCCGGAGAGGGAGGGCAG	64	93	+	64	0.459364
CCGATCCCGGAGAGGGAGGGCAGCAGGAAC	71	100	+	64	0.587416
GCAGCAGGAACCACGCGCTGTTGAAGGGCT	90	119	+	64	0.552525
CAGCAGGAACCACGCGCTGTTGAAGGGCTA	91	120	+	64	-0.174376
ACATGAAGTGCATCCCATCAGTTCTGGGCT	120	149	+	64	0.200474
TTCATGTAGCCCTTCAACAGCGCGTGGTTC	97	126	-	64	0.706911
GTGGTTCCTGCTGCCCTCCCTCTCCGGGAT	74	103	-	64	-0.136122
TGGTTCCTGCTGCCCTCCCTCTCCGGGATC	73	102	-	64	0.022929
CCTGCTGCCCTCCCTCTCCGGGATCGGCAG	68	97	-	64	0.231978
CTGCCCTCCCTCTCCGGGATCGGCAGGACC	64	93	-	64	-0.175510
TCCTCCGACGACATCCTAGTCACCAGGATC	28	57	-	64	-0.079543
ATAGCAATACGAGCCATCCTCTGCTGGCTG	0	29	+	65	0.168333
TACGAGCCATCCTCTGCTGGCTGTAGGATC	7	36	+	65	0.560627
TCCTCTGCTGGCTGTAGGATCAAACGGATC	16	45	+	65	-0.230284
TAGGATCAAACGGATCTACCACGATGGGTT	30	59	+	65	-0.218356
AGGATCAAACGGATCTACCACGATGGGTTG	31	60	+	65	0.330341
AAACGGATCTACCACGATGGGTTGCGGGTA	37	66	+	65	0.649879
AACGGATCTACCACGATGGGTTGCGGGTAC	38	67	+	65	0.492586
GCGGGTACTGCGCCGCGTCCATGTAGGAGT	60	89	+	65	-0.010927
TCCATGTAGGAGTCCTGCTCAGCGCGGCCC	77	106	+	65	-0.137940
GAGTCCTGCTCAGCGCGGCCCACGCGGGGG	86	115	+	65	0.004308
AGTCCTGCTCAGCGCGGCCCACGCGGGGGG	87	116	+	65	0.295314
GTCCTGCTCAGCGCGGCCCACGCGGGGGGG	88	117	+	65	0.351009
TCCTGCTCAGCGCGGCCCACGCGGGGGGGA	89	118	+	65	-0.195643
CCTGCTCAGCGCGGCCCACGCGGGGGGGAG	90	119	+	65	0.219066
CTGCTCAGCGCGGCCCACGCGGGGGGGAGT	91	120	+	65	0.347618
CACGCGGGGGGGAGTTACTGAAAGAGGAGC	106	135	+	65	0.222820
TTACTGAAAGAGGAGCCCGTCGTCTGGCTT	120	149	+	65	0.584123
CTCTTTCAGTAACTCCCCCCCGCGTGGGCC	102	131	-	65	0.193200
TCTTTCAGTAACTCCCCCCCGCGTGGGCCG	101	130	-	65	0.268703
CCCCCCGCGTGGGCCGCGCTGAGCAGGACT	87	116	-	65	-0.073055
GCCGCGCTGAGCAGGACTCCTACATGGACG	75	104	-	65	-0.316175
CTGAGCAGGACTCCTACATGGACGCGGCGC	69	98	-	65	0.383030
CGGCGCAGTACCCGCAACCCATCGTGGTAG	45	74	-	65	0.225786
TCCGTTTGATCCTACAGCCAGCAGAGGATG	14	43	-	65	0.388847
TTTGATCCTACAGCCAGCAGAGGATGGCTC	10	39	-	65	1.153654
ATCTCTTTATCCTAAGAGTTGCCCTGGCCC	0	29	+	66	-0.303420
CTAAGAGTTGCCCTGGCCCCCGAGAGGGAA	11	40	+	66	0.338371
TAAGAGTTGCCCTGGCCCCCGAGAGGGAAG	12	41	+	66	0.030668
CCGAGAGGGAAGTGTCGACTGCGCCGGCGG	30	59	+	66	0.166262
AGAGGGAAGTGTCGACTGCGCCGGCGGGGC	33	62	+	66	0.245969
GAGGGAAGTGTCGACTGCGCCGGCGGGGCC	34	63	+	66	0.617765
AGGGAAGTGTCGACTGCGCCGGCGGGGCCG	35	64	+	66	0.063042
TGTCGACTGCGCCGGCGGGGCCGCAGGCAT	42	71	+	66	0.737137
GGCCGCAGGCATGTCTGTTCCCGCCGGCGC	60	89	+	66	-0.222101
TCTGTTCCCGCCGGCGCTGATTTCTGGATC	73	102	+	66	-0.017228
CCCGCCGGCGCTGATTTCTGGATCCGGATT	79	108	+	66	0.166847
TGATTTCTGGATCCGGATTACCACTGGCTG	90	119	+	66	-0.236346
GATCCGGATTACCACTGGCTGATAAGGTCC	99	128	+	66	0.099737
ATAAGGTCCTCGTCAACGTCCCCCTGGAAA	120	149	+	66	0.187104
GTTGACGAGGACCTTATCAGCCAGTGGTAA	107	136	-	66	0.661197
GGACCTTATCAGCCAGTGGTAATCCGGATC	99	128	-	66	0.009534
TAATCCGGATCCAGAAATCAGCGCCGGCGG	80	109	-	66	0.256255
TCCGGATCCAGAAATCAGCGCCGGCGGGAA	77	106	-	66	0.544069
CCGGATCCAGAAATCAGCGCCGGCGGGAAC	76	105	-	66	1.089513
CGCCGGCGGGAACAGACATGCCTGCGGCCC	59	88	-	66	0.364903
GAACAGACATGCCTGCGGCCCCGCCGGCGC	50	79	-	66	0.383031
CCGGCGCAGTCGACACTTCCCTCTCGGGGG	27	56	-	66	-0.236909
CGGCGCAGTCGACACTTCCCTCTCGGGGGC	26	55	-	66	-0.050084
GGCGCAGTCGACACTTCCCTCTCGGGGGCC	25	54	-	66	0.093108
GCGCAGTCGACACTTCCCTCTCGGGGGCCA	24	53	-	66	0.004280
GTCGACACTTCCCTCTCGGGGGCCAGGGCA	19	48	-	66	0.837304
TCGACACTTCCCTCTCGGGGGCCAGGGCAA	18	47	-	66	0.699088
CTCTCGGGGGCCAGGGCAACTCTTAGGATA	7	36	-	66	-0.426409
GAAGAAAATGAGCAACGTGCCACGAGGATC	0	29	+	67	0.414055
GCTGAGACCGAGCAGCCTCGTGACTGGGCG	30	59	+	67	0.468540
CTGAGACCGAGCAGCCTCGTGACTGGGCGT	31	60	+	67	-0.109918
CCTCGTGACTGGGCGTCATGATGATGGGCA	45	74	+	67	0.207592
CTCGTGACTGGGCGTCATGATGATGGGCAG	46	75	+	67	-0.210006
TCATGATGATGGGCAGCGCCCGAGTGGCGG	60	89	+	67	0.100202
TGATGATGGGCAGCGCCCGAGTGGCGGGAA	63	92	+	67	0.568940
GATGATGGGCAGCGCCCGAGTGGCGGGAAA	64	93	+	67	0.381959
CGAGTGGCGGGAAAGCTGACGCGCTGGTAG	80	109	+	67	0.061890
GAAAGCTGACGCGCTGGTAGATCCTGGTGG	90	119	+	67	0.518027
AGCTGACGCGCTGGTAGATCCTGGTGGAAA	93	122	+	67	-0.445594
ACGCGCTGGTAGATCCTGGTGGAAAGGACG	98	127	+	67	-0.226494
TCCTGGTGGAAAGGACGTCGATCGAGGCGG	111	140	+	67	0.545484
TGGTGGAAAGGACGTCGATCGAGGCGGTGT	114	143	+	67	-0.245118
GAAAGGACGTCGATCGAGGCGGTGTGGGCA	119	148	+	67	0.359664
AAAGGACGTCGATCGAGGCGGTGTGGGCAG	120	149	+	67	0.836346
GCCTCGATCGACGTCCTTTCCACCAGGATC	109	138	-	67	-0.650902
CAGCGCGTCAGCTTTCCCGCCACTCGGGCG	76	105	-	67	0.706007
AGCGCGTCAGCTTTCCCGCCACTCGGGCGC	75	104	-	67	0.145242
CCATCATCATGACGCCCAGTCACGAGGCTG	42	71	-	67	-0.153230
ATGACGCCCAGTCACGAGGCTGCTCGGTCT	34	63	-	67	0.186441
GCTGCTCGGTCTCAGCGATCCTCGTGGCAC	16	45	-	67	-0.239090
AGACCGATGGTTGTGTCCCGAACGAGGGCA	0	29	+	68	0.592482
GACCGATGGTTGTGTCCCGAACGAGGGCAT	1	30	+	68	-0.022746
GCATCAGACACGACATGTGCTCAGCGGAGG	27	56	+	68	0.333488
TCAGACACGACATGTGCTCAGCGGAGGGAG	30	59	+	68	-0.030868
CAGACACGACATGTGCTCAGCGGAGGGAGG	31	60	+	68	0.364632
ACACGACATGTGCTCAGCGGAGGGAGGTTT	34	63	+	68	1.039719
TGCTCAGCGGAGGGAGGTTTAATCCGGGGT	44	73	+	68	-0.392968
GCTCAGCGGAGGGAGGTTTAATCCGGGGTC	45	74	+	68	-0.360467
CTCAGCGGAGGGAGGTTTAATCCGGGGTCC	46	75	+	68	-0.801614
GTTTAATCCGGGGTCCTCGCACAGAGGTCT	60	89	+	68	0.027035
TCACACAACCGACAGCTGAGACGAAGGGCT	89	118	+	68	0.123295
CACACAACCGACAGCTGAGACGAAGGGCTC	90	119	+	68	0.048472
TCGCCTCACAACGATGTTCTTCAGCGGGGA	118	147	+	68	-0.712793
CGCCTCACAACGATGTTCTTCAGCGGGGAA	119	148	+	68	-0.346650
GCCTCACAACGATGTTCTTCAGCGGGGAAA	120	149	+	68	-0.785239
TCCCCGCTGAAGAACATCGTTGTGAGGCGA	118	147	-	68	0.022265
AGGCGAGCCCTTCGTCTCAGCTGTCGGTTG	94	123	-	68	0.010098
TCGGTTGTGTGAGACCTCTGTGCGAGGACC	71	100	-	68	0.038726
TGTGAGACCTCTGTGCGAGGACCCCGGATT	64	93	-	68	1.159251
CATGTCGTGTCTGATGCCCTCGTTCGGGAC	14	43	-	68	0.176406
ATGTCGTGTCTGATGCCCTCGTTCGGGACA	13	42	-	68	-0.078763
TGCCCTCGTTCGGGACACAACCATCGGTCT	0	29	-	68	0.109795
ATTGCCAGTATCATAGCACTACTAAGGAAC	0	29	+	69	0.094241
ATCATAGCACTACTAAGGAACGAAAGGGCG	9	38	+	69	0.427534
TCATAGCACTACTAAGGAACGAAAGGGCGG	10	39	+	69	0.341383
TAGCACTACTAAGGAACGAAAGGGCGGCGA	13	42	+	69	0.196744
TAAGGAACGAAAGGGCGGCGATCAAGGCGG	22	51	+	69	0.652519
GGAACGAAAGGGCGGCGATCAAGGCGGTGC	25	54	+	69	-0.411446
GAAAGGGCGGCGATCAAGGCGGTGCGGACA	30	59	+	69	0.571661
AGAAGACGATTAATGCAAGAACCTAGGTTA	60	89	+	69	0.330173
AAGAACCTAGGTTATGCCCTCGTTCGGGAC	76	105	+	69	0.060680
AGAACCTAGGTTATGCCCTCGTTCGGGACA	77	106	+	69	-0.179406
TGCCCTCGTTCGGGACACAACCATCGGTCT	90	119	+	69	0.109795
CATCGGTCTGACCTCGCTCGACCTAGGCTC	111	140	+	69	0.414178
GACCTCGCTCGACCTAGGCTCCCGTGGACT	120	149	+	69	0.077634
GTCCACGGGAGCCTAGGTCGAGCGAGGTCA	119	148	-	69	0.715666
CTAGGTCGAGCGAGGTCAGACCGATGGTTG	107	136	-	69	0.198780
AGACCGATGGTTGTGTCCCGAACGAGGGCA	90	119	-	69	0.592482
GACCGATGGTTGTGTCCCGAACGAGGGCAT	89	118	-	69	-0.022746
GTGTCCCGAACGAGGGCATAACCTAGGTTC	78	107	-	69	-0.364565
CGTTCCTTAGTAGTGCTATGATACTGGCAA	1	30	-	69	-0.169489
AATCATTGCAGGTCAGATCAATAGTGGATT	0	29	+	70	0.141353
TCGCCGAGATCAGTCATCCCGAAGAGGAAG	30	59	+	70	0.178621
CGAAGAGGAAGCTCGACCCCACTGTGGCGG	49	78	+	70	0.544461
AGAGGAAGCTCGACCCCACTGTGGCGGCGA	52	81	+	70	-0.068781
CTCGACCCCACTGTGGCGGCGAGATGGCAC	60	89	+	70	0.307808
GCGAGATGGCACTGCCCCAGTTTGTGGATT	78	107	+	70	0.250124
TGCCCCAGTTTGTGGATTCTGCCCTGGTGT	90	119	+	70	-0.905727
CAGTGCTATATACAAAACACCGCCTGGAAT	120	149	+	70	0.675244
TGTTTTGTATATAGCACTGACACCAGGGCA	109	138	-	70	0.322437
GTTTTGTATATAGCACTGACACCAGGGCAG	108	137	-	70	-0.189860
GACACCAGGGCAGAATCCACAAACTGGGGC	91	120	-	70	0.471425
ACACCAGGGCAGAATCCACAAACTGGGGCA	90	119	-	70	0.113323
CACCAGGGCAGAATCCACAAACTGGGGCAG	89	118	-	70	0.627086
GGCAGTGCCATCTCGCCGCCACAGTGGGGT	64	93	-	70	-0.125056
GCAGTGCCATCTCGCCGCCACAGTGGGGTC	63	92	-	70	0.330776
CAGTGCCATCTCGCCGCCACAGTGGGGTCG	62	91	-	70	0.011795
CACAGTGGGGTCGAGCTTCCTCTTCGGGAT	45	74	-	70	-0.904819
ACAGTGGGGTCGAGCTTCCTCTTCGGGATG	44	73	-	70	-0.106824
CTTCCTCTTCGGGATGACTGATCTCGGCGA	30	59	-	70	0.287100
AGCCTCCTCCACGAAAGCCCGTCGAGGAAA	0	29	+	71	0.465304
AAAGCCCGTCGAGGAAACAGATGCCGGAGT	13	42	+	71	1.059358
ACAGATGCCGGAGTTAATTCGCTCAGGGCT	29	58	+	71	0.092768
CAGATGCCGGAGTTAATTCGCTCAGGGCTC	30	59	+	71	0.395169
GTTAATTCGCTCAGGGCTCTGCTGCGGGTT	41	70	+	71	-0.796596
TTAATTCGCTCAGGGCTCTGCTGCGGGTTG	42	71	+	71	-0.003126
CTCTGCTGCGGGTTGCCCTGTTTGCGGCGG	57	86	+	71	0.092905
TGCTGCGGGTTGCCCTGTTTGCGGCGGGAC	60	89	+	71	-0.688944
GCTGCGGGTTGCCCTGTTTGCGGCGGGACG	61	90	+	71	0.000750
TTGCCCTGTTTGCGGCGGGACGAATGGGAG	69	98	+	71	-0.109150
TGCCCTGTTTGCGGCGGGACGAATGGGAGG	70	99	+	71	-0.263618
CCTGTTTGCGGCGGGACGAATGGGAGGACG	73	102	+	71	-0.231668
GCGGGACGAATGGGAGGACGCTTGCGGGAT	83	112	+	71	0.582786
CGGGACGAATGGGAGGACGCTTGCGGGATA	84	113	+	71	0.581880
CGAATGGGAGGACGCTTGCGGGATAGGGAG	89	118	+	71	0.088228
GAATGGGAGGACGCTTGCGGGATAGGGAGG	90	119	+	71	1.220764
TGGGAGGACGCTTGCGGGATAGGGAGGTCC	93	122	+	71	-0.038887
GACGCTTGCGGGATAGGGAGGTCCTGGAGA	99	128	+	71	0.812355
TCCTGGAGACGTCCTTCCTTGTCGTGGCAG	120	149	+	71	-0.206594
GCCACGACAAGGAAGGACGTCTCCAGGACC	118	147	-	71	0.568977
CCTCCCATTCGTCCCGCCGCAAACAGGGCA	70	99	-	71	0.527257
CTCCCATTCGTCCCGCCGCAAACAGGGCAA	69	98	-	71	-0.354701
GCAGAGCCCTGAGCGAATTAACTCCGGCAT	33	62	-	71	0.162749
TAACTCCGGCATCTGTTTCCTCGACGGGCT	15	44	-	71	-0.672338
AACTCCGGCATCTGTTTCCTCGACGGGCTT	14	43	-	71	-0.442406
ATCTGTTTCCTCGACGGGCTTTCGTGGAGG	5	34	-	71	-0.552160
TGTTTCCTCGACGGGCTTTCGTGGAGGAGG	2	31	-	71	-1.105425
CACATCACAACCAATTGTTGCTCCAGGACA	0	29	+	72	0.230642
GGACAAAAGACTTACCAGAGACGCCGGGAA	25	54	+	72	0.687646
GACAAAAGACTTACCAGAGACGCCGGGAAG	26	55	+	72	0.418475
AAAGACTTACCAGAGACGCCGGGAAGGGGG	30	59	+	72	0.153637
AAGACTTACCAGAGACGCCGGGAAGGGGGT	31	60	+	72	0.643697
AGACTTACCAGAGACGCCGGGAAGGGGGTG	32	61	+	72	1.049359
GACTTACCAGAGACGCCGGGAAGGGGGTGC	33	62	+	72	0.529831
GACGCCGGGAAGGGGGTGCGAGCACGGCCC	44	73	+	72	-0.001514
GAAGGGGGTGCGAGCACGGCCCATAGGATC	52	81	+	72	0.363929
TGCGAGCACGGCCCATAGGATCGATGGCCT	60	89	+	72	0.378420
ATAGGATCGATGGCCTATTCCTTGCGGGTT	74	103	+	72	-0.531227
TAGGATCGATGGCCTATTCCTTGCGGGTTT	75	104	+	72	-0.340081
ATTCCTTGCGGGTTTCCGTAGCACAGGTAT	90	119	+	72	-0.118520
GGTATCCCAATCCAGATCTGAGTTCGGTAG	115	144	+	72	0.047714
TCCCAATCCAGATCTGAGTTCGGTAGGGTT	119	148	+	72	-0.458836
CCCAATCCAGATCTGAGTTCGGTAGGGTTT	120	149	+	72	-0.297859
ACCCTACCGAACTCAGATCTGGATTGGGAT	118	147	-	72	-0.118604
CCCTACCGAACTCAGATCTGGATTGGGATA	117	146	-	72	0.129759
ATCTGGATTGGGATACCTGTGCTACGGAAA	102	131	-	72	0.207385
ATACCTGTGCTACGGAAACCCGCAAGGAAT	90	119	-	72	-0.204541
GTGCTACGGAAACCCGCAAGGAATAGGCCA	84	113	-	72	0.606297
GCAAGGAATAGGCCATCGATCCTATGGGCC	69	98	-	72	0.283511
CAAGGAATAGGCCATCGATCCTATGGGCCG	68	97	-	72	-0.144846
TGGGCCGTGCTCGCACCCCCTTCCCGGCGT	45	74	-	72	0.328792
CTCGCACCCCCTTCCCGGCGTCTCTGGTAA	36	65	-	72	0.450808
GCGTCTCTGGTAAGTCTTTTGTCCTGGAGC	19	48	-	72	-1.128433
AGTCTTTTGTCCTGGAGCAACAATTGGTTG	7	36	-	72	0.186504
AGGATATTAGAGGGTACTGCAGCTAGGTCC	0	29	+	73	-0.136904
GGTACTGCAGCTAGGTCCCCTTGAAGGGGA	12	41	+	73	-0.156679
GTACTGCAGCTAGGTCCCCTTGAAGGGGAT	13	42	+	73	-0.332602
TACTGCAGCTAGGTCCCCTTGAAGGGGATC	14	43	+	73	-0.224566
CCTTGAAGGGGATCATCTCGTCCGTGGCGC	30	59	+	73	0.420792
GCGCTTGTGCCTGTATATTATCCGAGGATG	56	85	+	73	-0.242969
TTGTGCCTGTATATTATCCGAGGATGGTTT	60	89	+	73	0.544908
CGAGGATGGTTTTTACATGAGATGCGGTAC	78	107	+	73	0.281646
TTACATGAGATGCGGTACTCTGCACGGCAA	90	119	+	73	-0.494244
AGATGCGGTACTCTGCACGGCAAATGGTTA	97	126	+	73	1.184983
GCAAATGGTTAAGTAGTAGAAGCCTGGGGG	116	145	+	73	0.578298
CAAATGGTTAAGTAGTAGAAGCCTGGGGGG	117	146	+	73	0.343085
AAATGGTTAAGTAGTAGAAGCCTGGGGGGT	118	147	+	73	0.628529
AATGGTTAAGTAGTAGAAGCCTGGGGGGTC	119	148	+	73	0.416421
ATGGTTAAGTAGTAGAAGCCTGGGGGGTCA	120	149	+	73	-0.041907
CGCATCTCATGTAAAAACCATCCTCGGATA	74	103	-	73	0.247944
AAAAACCATCCTCGGATAATATACAGGCAC	62	91	-	73	-0.450626
GATAATATACAGGCACAAGCGCCACGGACG	48	77	-	73	0.393298
CCACGGACGAGATGATCCCCTTCAAGGGGA	27	56	-	73	0.337828
CACGGACGAGATGATCCCCTTCAAGGGGAC	26	55	-	73	-0.051398
ACGGACGAGATGATCCCCTTCAAGGGGACC	25	54	-	73	-0.065846
TCTGTGAGTTGCACGCCGTAGCGGCGGCCC	0	29	+	74	-0.120043
GTAGCGGCGGCCCCTCTGCACCACTGGACG	17	46	+	74	0.094171
CCCTCTGCACCACTGGACGTTTGCAGGGGA	28	57	+	74	0.433541
CCTCTGCACCACTGGACGTTTGCAGGGGAG	29	58	+	74	-0.632625
CTCTGCACCACTGGACGTTTGCAGGGGAGG	30	59	+	74	-0.484130
TGCACCACTGGACGTTTGCAGGGGAGGTGC	33	62	+	74	-0.583646
TGCAAGCAGCCCTTCAACAGCGCGTGGTTC	60	89	+	74	0.803686
TTCAACAGCGCGTGGTTCGAGTTGCGGGAA	72	101	+	74	-0.177906
TCAACAGCGCGTGGTTCGAGTTGCGGGAAG	73	102	+	74	0.245344
GCGTGGTTCGAGTTGCGGGAAGCTAGGCAT	81	110	+	74	0.552665
TTCGAGTTGCGGGAAGCTAGGCATTGGTGG	87	116	+	74	0.432433
GAGTTGCGGGAAGCTAGGCATTGGTGGTAC	90	119	+	74	0.305545
TTAGAAATCGCAGCTAACGTGTGTAGGCGT	120	149	+	74	0.580730
GCAACTCGAACCACGCGCTGTTGAAGGGCT	67	96	-	74	0.389395
CAACTCGAACCACGCGCTGTTGAAGGGCTG	66	95	-	74	-0.300860
TGCACCTCCCCTGCAAACGTCCAGTGGTGC	34	63	-	74	0.399057
CCCTGCAAACGTCCAGTGGTGCAGAGGGGC	26	55	-	74	-0.149192
CCTGCAAACGTCCAGTGGTGCAGAGGGGCC	25	54	-	74	0.069899
CTGCAAACGTCCAGTGGTGCAGAGGGGCCG	24	53	-	74	-0.113811
AGTGGTGCAGAGGGGCCGCCGCTACGGCGT	12	41	-	74	-0.052342
GGATTCTTGGACCTCGCTCGACCTAGGCTC	0	29	+	75	0.240854
TCGCTCGACCTAGGCTCACACGCACGGCTT	13	42	+	75	-0.207771
ACACGCACGGCTTCCGCATCTACCTGGAGC	30	59	+	75	-0.330494
TACCTGGAGCCATGCTAGAAGCCGAGGCAG	50	79	+	75	-0.050924
CATGCTAGAAGCCGAGGCAGACCCTGGGGT	60	89	+	75	1.094759
ATGCTAGAAGCCGAGGCAGACCCTGGGGTG	61	90	+	75	0.342920
TGCTAGAAGCCGAGGCAGACCCTGGGGTGA	62	91	+	75	-0.327497
GAAAATGATAGCCATCCCTAAGTGTGGAAA	90	119	+	75	0.171852
CATCCCTAAGTGTGGAAAAAATTTTGGCAA	102	131	+	75	-0.304470
AAAATTTTGGCAATAAGATGACCGAGGGGC	119	148	+	75	0.588037
AAATTTTGGCAATAAGATGACCGAGGGGCA	120	149	+	75	0.349042
ATTGCCAAAATTTTTTCCACACTTAGGGAT	103	132	-	75	0.243836
TTGCCAAAATTTTTTCCACACTTAGGGATG	102	131	-	75	-0.074673
CAAAATTTTTTCCACACTTAGGGATGGCTA	98	127	-	75	-0.532390
AGGGATGGCTATCATTTTCACCCCAGGGTC	79	108	-	75	-0.095640
GGGATGGCTATCATTTTCACCCCAGGGTCT	78	107	-	75	-0.023775
TCATTTTCACCCCAGGGTCTGCCTCGGCTT	68	97	-	75	-0.309093
CAGGGTCTGCCTCGGCTTCTAGCATGGCTC	56	85	-	75	-0.777786
TGCCTCGGCTTCTAGCATGGCTCCAGGTAG	49	78	-	75	0.424783
TTCTAGCATGGCTCCAGGTAGATGCGGAAG	40	69	-	75	-0.051592
TGCGGAAGCCGTGCGTGTGAGCCTAGGTCG	18	47	-	75	0.239737
GTGCGTGTGAGCCTAGGTCGAGCGAGGTCC	8	37	-	75	0.876287
AGGGCCTACAAGACAGCGCAAATGTGGCTT	0	29	+	76	0.371779
AAGACAGCGCAAATGTGGCTTTGAAGGTGG	9	38	+	76	0.010581
ACAGCGCAAATGTGGCTTTGAAGGTGGTTG	12	41	+	76	-0.495304
TGAAGGTGGTTGAGCGTACTCGCACGGCCA	30	59	+	76	-0.852861
GTTGAGCGTACTCGCACGGCCAAGTGGGCA	38	67	+	76	0.363369
TTGAGCGTACTCGCACGGCCAAGTGGGCAG	39	68	+	76	0.191513
GCGTACTCGCACGGCCAAGTGGGCAGGTTA	43	72	+	76	-0.032476
GCACGGCCAAGTGGGCAGGTTATCTGGGCA	51	80	+	76	0.150229
CACGGCCAAGTGGGCAGGTTATCTGGGCAC	52	81	+	76	-0.609551
AAGTGGGCAGGTTATCTGGGCACATGGGGT	59	88	+	76	0.520051
AGTGGGCAGGTTATCTGGGCACATGGGGTC	60	89	+	76	0.377491
GTGGGCAGGTTATCTGGGCACATGGGGTCA	61	90	+	76	0.184155
GGTTATCTGGGCACATGGGGTCAATGGCTC	68	97	+	76	0.771839
GCACATGGGGTCAATGGCTCGTTGTGGGCA	78	107	+	76	-0.145658
CACATGGGGTCAATGGCTCGTTGTGGGCAC	79	108	+	76	0.288742
TCAATGGCTCGTTGTGGGCACTGTCGGGGT	88	117	+	76	0.076734
CAATGGCTCGTTGTGGGCACTGTCGGGGTT	89	118	+	76	0.317440
AATGGCTCGTTGTGGGCACTGTCGGGGTTG	90	119	+	76	-0.523973
GCTCGTTGTGGGCACTGTCGGGGTTGGGGA	94	123	+	76	0.316824
CTCGTTGTGGGCACTGTCGGGGTTGGGGAG	95	124	+	76	0.526701
TCGTTGTGGGCACTGTCGGGGTTGGGGAGG	96	125	+	76	0.788671
TTGTGGGCACTGTCGGGGTTGGGGAGGTGG	99	128	+	76	-0.307464
TGGGCACTGTCGGGGTTGGGGAGGTGGTGG	102	131	+	76	0.108343
GCACTGTCGGGGTTGGGGAGGTGGTGGAGA	105	134	+	76	0.564030
TGGGGAGGTGGTGGAGACTGCTCACGGGGC	118	147	+	76	0.511459
GGGGAGGTGGTGGAGACTGCTCACGGGGCA	119	148	+	76	0.239611
GGGAGGTGGTGGAGACTGCTCACGGGGCAG	120	149	+	76	-0.480054
ATGTGCCCAGATAACCTGCCCACTTGGCCG	54	83	-	76	-0.350441
AAAGCCACATTTGCGCTGTCTTGTAGGCCC	1	30	-	76	-1.000187
CTGGGAGTAGTCCGCATCTATCACAGGAAA	0	29	+	77	-0.389185
TAGTCCGCATCTATCACAGGAAAGCGGGAA	7	36	+	77	0.898876
AGTCCGCATCTATCACAGGAAAGCGGGAAC	8	37	+	77	0.645281
GCGGGAACAAGCTCTACATCCCGTAGGAAG	30	59	+	77	0.005907
ACAAGCTCTACATCCCGTAGGAAGAGGGCC	36	65	+	77	0.539590
CAAGCTCTACATCCCGTAGGAAGAGGGCCT	37	66	+	77	0.374662
GAGGGCCTGTCGAAAGCTCTTCCACGGGAC	59	88	+	77	-0.167365
AGGGCCTGTCGAAAGCTCTTCCACGGGACT	60	89	+	77	-0.354298
TACCTGCTACAGTCTCCCGTACCCAGGTGT	90	119	+	77	0.470341
ACATACAAGCACTTAAGTTTACACTGGTTC	120	149	+	77	0.080995
AACTTAAGTGCTTGTATGTACACCTGGGTA	109	138	-	77	-0.669472
ACTTAAGTGCTTGTATGTACACCTGGGTAC	108	137	-	77	0.051367
AGTGCTTGTATGTACACCTGGGTACGGGAG	103	132	-	77	0.384747
GTGCTTGTATGTACACCTGGGTACGGGAGA	102	131	-	77	0.932934
CACCTGGGTACGGGAGACTGTAGCAGGTAA	89	118	-	77	0.498197
GGAGACTGTAGCAGGTAAGTCCCGTGGAAG	77	106	-	77	-0.033190
AAGTCCCGTGGAAGAGCTTTCGACAGGCCC	61	90	-	77	-0.406386
AGCTTTCGACAGGCCCTCTTCCTACGGGAT	47	76	-	77	-0.698674
GCTTTCGACAGGCCCTCTTCCTACGGGATG	46	75	-	77	-0.180799
GTTCCCGCTTTCCTGTGATAGATGCGGACT	8	37	-	77	-0.206849
GGGCGGCTGGCGCGCTGTGTACTTAGGTCG	0	29	+	78	-0.062152
ACTTAGGTCGCAAGAAGATGCGCATGGCTC	20	49	+	78	0.580272
CAAGAAGATGCGCATGGCTCGATGTGGACA	30	59	+	78	0.104619
AGATGCGCATGGCTCGATGTGGACAGGCCC	35	64	+	78	0.301745
TCGATGTGGACAGGCCCCTAGACCAGGAAA	48	77	+	78	0.151895
AGGCCCCTAGACCAGGAAAATCCATGGGAA	59	88	+	78	-0.103863
GGCCCCTAGACCAGGAAAATCCATGGGAAC	60	89	+	78	-0.362462
GACCAGGAAAATCCATGGGAACTTCGGGTT	68	97	+	78	0.825569
ACCAGGAAAATCCATGGGAACTTCGGGTTG	69	98	+	78	0.327400
TTCGGGTTGTGCTCACAGTCGCTGAGGTGA	90	119	+	78	-0.155185
TCGCTGAGGTGAACCATCAGATGAAGGATC	108	137	+	78	0.562283
ACCATCAGATGAAGGATCAATCTCTGGAGC	120	149	+	78	-0.174168
TCCAGAGATTGATCCTTCATCTGATGGTTC	118	147	-	78	-0.200579
TGTGAGCACAACCCGAAGTTCCCATGGATT	77	106	-	78	-0.027193
ACCCGAAGTTCCCATGGATTTTCCTGGTCT	67	96	-	78	-0.432576
AGTTCCCATGGATTTTCCTGGTCTAGGGGC	61	90	-	78	0.454497
GTTCCCATGGATTTTCCTGGTCTAGGGGCC	60	89	-	78	0.394396
TTCCCATGGATTTTCCTGGTCTAGGGGCCT	59	88	-	78	-0.484307
GACTTCGACAACTTAAACGGCTTCAGGCAA	0	29	+	79	1.540622
CTCTGTAGCCCAGACTCCCATTATTGGAGG	30	59	+	79	0.131664
TGTAGCCCAGACTCCCATTATTGGAGGATG	33	62	+	79	-0.477651
TTGGAGGATGTTCCGCATGATCCGAGGTAC	53	82	+	79	0.056741
GATGTTCCGCATGATCCGAGGTACTGGGCG	59	88	+	79	0.643460
ATGTTCCGCATGATCCGAGGTACTGGGCGC	60	89	+	79	0.576061
AGGTACTGGGCGCTAATTCGTGCACGGATG	77	106	+	79	0.063039
TAATTCGTGCACGGATGTGAATCTTGGTGG	90	119	+	79	0.302420
TTCGTGCACGGATGTGAATCTTGGTGGATT	93	122	+	79	-0.636287
GGATTTCTGCCGATAAACAACCAATGGGGA	118	147	+	79	0.640757
GATTTCTGCCGATAAACAACCAATGGGGAA	119	148	+	79	0.228763
ATTTCTGCCGATAAACAACCAATGGGGAAA	120	149	+	79	0.190215
TGCACGAATTAGCGCCCAGTACCTCGGATC	71	100	-	79	-0.180161
TAGCGCCCAGTACCTCGGATCATGCGGAAC	62	91	-	79	-0.096324
ATCATGCGGAACATCCTCCAATAATGGGAG	44	73	-	79	0.106002
TCATGCGGAACATCCTCCAATAATGGGAGT	43	72	-	79	0.478967
GAACATCCTCCAATAATGGGAGTCTGGGCT	36	65	-	79	0.947180
AACATCCTCCAATAATGGGAGTCTGGGCTA	35	64	-	79	0.559211
GCTCTAGGCAATCTGCCCTCGTTCGGGACA	0	29	+	80	0.303956
CTGCCCTCGTTCGGGACAACTCACAGGCTT	12	41	+	80	-0.428233
ACTCACAGGCTTCATTGACTGAACAGGTTG	30	59	+	80	-0.078735
GCTTCATTGACTGAACAGGTTGATTGGGGC	38	67	+	80	0.121861
CTTCATTGACTGAACAGGTTGATTGGGGCT	39	68	+	80	-0.479562
TTCATTGACTGAACAGGTTGATTGGGGCTC	40	69	+	80	0.279627
AACAGGTTGATTGGGGCTCAAGTAAGGGAC	51	80	+	80	-0.412024
ACAGGTTGATTGGGGCTCAAGTAAGGGACT	52	81	+	80	-0.394870
ATTGGGGCTCAAGTAAGGGACTCGAGGTCC	60	89	+	80	1.212353
CTCGAGGTCCCGAAGATAGAGCAACGGGTC	80	109	+	80	0.194267
TCGAGGTCCCGAAGATAGAGCAACGGGTCA	81	110	+	80	0.717272
CGAAGATAGAGCAACGGGTCATACTGGATA	90	119	+	80	-0.008875
CATACTGGATATACAGCTCAGTACAGGACG	109	138	+	80	0.371853
ATACAGCTCAGTACAGGACGTGTCCGGGCT	119	148	+	80	0.942722
TACAGCTCAGTACAGGACGTGTCCGGGCTG	120	149	+	80	0.264622
CAGTATGACCCGTTGCTCTATCTTCGGGAC	86	115	-	80	-0.388667
AGTATGACCCGTTGCTCTATCTTCGGGACC	85	114	-	80	-0.301235
GAAGCCTGTGAGTTGTCCCGAACGAGGGCA	13	42	-	80	0.701666
AAGCCTGTGAGTTGTCCCGAACGAGGGCAG	12	41	-	80	0.471233
TTCAGGGGCACATTAATTCGTGCACGGATG	0	29	+	81	0.473279
ACGGATGAGCATCACTAATCAGAACGGATC	23	52	+	81	-0.207449
AGCATCACTAATCAGAACGGATCCAGGGAT	30	59	+	81	1.181212
GCATCACTAATCAGAACGGATCCAGGGATA	31	60	+	81	0.181010
AAAGCCACATTTGCGCTGTCTTGTAGGCCC	60	89	+	81	-1.000187
TCTTGTAGGCCCACTCTTGAAAACCGGAAT	78	107	+	81	-0.003896
ACTCTTGAAAACCGGAATCGAAAATGGAGA	90	119	+	81	0.386446
AAAACCGGAATCGAAAATGGAGAGTGGACG	97	126	+	81	0.841586
ATCGAAAATGGAGAGTGGACGCAAAGGTCG	106	135	+	81	0.067592
AATGGAGAGTGGACGCAAAGGTCGTGGATC	112	141	+	81	0.588857
GTGGACGCAAAGGTCGTGGATCCAAGGTTT	120	149	+	81	0.177253
GCGTCCACTCTCCATTTTCGATTCCGGTTT	98	127	-	81	-0.132033
ATTTTCGATTCCGGTTTTCAAGAGTGGGCC	85	114	-	81	-0.626166
TTTTCGATTCCGGTTTTCAAGAGTGGGCCT	84	113	-	81	0.060181
TGGGCCTACAAGACAGCGCAAATGTGGCTT	61	90	-	81	0.371779
ACAGCGCAAATGTGGCTTTATCCCTGGATC	49	78	-	81	-0.824623
ATTTGCTCTTCAAACCTCCTGTAGAGGTAA	0	29	+	82	-0.240571
CTCCTGTAGAGGTAATCTTTATCCCGGCGT	15	44	+	82	-0.240715
TCTTTATCCCGGCGTGCAGCCACGAGGTCC	30	59	+	82	-0.172616
ATCCCGGCGTGCAGCCACGAGGTCCGGAAG	35	64	+	82	0.508615
TGCAGCCACGAGGTCCGGAAGTTATGGTAC	44	73	+	82	0.170657
GGAAGTTATGGTACTGATGTAACCAGGTGC	60	89	+	82	0.052659
ATCTGACACTTGAAAATCTTTGACAGGAAC	90	119	+	82	-0.492320
AAATCTTTGACAGGAACCCCTGCCTGGAGG	103	132	+	82	0.402368
TCTTTGACAGGAACCCCTGCCTGGAGGTAA	106	135	+	82	0.182950
ACCCCTGCCTGGAGGTAAGCTCTGCGGGGA	118	147	+	82	-0.288534
CCCCTGCCTGGAGGTAAGCTCTGCGGGGAT	119	148	+	82	-0.046718
CCCTGCCTGGAGGTAAGCTCTGCGGGGATT	120	149	+	82	0.154849
TCCCCGCAGAGCTTACCTCCAGGCAGGGGT	118	147	-	82	0.300769
CCCCGCAGAGCTTACCTCCAGGCAGGGGTT	117	146	-	82	-0.133750
CCCGCAGAGCTTACCTCCAGGCAGGGGTTC	116	145	-	82	0.467438
AGATTTTCAAGTGTCAGATGCACCTGGTTA	79	108	-	82	0.621891
TGGTTACATCAGTACCATAACTTCCGGACC	55	84	-	82	0.064630
CAGTACCATAACTTCCGGACCTCGTGGCTG	46	75	-	82	0.240789
CTTCCGGACCTCGTGGCTGCACGCCGGGAT	35	64	-	82	0.233982
TTCCGGACCTCGTGGCTGCACGCCGGGATA	34	63	-	82	-0.324331
CGCCGGGATAAAGATTACCTCTACAGGAGG	14	43	-	82	0.588547
CGGGATAAAGATTACCTCTACAGGAGGTTT	11	40	-	82	-0.257010
CTGAGGATCGCCCTCGTCCTTGAAGGGGAT	0	29	+	83	-0.244801
TGAGGATCGCCCTCGTCCTTGAAGGGGATT	1	30	+	83	-0.205662
TACATGCGACTTCGACAACTTAAACGGCTT	30	59	+	83	-0.550675
GCGACTTCGACAACTTAAACGGCTTGGGGT	35	64	+	83	0.025904
CGACTTCGACAACTTAAACGGCTTGGGGTG	36	65	+	83	0.701649
GACTTCGACAACTTAAACGGCTTGGGGTGG	37	66	+	83	1.360983
TTCGACAACTTAAACGGCTTGGGGTGGGTG	40	69	+	83	-0.264166
TCGACAACTTAAACGGCTTGGGGTGGGTGC	41	70	+	83	0.030710
GGGGTGGGTGCGCGAAGCGAGCTCTGGCCG	60	89	+	83	1.142187
TGGGTGCGCGAAGCGAGCTCTGGCCGGATG	64	93	+	83	0.373598
GGATGCATCACACTGTAGATCTCCTGGGAG	89	118	+	83	0.327084
GATGCATCACACTGTAGATCTCCTGGGAGA	90	119	+	83	-0.499001
ATCTCCTGGGAGAAACTGTACTTCAGGAGA	107	136	+	83	-0.421988
AACTGTACTTCAGGAGATTAAACGAGGAAA	120	149	+	83	-0.405374
ATCTCCTGAAGTACAGTTTCTCCCAGGAGA	108	137	-	83	-0.729121
AGGAGATCTACAGTGTGATGCATCCGGCCA	84	113	-	83	0.637497
CGAAGTCGCATGTAATCCCCTTCAAGGACG	14	43	-	83	0.187824
CGCATGTAATCCCCTTCAAGGACGAGGGCG	8	37	-	83	0.290538
GCATGTAATCCCCTTCAAGGACGAGGGCGA	7	36	-	83	0.737996
CCGCCCCTCTTGACACGACGAACCTGGCCG	0	29	+	84	0.673044
ACACGACGAACCTGGCCGTCCTTCAGGCAT	12	41	+	84	-0.238173
TCCTTCAGGCATTCCACTCTTGTAAGGAAA	30	59	+	84	-0.477295
CACTCTTGTAAGGAAACCGTCGTCTGGCTT	44	73	+	84	0.738299
CCGTCGTCTGGCTTCCGACCACTCTGGAGA	60	89	+	84	0.264694
TTCCGACCACTCTGGAGATGTTACCGGTGA	72	101	+	84	-0.091313
TGTTACCGGTGAAGAAGCCGAAAATGGAGC	90	119	+	84	0.932793
AAGCCGAAAATGGAGCTTGAGCGTTGGGTG	104	133	+	84	-0.174877
AGCCGAAAATGGAGCTTGAGCGTTGGGTGG	105	134	+	84	-0.230002
CGAAAATGGAGCTTGAGCGTTGGGTGGTAC	108	137	+	84	0.490341
TTGAGCGTTGGGTGGTACTTGCAGAGGTGG	120	149	+	84	-0.346451
CACCCAACGCTCAAGCTCCATTTTCGGCTT	104	133	-	84	-0.553890
AAGCTCCATTTTCGGCTTCTTCACCGGTAA	92	121	-	84	-1.077015
TCTTCACCGGTAACATCTCCAGAGTGGTCG	75	104	-	84	-0.144940
CACCGGTAACATCTCCAGAGTGGTCGGAAG	71	100	-	84	0.311542
CCAGAGTGGTCGGAAGCCAGACGACGGTTT	57	86	-	84	0.926735
CAGACGACGGTTTCCTTACAAGAGTGGAAT	40	69	-	84	-0.418584
TCCTTACAAGAGTGGAATGCCTGAAGGACG	28	57	-	84	-0.179751
TACAAGAGTGGAATGCCTGAAGGACGGCCA	24	53	-	84	0.273124
GAGTGGAATGCCTGAAGGACGGCCAGGTTC	19	48	-	84	0.452265
GACGGCCAGGTTCGTCGTGTCAAGAGGGGC	2	31	-	84	-0.366272
ACGGCCAGGTTCGTCGTGTCAAGAGGGGCG	1	30	-	84	-0.792090
CGGCCAGGTTCGTCGTGTCAAGAGGGGCGG	0	29	-	84	0.044870
