,30mer,SSC
0,AGTAGAGTCGGGGTTTCGTCATGTTGGTCA,na
1,CTGCCGCCGCCGCTTTCGGTGATGAGGAAA,na
2,CCCGGGCAGCGTCGTGCACGGGTCGGGTGA,na
3,GAGGTGGGCGGATCACTTGACGTCAGGAGT,na
4,CTTTTTACCATAGTGTACGGGTGCAGGCAT,na
5,TTCTTCTACTGAAGTGGTAGCAACAGGTAC,na
6,CAGATAGAGATCCGCCCTATCTCAAGGGAC,na
7,TTTCCTCATCACCGAAAGCGGCGGCGGCAG,na
8,AGATTTCTGAATTATCGGCTAGCCTGGTCT,na
9,GCCTGCCTCAGCCTCACGAATAGCTGGGAT,na
10,CCCAAAGTACTCCTGGAGTACTGCAGGAGG,na
11,AGATCACCGTAGTCAATCTCAATGAGGGCC,na
12,TGAGACGGAGTCTCGCTGTCGCCCAGGCTG,na
13,GTAGTGGGATGCCGTCCCGCAAAATGGCCC,na
14,CAGATCCGAGAGAAACCTTCGCAAGGGATT,na
15,GCCCCCGTCCAGCCACGGCAAGCCTGGGCT,na
16,TGGACTAGTGGAAGTGAACGCTCCTGGCAT,na
17,TGTGGGGCATATGGACTAGGCACTGGGCTA,na
18,ACACTGACATTTCAATTCCGTAGCTGGACA,na
19,GTGTGCTTACCAGTATGACGACGATGGGTA,na
20,CGCGGTTCAGGAATCGTCACCCGGCGGCCT,na
21,TTCTGCTAACGATCTCTTTGATGATGGCTG,na
22,TCCCACCAGTTCACAAACGGGCCTCGGGCT,na
23,AAGCAGCTACCAGGCTAGAGTGCCAGGCAT,na
24,TCTATCGGCTGGAAATATGTTTAAAGGATT,na
25,GGAGGATTATAAGACTGTGCGACGAGGCTT,na
26,ATAATTAACCTGCTGCGGCATGACTGGAGG,na
27,GAGAGGCTGGTCATGCCGCTGGCACGGCCG,na
28,GTTTCTCAAGCCACCGGCAACAATAGGACT,na
29,ATGATTGGAAAACGAGCTAACGAAAGGCTA,na
30,TAAAATAAAGATGGCGTTTCGGCCAGGTAG,na
31,CCGTCCCATCGGTAGTGGACTGAATGGTGT,na
32,AGCCCGCGCGGCAGCCGTAGGCCTTGGCCC,na
33,TGGACCTCACCATTTTGGCTAGTGTGGCTA,na
34,CCTGAGTTCAGTTCACGACCAGCCTGGTCA,na
35,TGACTCAGAAACAGATCGCCCATCAGGTCT,na
36,GTGACGATTCCTGAACCGCGGGGAAGGAAG,na
37,CTATTTAAACTCTAGGCTTCGAACAGGAAA,na
38,AGACCTAACAAAAGCGGCAATGTCAGGTAA,na
39,CTCTCTAAATTACACTCGAACACATGGGCT,na
40,GCTATCTTCAGGCCGTAACCTTTTCGGTTC,na
41,CAACAGATGCGAAGTTCGGGTGCCCGGCCT,na
42,ATAAAGTAGAAGATCGATGCTAACTGGCAG,na
43,GTTGCAGTTCACTCTTCGTTGGACAGGAGA,na
44,TCCCACCAGTTCACAAACGGGCCTCGGGCT,na
45,GTGTTTACATTACACATCCAGCGTGGGAAG,na
46,GGGGAGATGCGCGTGCGGAGTAGCGGGAAG,na
47,TAGACTTCCGCAATAATCCTACTAAGGAAG,na
48,GATCCTGTATTAATTCCGGGTGTCTGGGAA,na
49,AGTTTGCCCTTATAGTTGGTAAGCTGGAAA,na
50,TCCCGCCTCGGTCTCCCAACGTGCTGGGAT,na
51,GGAGGCGGAGGTTGTAATGAGCCGAGGTCA,na
52,TCTGTTGATACCTGGTTGAGGCTATGGACA,na
53,TTGTCCTCAGTAAACGAGGGCCTCTGGCCA,na
54,CGGTGCAGAGACCCCTGAATCGATGGGGCT,na
55,GTGTTCGGCTGTAGTGCCGTTGTCCGGCTT,na
56,TAAGTACTTATTTAATGCGTGTGCTGGCTC,na
57,CCAGGAGACCTCAGATGGTAAGCCTGGCAT,na
58,GAATGAATAAGAACTCCCATTAGCAGGTGG,na
59,ATGCTGCGGCCGTGGCTGCATTTGGGGAAG,na
60,GAAGAATACTATCCTAGTTCCGACCGGAAT,na
61,ACATGCATTAGACACCTGTCATAATGGAAA,na
62,AGAACATGCTAAGTGACCTAAGAGTGGTAT,na
63,ACCCGACCCGTGCACGACGCTGCCCGGGAG,na
64,CTGAGCCCTCCAATAATGGGAGTCTGGGCT,na
65,ATACTAATGTGGAGGCGCGAACAAAGGTCA,na
66,AAAAGCTACAGATAAGTGGACTACTGGGCC,na
67,TGAGGGCCTCTCGTGCATAGATACTGGAAA,na
68,AAGGCACCATGGATGATATTAGTCAGGAAG,na
69,TGCTGACGCAAACCTTTACTTGGGAGGTGG,na
70,AATTCTATAAGTGATGAAAGGTACAGGCAT,na
71,TTAATCGTCACACTTGAGAGGCGAAGGTAA,na
72,TGATTTCTGGATCCGGATTACCGCTGGCTG,na
73,CCGGTGCAGAGACCCCTGAATCGATGGGGC,na
74,CAGTTAGCACAGCGCAGACCTATCTGGGTG,na
75,AACCACGAAAACCCTCACTCGCGGCGGGCC,na
76,TTATGTGGCAGTAGAACAACTAGACGGTGA,na
77,GGACTACAAATCCCGATACTGTGATGGATG,na
78,GCCCTCCCGGGCAGCGTCGTGCACGGGTCG,na
79,AACTCTCGCTCCAGTTCCCGGATCTGGAAT,na
80,ATTCTGCCACGTCTGTGGACGCAAAGGTCG,na
81,TCATCTGAAGAAGGGTCGATGGCCTGGGGT,na
82,GGCGACGGCTTCGGGCGGCAAATCCGGCGG,na
83,TTTAGACTGAGAGCGGAAAGATCTGGGTGT,na
84,AGGAACAGAGGGTTTGACATCAACAGGCTT,na
85,CAACTGCGGGCCCATATCAATCGTAGGGAA,na
86,AACTTTGTCATTACTAAGTATTCGGGGTTG,na
87,GCCAAAATCTGGCTGGCGGCCCATTGGGAC,na
88,AGGTGTACCCATTGCTCAACTGTATGGAGG,na
89,CTGCCAGATTCAGCTCGTAAGGACAGGCAC,na
90,AAAATCACCTGGATTACAGACCCGTGGCAC,na
91,TTGTGGGGCGTATGGACTAGGCACTGGGCT,na
92,GTATAGCTATCTCGCACACTCATGAGGCAG,na
93,TTCTACCAATCGCCTTAGGAGGGCTGGTTA,na
94,TGGCAGAACCGACGGAGGGCGTAGTGGGGA,na
95,CGCTGGTAATCCCAACACTTAGTGAGGCTG,na
96,TCCTGCATGATGCGCGGCCCAAGGAGGGAG,na
97,GTTTTTGGAACTTTGATTAGGGTTAGGGTT,na
98,GTTACAGAGAGCACAACGCCGTGCTGGACC,na
99,ATTTATATCAATCGCGGGCTCTGAGGGCGC,na
100,TTACGATGCTTGTGCCCGTGCACCTGGGAG,na
101,TAGTTTGGTCCTTGCTCGCCCTATTGGATG,na
102,CCCACCCTCCAATTAGCCTTGTTGTGGAAG,na
103,GCCCAAGGAGGACGCATCACAAATTGGTTT,na
104,TGGAGGAGATTCGTAAGAAACTCGGGGGCG,na
105,AAATTTAGGCTTGGCAAGGCGCAGCGGCTC,na
106,CTACAGAGGTTGTTCTAAACGGGATGGTTA,na
107,CTTGACAAGATAGTACGGAGATGCTGGTAG,na
108,CCGCCCTCCCCGCCAAGACACGCCAGGAAA,na
109,AAAAAAATATATAGCCAGGTGCGGTGGCTC,na
110,AGACTAGCTCAAAGACTCGGTAGTGGGAAT,na
111,AGCAGCAGTCGCGCATTGCAGAGCTGGAGA,na
112,AATGGGTACACCTGAAAGACTGTTGGGGGC,na
113,AAAAGAAGGGCCAGGTCTCGACACTGGAGA,na
114,ACTGGTCCACCATATTAGACCAGTTGGTTA,na
115,CTTGGGCTCACTTGGAACGGCCTTGGGAGC,na
116,TGGGGTTACAGGATGCACAGGCGGAGGAAG,na
117,CACGGTGGGCATGGTGCGGCACCAGGGAAA,na
118,CTTCTTCAACCATCTCGACTCGCAGGGCAA,na
119,TCAGATCCGAGAGAAACCTTCGCAAGGGAT,na
120,GTGTGGTCTGTCTGGATAAAAGCGTGGCAT,na
121,TGAGGTCCCCAGGGCCCCTAGACCAGGAAA,na
122,CAGAAGGTCAGCCTGCCGTCAGTTTGGGCC,na
123,GAAAGGTTGCCTCGGAGCGCCAACTGGTGT,na
124,GCAGATCTCACGCAGTAGCCGCGTCGGGTC,na
125,TTCCTTAAATATCTAGCATGACACAGGACA,na
126,GGTCCGGACAACTGTCCCCCGGCAGGGAGG,na
127,GAGTTTCCGTAGTAGGGCGGGACGTGGTTG,na
128,ATTTGCGATGCAACAGCTTGGCGGAGGATT,na
129,TGTGTTTCCTGGCGTGTCTTGGCGGGGAGG,na
130,TTGTGCACATTGTCAAATTAACTGTGGCTT,na
131,CGAGCAGCCTCGTGACTGGGCGTGGGGGAG,na
132,CTGTCTTTATGACAAAGAGGAGCGAGGCCT,na
133,AGACGGTGACAATAAATACGATGCTGGGGA,na
134,CGTGGCTTGCGCTAACATCGGGGGCGGGGC,na
135,TACAGGTCAGTACAGGCCGGGTTCGGGCTG,na
136,AACTAGAATGCCTAGGTTCCTTAGAGGTAT,na
137,GTGCTCTGTTCAGACTCTAATAGGAGGTTA,na
138,AAGGGAATAGCGCTGCAAATTGGCAGGACA,na
139,GTAAGACGCTCAAGCCACGTCAACGGGAGG,na
140,TGGTTTTCCCGGGCGGGCACGTGACGGGGT,na
141,TCTTTTCCTCATCACCGAAAGCGGCGGCGG,na
142,AATGTGGAGGCGCGAACAAAGGTCAGGGTG,na
143,TAGATCTGACAGCCGAACATACCTGGGGAA,na
144,CATCTACCTGCATGCTAGAAGCCGAGGCAG,na
145,GGCGTTGTGCTCTCTGTAACTGCGGGGAGC,na
146,CGGGAAAAGCGAGCGGCGAGAGCGAGGAGG,na
147,TTCGGGAATCAGGGCGCGGACGCTGGGCGT,na
148,CAGCGACTACGAGAGCTGCTGATTCGGCAG,na
149,TCTTGCTAGTATCGAACTCCTGGAAGGAAT,na
150,AAGAAATTGGGCTTTATGGCTTGCTGGCTT,na
151,TGCTCACTCGCTACCCCCTTATTCAGGGCC,na
152,ATTGTCTAGGGAGTGCTAACCCCTCGGTGA,na
153,AGATGCTGATGACTACTTATCGATTGGAGT,na
154,GCTAGGGAGAAGCTAGACCACCACAGGCAC,na
155,AATGGGAGGCTTGCTTTGGCTCGCTGGAAG,na
156,TGTGATTGACGCCACGTTGACCGGAGGCCC,na
157,TCCTCCCGGGTTAATTTGTAGCACTGGACT,na
158,ATCTTTCCGCTCTCAGTCTAAAGCAGGTGT,na
159,GGCTGGAGTGCAGTGGATTGATTGCGGCTC,na
160,TGGGGATAGTAATCCGGACATGACTGGAAT,na
161,GTGACGATCCAAATTTGAACGCCGGGGACA,na
162,GGAGGGGGCTCCGTCACCGCATCCTGGGCT,na
163,ACAAACTGGTTTGGGGCTCGCTCTTGGTCC,na
164,AGGAGAGGGAGGCGCTCGGCGGACTGGACA,na
165,GTAAATCACTCCGCACGCTATTAATGGTCC,na
166,GTGAGATTTCATGAAGATGGCGCCAGGACG,na
167,GAAAGGTTGCCTCGGAGCGCCAACTGGTGT,na
168,CTTGACAAGTGCCCCCAAATTAGGTGGTTT,na
169,TGAGGCTGTCGGTGTCAAACAACCAGGTAC,na
170,ACAGGTGATATTAACGCTTCCGCCTGGCAT,na
171,GGCACTGAGGCGGGGTACATCTTCAGGCAC,na
172,GCTGGAGTCTACCTGGAAGGCTCTAGGGGA,na
173,CGTTGATGGCGCTATCACGGCACCGGGCTC,na
174,GGTTCTCTCAGCAGCAGACGTGTCCGGTAG,na
175,AAGGAGGAAGAAGCACAACGGCCCAGGCAG,na
176,ACTTAATTCGTGCTGCAAGTCCAGAGGTAT,na
177,CTATATACATAGGATAAGTAGTACAGGCAG,na
178,CCCAGATATATAAGGGCTATCAGATGGGTT,na
179,TGTACCACGATGGAAAAATTATCGTGGATT,na
180,ATGGTGGGATGGCAGTGACCGCCGTGGTGT,na
181,CTGCAGCGACACCAGGTCCGCGCGCGGCGG,na
182,TGCACATTGAAGCTCTATGCCAGTGGGGAC,na
183,TATATTGACACAAATTCCCAGTACAGGGGG,na
184,TCTTTTCCTCATCACCGAAAGCGGCGGCGG,na
185,GAGGGACAAAGACCGTGTGAAGACAGGGCA,na
186,GGCTATTGGGTATGTTACTGCCGATGGGAA,na
187,GGCACGTGTGTCGCAGCCCGAACCCGGCCT,na
188,ATGGGGGGTGTCTGGGTCTGCCGATGGGGC,na
189,ACACACAACCGACAGCTGAGACGAAGGGCT,na
190,CCTGTGCCCCTAACTGTGTAGCGGAGGTCG,na
191,GCTGCTCAGTGGTACTTAACGTTGAGGTTA,na
192,GGATTCCGAGCTTCGCTTGAGAACAGGGCA,na
193,ATCTTGATGTTTTGGTCCGTCTGAGGGTCA,na
194,GGGAGGGAATGGGAGGACGCTTGCGGGATA,na
195,GCCGGCCAGGTTCGTCGTGTCAAGAGGGGC,na
196,GGGCACGTGACGCGCACGGCCAATGGGGGC,na
197,TAAACTCGAACTTCGCCGGTTAATGGGCTT,na
198,GGGGGCGCACACAGGGCGGGAAAGTGGCGG,na
199,CAACAGCAAGGAGTGAATTTCCCCTGGAAT,na
200,TGGGACCGCACGGGAGCCGAGGCAGGGGAT,na
201,ATTCAGTCCACTACCGATGGGACGGGGGGC,na
202,CAAGATATCTGGTGGAACATCTCGAGGTGA,na
203,AGAAAGTTGGAAAGCTCGGCGTGTTGGATA,na
204,CTCACAATTCCATATTACGATGCTGGGCTG,na
205,TTTATCAATTGCAGCCCGTGGACGGGGAGC,na
206,CATGTCCCCATAACTACGCTTGCGGGGATT,na
207,GAAGGCACGGCTGGAACGTCCGGCTGGCTA,na
208,TGCTGAAGTCTCCCCTGATCTGATAGGACA,na
209,ACAGCTAGTGGCATAGCCAACTTGAGGTGC,na
210,GGCCGCCATCCTCGAAGAAGACGAGGGTCT,na
211,CTGTGTGGAGCACCCGGGCCGGCTAGGGGA,na
212,GAAGAGTTGGATACTCAGCGTCGCTGGCAG,na
213,CTCCCCACCTTCTTAAACTGCGGGTGGCAA,na
214,CACTGGCCTACTACAGGGACGCTGAGGCCT,na
215,GACACCAGAAGATGATATGCCGATAGGACG,na
216,ATTATCTGCAATGGACCGGGTTAATGGGAG,na
217,CAAAGGTGAGATGATATCAACCTCTGGTTC,na
218,CGGCGGTAGCGAGCGACACTCCGCAGGATT,na
219,GCAGCTGCGGCACTGGCCTACTACAGGGAC,na
220,CGGCGGGGGCTACGGCGGACGCTACGGCGG,na
221,ATGCTAGGGCGCCTGATTTAAGAATGGGTG,na
222,CCTCATAGATTTTCTCCCGCCGATTGGCCA,na
223,ACTCTTCGAACTCCCGCTCGATGGTGGTGG,na
224,GCCAAACCCTACCGAACTCAGATCTGGATT,na
225,GGACACCATTCAGTCCACTACCGATGGGAC,na
226,AAATACATGGTAAGTCAGAAGACCAGGAAA,na
227,CTTTGTGGAATAACAGACTACTGAAGGTAA,na
228,TAAAAGTTTCGGACTCCTCCACAATGGCTT,na
229,AAGAATATCCCTCTGGGCTAAAGATGGCTC,na
230,TCCCAGTTTGGTTTCGTAGGCGCGGGGCCG,na
231,ACAGGGCGGGAAAGTGGCGGTAGGCGGGAG,na
232,CCAGGGTAGGGATCCATGAAGCAGAGGCGG,na
233,GATTTGTGCATATTTATTGCATCGGGGCAA,na
234,GAGAAGCCATTGGTGTTGACGCTGAGGGCT,na
235,TCCCTGGTACCAAGCGCTTAGAGCAGGTGG,na
236,ACCACGAAAACCCTCACTCGCGGCGGGCCG,na
237,TTACAGACTTTGATGAAGTCCGGCAGGAGA,na
238,ATAAGATCTTCGTCAACATCCCCCTGGAAA,na
239,TGGACTTGAGCTGTAGTTTGACTATGGGAT,na
240,TCTGGAGCCTGCCTTCGTCCTCGATGGGTG,na
241,CCATTCAGTCCACTACCGATGGGACGGGGG,na
242,CAAACTGTGGCAGCAACGTCAGTCGGGCAA,na
243,TGATGCTGCGGCCGTGGCTGCATTTGGGGA,na
244,CCCATTAGCAGGTGGGTTTAGCGCTGGGAG,na
245,ACGGCCGGGTGAAATGGGTGTCGCTGGGTG,na
246,GGGCGTGGACCCCGTCATTGTTCCCGGCTA,na
247,GAGAGTGGCGGGGTCGGCGCAGTTGGGCTC,na
248,CTGGGAGTGGTCGCGCGGAAACTCTGGCTC,na
249,TATTGCAGCTTGTGCGCGGTAATTAGGTTG,na
250,AGGAGACAGACACCCCGTCCTCGCTGGCCA,na
251,GGCAGATTTCGCACAAAACACGGAGGGCTA,na
252,CAAGGATAACCAAGGCAGGGGCGCTGGAGA,na
253,GGGAGGGCGGTGTAACCTGTGCTCTGGCTG,na
254,ATCCTTTTAACGGACCCAATGGAGAGGCAG,na
255,CAGATGTGCTGATTGTAGTAGCACTGGAAG,na
256,CTCTCCTTCCATTGATGGCCGACTAGGCCC,na
257,GGGTGCTGCGCATTCAATACGGCGGGGTGC,na
258,GCAGAACCGACGGAGGGCGTAGTGGGGACA,na
259,AGAAATGGGATCTGCCCGGCGCAGTGGCTC,na
260,TGCTGGACGGGCACGTGACGCGCACGGCCA,na
261,TGAGTGATGGACACAACACCGCGGAGGAGG,na
262,CACACTTCTACCAATCGCCTTAGGAGGGCT,na
263,GGGGGGGTGGGGACCCGCTAGACCTGGCAG,na
264,GACACTCCACAAATTCGCACGCCCAGGCAC,na
265,GTATAGCTATCCCGCACACTCATGAGGCAG,na
266,CGCTGGTAATCCCAACACTTAGTGAGGCTG,na
267,GCAGTGAGCTGAGATCCGGGCCACTGGCCT,na
268,GTGGTTCACATCCCGCGGCTCACGGGGGAG,na
269,GGGGTCAAACGGATCCACCACGATGGGCTC,na
270,TGCTTCTCTACAATATTTCGGATCTGGCGC,na
271,CAGAGACTTCAACAGGTATCTAGCAGGTGA,na
272,ATAAATCGGGAATAAACGTAGGGCAGGCAG,na
273,GGTGGCACTGGGGGACGTCCCGGATGGCAC,na
274,GGAGCAGCAGCAGCTCCGCCACTCGGGCGC,na
275,GACCCTCCGGATTCGGCGCGCGTGCGGCCC,na
276,GTGGCGAGTAGACTCGAAGGTTGATGGGCA,na
277,CCACGGCCTGTGTCCCGGTAGTCGCGGCCC,na
278,TCAAATACGAGAGAAACCTTCACAAGGAAT,na
279,CTGAGCCAGTGTTTAAACAGACGATGGTAT,na
280,CGCAGCCGCAGACAAAAGACCTCGGGGCCG,na
281,ATTTTCTCGGGGGGTCCGACGCCGAGGAGC,na
282,AGGGGCGGTGGCCCCATCCCAATCTGGAAC,na
283,GCGCAGACCGTCCCTGCCGGCCAAGGGGAA,na
284,GGCAGGCGCTCGCTCGGCTCAGAGAGGCAG,na
285,TAAGATATCTGGAGGAACATCTCGAGGTGA,na
286,AGAAGTACTTGGCCCTCCGGAAGAAGGAGA,na
287,ATTGGCTAACCAACTGGTCTAATATGGTGG,na
288,AAGGCCACAGCCACTGTTGTTAATGGGAGG,na
289,GCTTCGGGCGGCAAATCCGGCGGCGGGAGC,na
290,GAGGGCGTCAGATCTCATTACGGGTGGTTG,na
291,CCCATGACAGCTTGCGAACAATCCTGGGTG,na
292,GCGCCACGCGCAGACCGTCCCTGCCGGCCA,na
293,CATCTCGTCCGTGGCGCAGAGTTCCGGGTC,na
294,CCAACTCTTCGAACTCCCGCTCGATGGTGG,na
295,TGTGAGGGATGTGGAACACTATGTTGGTAA,na
296,TCAAACCGAATACACCCGAGACAGTGGAGG,na
297,GAGCTAGCGTTACACAGTAGAAGCAGGTGC,na
298,GCTGCCCAACGCACCGAATAGTTACGGTCG,na
299,CTTGAACTTGCCTTCCTCCTGAGTAGGAGG,na
300,ACGGGGTTGGCAGCGTTCGGGCCCCGGCTG,na
301,GGGAGGCGGAGGAATATGTCCGAGAGGGAA,na
302,AGTAGTAGCAACAGGTACCGTCACAGGAAC,na
303,CAAAGGTAAGGTGTGACATATCATCGGTTC,na
304,AGGTGTACCCATTGCTCAACTGTATGGAGG,na
305,GGGGAGGTTCAGACTTCGGGAATCAGGGCG,na
306,CCAGTCACTTGCTGCGCTACCGTCAGGTGG,na
307,ACCTCGGGGCCGGCCTCGCAAAGATGGCGC,na
308,GCCGGACGCCTGGAACGCAACTCCAGGCAG,na
309,AGGAGTTGCACAGGTACGGCCTACTGGAAT,na
310,TCTGCAATGGACCGGGTTAATGGGAGGCTT,na
311,GTTTACGTAGCATCGCACCAATAGTGGGCT,na
312,GTACCTGAAAGCCTAGTCAGCCCGAGGCCC,na
313,ACGAGCCTATTTAGGGATGACAAGTGGACA,na
314,GCACTGCAGAGATCTAGGCCCTAGAGGAAT,na
315,AAAAAGTACAGTATTGGACACTGCGGGAGA,na
316,TCCTGGTGACTAGGATGTCGTCGGAGGAGG,na
317,GCGAGGTCCTGCCGATCCCGGAGAGGGAGG,na
318,GCAGCAGGAACCACGCGCTGTTGAAGGGCT,na
319,ACATGAAGTGCATCCCATCAGTTCTGGGCT,na
320,ATAGCAATACGAGCCATCCTCTGCTGGCTG,na
321,TAGGATCAAACGGATCTACCACGATGGGTT,na
322,GCGGGTACTGCGCCGCGTCCATGTAGGAGT,na
323,CCTGCTCAGCGCGGCCCACGCGGGGGGGAG,na
324,TTACTGAAAGAGGAGCCCGTCGTCTGGCTT,na
325,ATCTCTTTATCCTAAGAGTTGCCCTGGCCC,na
326,CCGAGAGGGAAGTGTCGACTGCGCCGGCGG,na
327,GGCCGCAGGCATGTCTGTTCCCGCCGGCGC,na
328,TGATTTCTGGATCCGGATTACCACTGGCTG,na
329,ATAAGGTCCTCGTCAACGTCCCCCTGGAAA,na
330,GAAGAAAATGAGCAACGTGCCACGAGGATC,na
331,GCTGAGACCGAGCAGCCTCGTGACTGGGCG,na
332,TCATGATGATGGGCAGCGCCCGAGTGGCGG,na
333,GAAAGCTGACGCGCTGGTAGATCCTGGTGG,na
334,AAAGGACGTCGATCGAGGCGGTGTGGGCAG,na
335,AGACCGATGGTTGTGTCCCGAACGAGGGCA,na
336,TCAGACACGACATGTGCTCAGCGGAGGGAG,na
337,GTTTAATCCGGGGTCCTCGCACAGAGGTCT,na
338,CACACAACCGACAGCTGAGACGAAGGGCTC,na
339,GCCTCACAACGATGTTCTTCAGCGGGGAAA,na
340,ATTGCCAGTATCATAGCACTACTAAGGAAC,na
341,GAAAGGGCGGCGATCAAGGCGGTGCGGACA,na
342,AGAAGACGATTAATGCAAGAACCTAGGTTA,na
343,TGCCCTCGTTCGGGACACAACCATCGGTCT,na
344,GACCTCGCTCGACCTAGGCTCCCGTGGACT,na
345,AATCATTGCAGGTCAGATCAATAGTGGATT,na
346,TCGCCGAGATCAGTCATCCCGAAGAGGAAG,na
347,CTCGACCCCACTGTGGCGGCGAGATGGCAC,na
348,TGCCCCAGTTTGTGGATTCTGCCCTGGTGT,na
349,CAGTGCTATATACAAAACACCGCCTGGAAT,na
350,AGCCTCCTCCACGAAAGCCCGTCGAGGAAA,na
351,CAGATGCCGGAGTTAATTCGCTCAGGGCTC,na
352,TGCTGCGGGTTGCCCTGTTTGCGGCGGGAC,na
353,GAATGGGAGGACGCTTGCGGGATAGGGAGG,na
354,TCCTGGAGACGTCCTTCCTTGTCGTGGCAG,na
355,CACATCACAACCAATTGTTGCTCCAGGACA,na
356,AAAGACTTACCAGAGACGCCGGGAAGGGGG,na
357,TGCGAGCACGGCCCATAGGATCGATGGCCT,na
358,ATTCCTTGCGGGTTTCCGTAGCACAGGTAT,na
359,CCCAATCCAGATCTGAGTTCGGTAGGGTTT,na
360,AGGATATTAGAGGGTACTGCAGCTAGGTCC,na
361,CCTTGAAGGGGATCATCTCGTCCGTGGCGC,na
362,TTGTGCCTGTATATTATCCGAGGATGGTTT,na
363,TTACATGAGATGCGGTACTCTGCACGGCAA,na
364,ATGGTTAAGTAGTAGAAGCCTGGGGGGTCA,na
365,TCTGTGAGTTGCACGCCGTAGCGGCGGCCC,na
366,CTCTGCACCACTGGACGTTTGCAGGGGAGG,na
367,TGCAAGCAGCCCTTCAACAGCGCGTGGTTC,na
368,GAGTTGCGGGAAGCTAGGCATTGGTGGTAC,na
369,TTAGAAATCGCAGCTAACGTGTGTAGGCGT,na
370,GGATTCTTGGACCTCGCTCGACCTAGGCTC,na
371,ACACGCACGGCTTCCGCATCTACCTGGAGC,na
372,CATGCTAGAAGCCGAGGCAGACCCTGGGGT,na
373,GAAAATGATAGCCATCCCTAAGTGTGGAAA,na
374,AAATTTTGGCAATAAGATGACCGAGGGGCA,na
375,AGGGCCTACAAGACAGCGCAAATGTGGCTT,na
376,TGAAGGTGGTTGAGCGTACTCGCACGGCCA,na
377,AGTGGGCAGGTTATCTGGGCACATGGGGTC,na
378,AATGGCTCGTTGTGGGCACTGTCGGGGTTG,na
379,GGGAGGTGGTGGAGACTGCTCACGGGGCAG,na
380,CTGGGAGTAGTCCGCATCTATCACAGGAAA,na
381,GCGGGAACAAGCTCTACATCCCGTAGGAAG,na
382,AGGGCCTGTCGAAAGCTCTTCCACGGGACT,na
383,TACCTGCTACAGTCTCCCGTACCCAGGTGT,na
384,ACATACAAGCACTTAAGTTTACACTGGTTC,na
385,GGGCGGCTGGCGCGCTGTGTACTTAGGTCG,na
386,CAAGAAGATGCGCATGGCTCGATGTGGACA,na
387,GGCCCCTAGACCAGGAAAATCCATGGGAAC,na
388,TTCGGGTTGTGCTCACAGTCGCTGAGGTGA,na
389,ACCATCAGATGAAGGATCAATCTCTGGAGC,na
390,GACTTCGACAACTTAAACGGCTTCAGGCAA,na
391,CTCTGTAGCCCAGACTCCCATTATTGGAGG,na
392,ATGTTCCGCATGATCCGAGGTACTGGGCGC,na
393,TAATTCGTGCACGGATGTGAATCTTGGTGG,na
394,ATTTCTGCCGATAAACAACCAATGGGGAAA,na
395,GCTCTAGGCAATCTGCCCTCGTTCGGGACA,na
396,ACTCACAGGCTTCATTGACTGAACAGGTTG,na
397,ATTGGGGCTCAAGTAAGGGACTCGAGGTCC,na
398,CGAAGATAGAGCAACGGGTCATACTGGATA,na
399,TACAGCTCAGTACAGGACGTGTCCGGGCTG,na
400,TTCAGGGGCACATTAATTCGTGCACGGATG,na
401,AGCATCACTAATCAGAACGGATCCAGGGAT,na
402,AAAGCCACATTTGCGCTGTCTTGTAGGCCC,na
403,ACTCTTGAAAACCGGAATCGAAAATGGAGA,na
404,GTGGACGCAAAGGTCGTGGATCCAAGGTTT,na
405,ATTTGCTCTTCAAACCTCCTGTAGAGGTAA,na
406,TCTTTATCCCGGCGTGCAGCCACGAGGTCC,na
407,GGAAGTTATGGTACTGATGTAACCAGGTGC,na
408,ATCTGACACTTGAAAATCTTTGACAGGAAC,na
409,CCCTGCCTGGAGGTAAGCTCTGCGGGGATT,na
410,CTGAGGATCGCCCTCGTCCTTGAAGGGGAT,na
411,TACATGCGACTTCGACAACTTAAACGGCTT,na
412,GGGGTGGGTGCGCGAAGCGAGCTCTGGCCG,na
413,GATGCATCACACTGTAGATCTCCTGGGAGA,na
414,AACTGTACTTCAGGAGATTAAACGAGGAAA,na
415,CCGCCCCTCTTGACACGACGAACCTGGCCG,na
416,TCCTTCAGGCATTCCACTCTTGTAAGGAAA,na
417,CCGTCGTCTGGCTTCCGACCACTCTGGAGA,na
418,TGTTACCGGTGAAGAAGCCGAAAATGGAGC,na
419,TTGAGCGTTGGGTGGTACTTGCAGAGGTGG,na
420,GGATATGTAGGGCTTGGCGAGTCTAGGTCA,na
421,TCGTGGTAGAAGGTGTAACTCCGGTGGGAG,na
422,AACAGTTTAGCCAAGTATCATGCATGGTTC,na
423,AGTGGCGCGGTAGTCGTGACCCGGCGGTCC,na
