,30mer,SSC
0,AGGAGAAGGGCGGCGAGAAGGAGAAGGAGC,0.662409
1,TACGGAGAACGGAAAGGAGAAGGGCGGCGA,0.692453
2,GGCTGAGAAGGGTGATACGGAGAACGGAAA,0.878444
3,GGGTGTCTCCGGCCATAATGACCCAGGCTG,0.507212
4,GCTGGGAGGAGAAGATGCCCGGTGCGGGGG,0.681551
5,TGGATGTACTTCATCACTATCTCCCGGTTA,-0.124975
6,CTGGGAGAACAGGGTACGATAACCGGGAGA,0.160631
7,AGAGACGCACGGACGTGTCCCAGGAGGAGA,0.046636000000000004
8,TGGCCGGCACATCGTAGAGACGCACGGACG,0.496457
9,TACGATGTGCCGGCCAACTCCATGCGGCTC,0.012472
10,GTACTTGAGCCGCATGGAGTTGGCCGGCAC,0.230857
11,GCTGGGAGTTGATTGAGCCAACACTGGATG,1.072359
12,GAAACAGAACCGCATGAGGGAAAGAGGAAA,0.695968
13,GGAAAGAGGAAAGTGGAATCTCTGTGGCCC,-0.12933
14,ACAGGAGGAACTCGAGGCCGAGCATGGGAC,1.07064
15,TTGTAGTGGAACTTGCCTGTGCTGCGGTGC,0.160175
16,TATTTTCCGCAGACCTCCGCGCTCTGGCAG,0.5577409999999999
17,GGAAGAGGAGCTGCCAGAGCGCGGAGGTCT,0.526355
18,GGGAGTGGCGAGAGCACACGGAAGAGGAGC,0.453938
19,CCCGCAGGGAGTGGCGAGAGCACACGGAAG,0.317243
20,GCAACGCCTTGGCATCGCTCGCCCTGGGTA,0.19593
21,AGCATAGTGCTGACTTCACCAAGCGGGCTT,-0.14721700000000001
22,GGTCTGCAGGGCATGTGATATATGTGGTGC,-0.174969
23,GCTTGCTGCCGATGCTGTAGAGGATGGAGA,0.1962
24,CTGCCGATGCTGTAGAGGATGGAGAGGAAG,-0.054414
25,TAGAGGATGGAGAGGAAGCCGCTCTGGAAC,0.172405
26,TGTGCGGCCTGCAGCTGTTCCGCCAGGTTG,-0.235733
27,TGCAGCTGTTCCGCCAGGTTGCTGAGGGAG,-0.398081
28,GCCAGGTTGCTGAGGGAGGACAGGAGGGGC,-0.157132
29,AGGGCCTGTGGCAGAGTGCCCTGCGGGACT,-0.297625
30,GTGGTGGAGGAGCAGCAGGGCCTGTGGCAG,0.8858209999999999
31,CTTCCCCGTGGTGGAGGAGCAGCAGGGCCT,0.208662
32,CAGCGCCTCCTGCACGGCAAGCAGAGGCCG,0.245246
33,TTTCAGCAGAAGATGACTCAAGACCGGCCT,0.523141
34,CTCTTCAGCGACAGTATGACGAGATGGCAT,-0.64358
35,CGCCTCACTCACCAAGGGCCGCGCCGGGGT,0.28075700000000003
36,GGGTTCTGCACTGTCACTGCGCTGCGGTTC,0.22819
37,GAACCGTGTGAGAATCCCTAAGGCGGGGAA,0.17388499999999998
38,ACGGTTCCACGGCTCCAGGCCCGGCGGCAC,0.288193
39,AACTGGAGCGGCAGCGGGCACAGGAGGAAC,-0.047206
40,GGTGAACACGGCCAAAGGATTGAGTGGCGA,0.16797
41,GTGCGGAACATGGCGGAGCGCGGCAGGAAG,0.665143
42,GCTCAGTGCTGTGGCCTTGCTGGTGGGAGA,-0.6967760000000001
43,AGGAAGATGAGCAGGACTCAGAGGAGGTTC,0.024996
44,GGAAAATCTTCCGGACGACCGGCATGGTGA,-0.074949
45,TACCGGGTACCCGGGCTATGGCGCCGGCGC,-0.167856
46,GCGGCACAGAGGGCAGCGCTGCGCCGGCGC,0.370116
47,CAGAAGAAGGTCTGGCGGCACAGAGGGCAG,-0.150251
48,TGCCCGCGACCACAGAAGAAGGTCTGGCGG,0.410869
49,CACGTTTACAGCCGCAAGCACCAGCGGCAG,-0.06042
50,TCCTTCAGCTGCCGCTGGTGCTTGCGGCTG,-0.168458
51,GCAAGCACCAGCGGCAGCTGAAGGAGGCTT,0.51131
52,ACCAGCGGCAGCTGAAGGAGGCTTTGGAGA,0.749135
53,CACCATCATTGGTTACCATAAGAGAGGCAT,-0.112346
54,AGATTCATCCACAGACCATCATAGCGGGTT,-0.407871
55,TGGCTTCTCTCCAACCCGCTATGATGGTCT,-0.221752
56,TAGCGGGTTGGAGAGAAGCCACGAAGGCTG,0.35304
57,AGGCCATGAGAGTGATACCTTTGGCGGCGG,-0.17297300000000002
58,CTTCAGCAACATTTCCGCCGCCAAAGGTAT,0.94788
59,AATGTTGCTGAAGCGGATCTGGGCTGGCTT,0.09965399999999999
60,AAGCGGATCTGGGCTGGCTTGTCGCGGTCC,-0.006852
61,GGGCTGGCTTGTCGCGGTCCTGATAGGCGC,-0.350597
62,TCCGGGGTGCCACATTCTCGGGCATGGCAA,0.5238729999999999
63,AGGCGGCCGCGCTGAGCTCACTCCGGGCCC,0.196018
64,GTGCTTCTGCCCTAGGATAACGCTGGGGAG,-0.145493
65,TCGCGCGCAGCACCCAGGGTTCGGAGGTAA,0.368267
66,GCGGTGGATCGCGCGCAGCACCCAGGGTTC,0.263772
67,TGCTGCGCGCGATCCACCGCACGACGGCTG,0.612162
68,GTGTCGGTCGCAGCCGTCGTGCGGTGGATC,0.17968299999999998
69,AGTCGCTGCTGCGAGAAGAGGTGTCGGTCG,0.48395200000000005
70,TTTTGGAGTCGCTGCTGCGAGAAGAGGTGT,0.540121
71,GCGGCGGCAGCTGGAGGATGAAGAAGGAGC,0.433479
72,GTGCTTCACTGCCAGTTCTCCGCGTGGTAC,-0.5411159999999999
73,AAGAACGGGTACCACGCGGAGAACTGGCAG,0.557321
74,CGCCTCGGAAGAACGGGTACCACGCGGAGA,0.049489
75,TTCTTCCGAGGCGTTACCATCAAGAGGTGA,0.123966
76,TTCTTCCACTTCCTCAGAATGTGAAGGATT,-0.195088
77,GCCCGCGCCGCCATGAACCTAGAGCGGCTG,0.257923
78,GCCGCCATGAACCTAGAGCGGCTGCGGAAG,0.755729
79,AGCGCGTCCGGCAGTACCTCGACCAGGTGG,-0.101132
80,AGATAAAGTAGCTTCACTCTCTCGTGGTAA,-0.009377
81,GTTTTCGTGACCGAAGTGCATGGGCGGCTC,-0.09037200000000001
82,CCACCGAGTCGTACTGCTTTGCCATGGCCG,-0.567578
83,GCCTGCAGGGAGGTGTTCAAGGCCAGGCAC,0.12855999999999998
84,GTTCAAGGCCAGGCACCGCAAGACCGGCCA,0.521623
85,CCAGGCACCGCAAGACCGGCCAGAAGGTGG,0.347756
86,TCTATGATGCAACCTATGAGACCAAGGAGA,0.357738
87,GCAGCATCTTGACAAAGGTGGCGTAGGGGT,0.594576
88,CAGAGGAGGTGAAGAAGCGCAAGAAGGCGG,0.8398190000000001
89,CTTTATAATATGTTACAGAACCACAGGAGA,0.441183
90,AATTTGTCACTGATTCCAATGCAGTGGTTC,-0.266716
91,TAGCTGTGGAAAGCAAGGTTAAGTGGGTAT,0.199733
92,GCGATGTAAAGGGTACCAGTGCCGAGGCCC,0.47372700000000006
93,GCTGAACGGGAAGGGCCTCGGCACTGGTAC,0.403183
94,CACTGAGGCTGTGCTGAACGGGAAGGGCCT,0.394786
95,TCCTGCGGCAGCAGCCAGACACTGAGGCTG,-0.16934200000000002
96,ACGGGACCGGAGGAAGCAGCGGGATGGAGG,0.49886400000000003
97,CCGGAGGAAGCAGCGGGATGGAGGTGGATG,0.564418
98,CAGCGTGATGGCCTGCGGAGTGACTGGGAG,0.7135699999999999
99,CGGAAACACTCCCAGTCACTCCGCAGGCCA,-0.016272
100,GGTCTGAGATGTTGAGAATGACAAGGGGAT,0.162826
101,ACAACAGCGAGCGCAACCTGGTAGTGGCCG,0.831037
102,TGTTGTTGAAGAAGTTGCAGTACATGGAGA,0.571493
103,TGCAGTACATGGAGAACTCCAGACCGGTGG,0.0063869999999999994
104,CATGGAGAACTCCAGACCGGTGGGCGGATG,0.887228
105,CCACGCTGGCGATGATTTCCTGCATGGCGG,-0.69263
106,AGTCAAACTTGATGTGGTCCACGCTGGCGA,-0.079042
107,ACATCAAGTTTGACTTGGAGATCGCGGTGG,0.290584
108,TGGAGATCGCGGTGGAGCAGCAGCTGGGGG,0.791871
109,CATGTGTCCGTTTCGCCACATCAGTGGTGA,-0.215898
110,ACAACTGTCTTCTCACCACTGATGTGGCGA,-0.10607899999999999
111,CCGAGGCTGAAGGAAGATGGCGGACGGCGT,0.9818180000000001
112,CCACATAGACATTTACGCGGATGTCGGCGA,1.288575
113,CGGATGTCGGCGAAGAGTTCAACCAGGTAC,-0.126367
114,CCCACCAACTGTTGGTGATGATGTGGGTAA,-0.168458
115,GAGAAGCTCCAGCTGCTGAACCACCGGCCT,0.061116
116,CAGCTGGATCTCCACAGCAGTCACAGGCCG,0.861982
117,GCAGGCAGAATGCTGGTGACGGTGTGGAGA,-0.267752
118,GCTCTGCAGGCAGAATGCTGGTGACGGTGT,0.791733
119,CCTCTGGCTCTGCAGGCAGAATGCTGGTGA,0.43165299999999995
120,CTTCTGCTCAGCCTCTGGCTCTGCAGGCAG,0.36892199999999997
121,GCCTGTCGACCTCTTGCTGTGCTGCGGCGA,-0.074515
122,TCATAGATCTTATCCAGCTCGCCGTGGCAG,0.094951
123,GAGATCTACAAGTATGAAGCGCCCTGGACA,0.380898
124,CCAGTTCATCGCGTAGACTGTCCAGGGCGC,0.48805
125,GTCTACGCGATGAACTGGAGTGTGCGGCCC,0.25869200000000003
126,GTCGACAATGGCCCGGAGCAACTCTGGCTT,0.171989
127,AGGAAGTCACGAAAGCCAGAGCTGTGGATG,0.40927800000000003
128,CTCCTATGTCTCCATCCACAGCTCTGGCTT,-0.175062
129,TCTTGGACTATGAAGATGATGAGGTGGAGA,-0.30937800000000004
130,CCTTCCCTTCTAGGGCCAGTGGGATGGCCT,-0.273845
131,GATGGCCTTCTCCTGGATCAGCGTAGGTCG,-0.088758
132,GCTGGTCGCGACCTACGCTGATCCAGGAGA,1.0342870000000002
133,TCCTAGGCTGTCACCGATCTGGGCTGGTCG,-0.26205
134,CGCCATGGAGGACTCTGAAGCACTGGGCTT,0.6444300000000001
135,ATAGAGGAGATAGAGAGCGAGAGAGGGAGA,1.0526200000000001
136,TCGAAGAGTGCGAGGATGTCCAAGCGGCAC,-0.7347739999999999
137,TGATGTAGTGCTGGAAGTTGGACCTGGAAC,0.384129
138,TCTTACAGGACTCATGTTCAACACGGGGAT,-0.160135
139,TGCCGAGATGCCGAAGGTCAAGTCGGGGGC,0.386228
140,CGATTTAGCAGAAAGCAAACGGCTTGGCTG,0.096838
141,TCTGCTAAATCGACACTGATAGACCGGCTG,-0.08668
142,ACGATGACCACCCTGGGATGGAGGTGGTGC,0.463107
143,CTGCATGAGGTGGAGACAGCCCAAGGGCAG,0.18044200000000002
144,AAGCATGTGGTGAAGGAGGTGCTAGGGGAG,-0.044539999999999996
145,CCTTCACCACATGCTTCCTCTTGGTGGCCT,-0.295739
146,TTCAGCATGTCTCAGGCCACCAAGAGGAAG,0.068
147,CGGCGCGAAAGCGGCTGCTCAAAGAGGAAG,0.007579000000000001
148,CGGCCACGATGGCGACCTCGGGCTCGGCGC,0.217666
149,CCCCGTGGTGCACGCGTCTATCGCCGGCTG,-0.47034499999999996
150,CACCTACTGTCTGGTAGCGATCGGAGGCTC,0.226264
151,CGATCGCTACCAGACAGTAGGTGTTGGTGA,0.660088
152,AGGGCACTGTCGGTGAGCTTCACGTGGAAC,0.103022
153,GCGGGCGGGTTAGCGACGGCAGCAAGGTGT,0.401219
154,GCGCTGAAGGAGGATAGGAGCTACGGGCTG,0.900494
155,AAGATGGCGGCGCTGAAGGAGGATAGGAGC,0.624908
156,TAAGATGGCGGCAGTGGCAACCTGCGGTAG,0.31725
157,CAGTACTCGCGGCAACACTACCGCAGGTTG,0.271419
158,CTGCGGTAGTGTTGCCGCGAGTACTGGGTC,0.648827
159,TCGCCACTGCAGACCCAGTACTCGCGGCAA,-0.270492
160,GTTATCGGCAGGCATATCCGCTGGAGGTGA,0.579952
161,GCACCGGGAAGACAGTATCCCTGTTGGCCC,0.15639
162,GTCCTGGAGATGCCCTCAGGCACCGGGAAG,0.800038
163,TCATGGAGTCCTGGAGATGCCCTCAGGCAC,0.308608
164,TCAAACGCACGCTGGACGCCAAGGTGGGTG,-0.08079800000000001
165,ACATGCGGGAGCTCAAACGCACGCTGGACG,1.143875
166,GGCGCCAAGATGGCGATGGAGATGAGGCTT,-0.055923
167,TGGCGATGGAGATGAGGCTTCCAGTGGCTC,0.032885000000000005
168,ATCACTACGGACACAGGATTCATGCGGTAC,-0.295682
169,CGGGGCTGGAGCTCTTGTCGGACCAGGGCT,0.705872
170,GGGGAGCTGCGCAAGATCCAGGCGCGGATG,0.221719
171,AGGCGCGGATGGGCGTGTTCGCGCAGGCTG,-0.108151
172,GATGGGCGTGTTCGCGCAGGCTGACGGCTC,0.460921
173,GCGTGTTCGCGCAGGCTGACGGCTCGGCCT,-0.687693
174,TCGCGGCGCCCTTGTATTGAGCCATGGCAG,-0.168006
175,CTCAATACAAGGGCGCCGCGAGCGAGGCCG,0.415789
176,AGCGGGAGAAGCAGCGCGAGCAGATGGAGC,0.42928999999999995
177,TGGAGCAGATGAAGCAGCGCATCGCGGAGG,0.5579189999999999
178,GATGTCATTCTCCCGGATGGCACTGGGGGC,0.356376
179,AGCTCTTGATGTCATTCTCCCGGATGGCAC,-0.43457299999999993
180,CGGCTTGCCATCAAAGACATACACGGGCTT,0.437708
181,CTCCGGCTTGCGTGCGGAGATGAGCGGGTC,0.035401
182,GCGTGCGGAGATGAGCGGGTCCCTCGGCCG,0.331856
183,TGAGCGGGTCCCTCGGCCGAGCTGCGGCGG,0.737318
184,AGCAGTTGGACGCGCTGGTGAAGAAGGACA,-0.037592
185,TGGACGCGCTGGTGAAGAAGGACAAGGTGG,0.67892
186,CTGAATGAAATCCATCTACTGCCCTGGACT,-0.301977
187,GGGAAAACAAACTAATGCAGTCCAGGGCAG,0.949515
188,CATTCAGATCCCACATCAATAACCCGGTCA,0.24354699999999999
189,CTTAGGTGACCGGGTTATTGATGTGGGATC,-0.18374000000000001
190,CGGTGATATGATCTGTCCTGAATGTGGCTT,0.393081
191,CACATTCAGGACAGATCATATCACCGGCTC,-0.371996
192,GATTTTAGTGGAGGACTACAGAGCCGGTGA,-0.087406
193,GCCGTGAAGATGGCGTCTACCAGCCGGTTA,-0.065498
194,CTGTGTCTGCCAGCGCTGTGGAGCCGGCTG,0.048798
195,CGGCTCCACAGCGCTGGCAGACACAGGCCA,1.004357
196,GTTGTTGGACGAAGTCGCTCTGGAGGGGCT,-0.17619400000000002
197,CGACTGAAGTAGCAATGGACGCGCTGGAGT,0.49518100000000004
198,AAATTACGGTGGTGCCGTCCGCCAAGGTAG,-0.37816900000000003
199,CCCGGGGCCGCCTACCTTGGCGGACGGCAC,0.31950300000000004
200,TTTCGTTGAGTCTTCGACAACGTGAGGTCT,0.162102
201,TTGGTAATGTTTATGAATAACGGTTGGAGT,-0.032281
202,GTTAGAATTTGTGAAAGTCTATCATGGTAA,0.14493699999999998
203,GAAAGCAAGTGAATACGAGTCAGAAGGTGA,0.567187
204,TGGAACCAGTGCTAGAGAGATTGGCGGGGG,0.34513
205,ATCAGTCCTTAGTAGCACTATCAGAGGTGA,-0.232474
206,CGAAGGCGGTGTCCCTGTCGATTGTGGCCG,0.48840100000000003
207,AGATAAGAGGCTGGCATCACTTTGAGGGAG,-0.37248400000000004
208,AGAGGCTGGCATCACTTTGAGGGAGGGCGA,-0.14369500000000002
209,GGGAGGGCGAGTCGTTGCAGCTGCTGGGCT,1.046248
210,CGAGTCGTTGCAGCTGCTGGGCTAAGGACG,0.7028479999999999
211,AAAAGCAGCATGCATAGCTGTTCAAGGGCT,0.399685
212,TACATTGCTGGAATGGCTACAGATGGGACA,-0.134966
213,CAGATGTGGACCCAGATACATTGCTGGAAT,-0.037526
214,CCAGAGAAGGCAGACCAAGTGGCGAGGCTT,0.317186
215,TCTTGCTCGGCCGATGAAGTGCAGAGGTTT,0.018512999999999998
216,CGTAAGAGACGATGATGTTGGGCACGGAAG,0.244344
217,GACCGCGTAAGAGACGATGATGTTGGGCAC,0.22318200000000002
218,TGAAGTACCTCAGATATAAGATCAAGGATG,0.299293
219,AATGAGCCTACCTCTTCCAAGGTAGGGATG,0.570921
220,TCTTTGTATCTTCTCCAGAATGCTGGGGCA,-0.222437
221,CCCCTTCAGGAGTGAAGGCGACATAGGACG,0.49498000000000003
222,AAGGCGACATAGGACGGCGTGATGCGGTTG,0.5922970000000001
223,TGATCGTTGGCGATGATCTCCACGCGGCCG,-0.308498
224,AGGAGGAGGACAAGAAGGAGGACGTGGGCA,0.974367
225,CCGCGCTGAGCAGCAGCAGCATCGCGGCCA,0.432367
226,CTTCCATAACTGCCACGCAGGAGTTGGTAG,0.6790619999999999
227,ATTTGGGTACTACCAACTCCTGCGTGGCAG,0.10603399999999999
228,GTCTTACAGATCAGAAGCAATCAAGGGAGC,0.149699
229,CGGGAGGCTGCGGCGCCCACGAGACGGGCT,0.398713
230,CCGAGCTGCAGCAGCCCGTCTCGTGGGCGC,-0.66622
231,CTGCAGCTCGGCTGGCACTTATCATGGCGG,-0.375487
232,CTCAAACATACCACAGGTAAGCCATGGCAA,0.206029
233,GATGGGATTGCCATGGCTTACCTGTGGTAT,-0.11910499999999999
234,GTTACAAGATATGCTCACCAGAGTGGGTTT,0.287075
235,GCCTCACTATGGACATATACTTGCGGGTAC,-0.13709000000000002
236,ACCTGTTAGATTTACCTTCTATGATGGTCC,-0.8693870000000001
237,GCCAGGGAGGGAGCAAAGATGGAGCGGCGG,0.34625500000000003
238,AGATGGAGCGGCGGGAGGAGCAGCCGGGGG,0.72842
239,CAGCACCAGCCTTGGACTTCACTGTGGAGA,-0.6316689999999999
240,CCACGTTCTCCACAGTGAAGTCCAAGGCTG,0.400054
241,ACTTCACTGTGGAGAACGTGGAGAAGGTAT,0.16977899999999999
242,GAGAATAAGAACCTGGCTCAGAAGTGGCTG,0.113701
243,GCACTATGGACCCAGCCCTGCGTGAGGCCG,0.345285
244,TTACTTCATTGAGCTGGCGCTCCGCGGCCT,0.392878
245,CCGGGCGTCCTTACTTCATTGAGCTGGCGC,-0.277264
246,TTGGCCTGATCGAGAAACAGCACCAGGGGA,0.9163399999999999
247,GAATGCATGTAGTAAGCTGTACCCTGGAAG,0.356896
248,TGGCTAATGAGCTGGAGGCAATTGCGGAAC,0.151529
249,CCCATTCAGTGGCTAATGAGCTGGAGGCAA,0.295754
250,CTTGATTGCATCTTCAGCCAGCACTGGAAG,0.719429
251,GAGGGCTGCCGCCTACCCGTGCTGCGGCGG,0.610401
252,TCCTGGTTCCGCCGCAGCACGGGTAGGCGG,0.120118
253,CCTTCACGCTCAGGATCTCGGCCAGGGCTA,0.28975
254,TGATGTCCTTCACGCTCAGGATCTCGGCCA,0.543621
255,CTGAGCGTGAAGGACATCAGTGGCCGGAAG,0.706845
256,GCGGGCCTTTCAAACATGGAGGAGCGGGAG,0.26505300000000004
257,CGGGGCGCGTACAGGGCCAGCAGCGGGTCG,0.819737
258,TGGGGTAGGGAATGGGAGGCAGGCGGGGCG,0.355059
259,GCCCGCTGGGTCACCTGTAATTGTAGGCGC,-0.475901
260,CGCTTGCTCTCTCTCAGCATCGCCCGGTAC,0.490208
261,GCGCACAAGTGTTATCTCTGTACCGGGCGA,-0.012570999999999999
262,GCTGTCCAGCGATGGATCCCACCGCGGGAA,-0.151317
263,GCAAGAAGGAGCCTGGAGGAGGCGCGGCGA,0.5140680000000001
264,CTCCTCAGTCGCCGCGCCTCCTCCAGGCTC,-0.340289
265,CTGGAGGAGGCGCGGCGACTGAGGAGGGCG,-0.038887
266,CACTATGCTGAATTCCTCAATGGAGGGCGG,-0.077343
267,GTAAGGTCTCCAGCGCCTTCCTGCTGGTGG,-0.196721
268,CTGGGGCCACCAGCAGGAAGGCGCTGGAGA,1.211853
269,TTGGCTTTGTGTCCTTGGCGCCGGTGGCCT,0.46992700000000004
270,GTAATCGGACTCAACCTCTACTGTGGGGGG,-0.480771
271,CCGACTTACTCCTCCAAGAAGTCCAGGAAC,0.23786300000000002
272,AGAAACTGTTCCTGGACTTCTTGGAGGAGT,-0.858513
273,CGCGGACCTCCAGGTGCTGGCTGCCGGCGC,0.544276
274,ACTAAGCAAATATGGACCTCGCGGCGGCAG,-0.076162
275,ACTTGTCCGCGCCAGGAGGAGCCGTGGCCG,0.311199
276,GCTTTCCTGGTCCGAAGCCGAGTGCGGTTG,0.643319
277,TGCTGCGGTAGGAACATGGCGGATCGGCTC,0.063365
278,TGGCGGATCGGCTCACGCAGCTTCAGGACG,1.251382
279,CTGAATATTATTGAAAGAGGCAGGAGGACC,1.01604
280,AGACCAGCCAGCTAACCCTACAGAAGGTAA,0.348831
281,ACTGACGACAGATGCTGCCCGCATTGGTGC,0.414088
282,CTCAGATGGTCAGGGACTACCTCATGGCTG,-0.374922
283,CTGTGTGTTACAGCGGCAGACTGAAGGACG,0.616804
284,CAGTGCTATAAAGCCCAACAAGGATGGATT,0.254996
285,CTTCTCAAAGGAGAAATCTACCCATGGATG,0.032001
286,TCAGTGAAACGGTATAATCGGAATCGGACA,0.539208
287,TCTGTTGCAGACTGGAAATAGCAAAGGCTA,-0.17091199999999998
288,CAGTTTGGCACTGTGACACGGTTCAGGCTG,0.9475530000000001
289,TTCTCCCAGTTTGGCACTGTGACACGGTTC,-0.497608
290,GAAAAGATCTGGGTTTCGTCAAGTAGGTTA,-0.226669
291,GATCTGGGTTTCGTCAAGTAGGTTAGGTAG,-0.08457100000000001
292,TTCCTGCGGATTAAGCGACAGGATTGGCCC,0.053517999999999996
293,TACCTCTGCAGCGGAGCCCTTAAGCGGTAG,-0.209682
294,TTCTGGAGAATCCTACCTCTGCAGCGGAGC,-0.050437
295,GACTGACAGCTTAGAGCTGGAGCTGGGGAC,0.223534
296,CGTTCCTGACTGACAGCTTAGAGCTGGAGC,-0.283366
297,GTCTGGCGTCGACGGACCCTGGAGCGGTGT,0.081352
298,CGACTTCCGTCAGACACCGCTCCAGGGTCC,0.414513
299,CCTGGAGCGGTGTCTGACGGAAGTCGGCAA,0.892417
300,GTCTGACGGAAGTCGGCAAAGCCACGGGTC,0.118502
301,ACGGAAGTCGGCAAAGCCACGGGTCGGCCC,0.500891
302,TGAGGAAGCACTCGGGCCGACCCGTGGCTT,0.5413640000000001
303,GGGGGGATGTCTCGGCGGACGCGCTGGTGA,0.200576
304,ACAGATTCAGATGTGCCGGAGCAGAGGGAT,0.399512
305,AGTGCAAGGTCAAATGGACCCATGAGGAGG,0.155532
306,TGGTGTTGGCAGGACGAGCAGCTGAGGGCC,0.032231
307,TCCTGTTGGTGAAGCTAACGTTGAGGGGCA,-0.035522000000000005
308,CGTAGTCGAGGTCATAGTTCCTGTTGGTGA,-0.241471
309,GGAACTATGACCTCGACTACGACTCGGTGC,-0.013144
310,TACGGCTGCACCGAGTCGTAGTCGAGGTCA,-0.203601
311,TGCAGCCGTATTTCTACTGCGACGAGGAGG,0.014287000000000001
312,ACCAGAACCAGGCGAAGCTGGTGGTGGCGC,0.600348
313,TGGCGCTGAGCCGCACCTACCGCACGGTAA,-0.045291000000000005
314,GGCGCACCGGAGGGCAGCATGTCGCGGCGG,0.032678
315,CTTCTAGGTTGCTCTCCAAAGAGCAGGCAC,0.262479
316,CTTTGGAGAGCAACCTAGAAGGCTTGGCTG,0.288534
317,TCGCTATCTTCTCAAACATGACACGGGTCT,0.492755
318,TTGGGGAGAATCTTCAACTGCTGGTGGACC,0.724318
319,TCAACTGCTGGTGGACCGGCCCGATGGCAC,0.183978
320,GGTCGTTGTGCAGACGGAAACAGTAGGTGC,0.20291700000000001
321,CACAACGACCGGGTGTACTATGTGAGGTGA,-0.15320799999999998
322,GCGTGGTCCCAGGCATGTCGGATGTGGGAG,0.650771
323,AATGCTCGACGGAAGGCAGCGCCGCGGATC,0.214443
324,GTGCGGTGGTCAGCGCGATGCCCAAGGCCA,0.355632
325,CGAGCGGGCGCGCGAAGATGGCGGCGGCCG,0.5410739999999999
326,TCGACCCGCTCCGCACCTCACACACGGCCC,0.057326999999999996
327,TTTTGCAGGAGCAGTAGAGAACTGTGGACT,0.46272700000000005
328,GCACTGGAACACAGCGCACCTCTCAGGCTG,-0.080942
329,CTGCCGTCTTGGCTGCAGCCTGAGAGGTGC,-0.178379
330,CACCTCAGCATGTCGGGCTCGGCGAGGCCC,-0.239
331,GAACTCACCTCAGCATGTCGGGCTCGGCGA,0.611545
332,GCAGAGGAGTACTTGCGCCTGTCCCGGGTG,0.694286
333,CGGAGAGGCCGACACACTTCACCCGGGACA,-0.014431999999999999
334,GTGTCGGCCTCTCCGCACGCACCACGGAGA,0.5311
335,CACTGCTGGTCTCCGTGGTGCGTGCGGAGA,0.047561
336,ATCTTCGTTCAAATGGCTATGAAGAGGCAT,-0.20030599999999998
337,TTAAAAAGGAAGCTGAATTAGATGTGGTAT,-0.058116999999999995
338,GAAAAATATGCATTGAGTGGTCACAGGAGT,0.828786
339,CTTTGAATGCATCAGAACCATGCACGGTAA,0.31144
340,ATGATGGCTACTGAAGAAACATTGTGGTCA,0.389493
341,CCGCCCGCCGCTCGCCATGGATGCCGGTGT,0.494279
342,CACTTTCAGTCACACCGGCATCCATGGCGA,-0.068522
343,CATGGATGCCGGTGTGACTGAAAGTGGACT,0.154865
344,GGGAGTCGGTTAAGAGGATCCGCGAGGAGA,-0.33449
345,GGTTAAGAGGATCCGCGAGGAGAGTGGCGC,0.838253
346,GCGGCGCAATGTCAGAGCAGACGCCGGCCG,1.206892
347,TATTGATGTGCGGCTTGCTATTGAAGGTCA,-0.11258699999999999
348,TAGAATGGTCAGCATATTGATGTGCGGCTT,-0.143804
349,CCTTGGCGAAGGGCAGGTTCTCCTCGGCTA,-0.093958
350,AGGGTGAGCTGCACCAAAGAGACGTGGGAC,0.548609
351,GGCCTGCTGGGATATTAGCTCCAGCGGTGT,-0.141244
352,TTGAGTGCCTCCAACACCTTCTTGAGGATG,-0.0030210000000000002
353,TGGTCCAGGGCTCCATCCTCAAGAAGGTGT,0.010945
354,CATGTTCGAGGCGCGCCTGGTCCAGGGCTC,0.392015
355,CCTGGACCAGGCGCGCCTCGAACATGGTGG,0.382088
356,TTGAGCAAGAGCAGCGGCGCAGAAAGGTGG,0.442669
357,GAAAGGTGGAGGCCGGGAGGACGAAGGTAA,0.9305969999999999
358,TCAGGCGTTTGATCATCTCGTCCGTGGTGA,0.583921
359,CCGTCGGCACTCACGACGCCACAGAGGGCA,0.038289
360,TCCAGCCAGCTGAGGTGGGTGTCCTGGTTG,-0.12143
361,GTTCCTCTTCCAGCCAGCTGAGGTGGGTGT,0.617428
362,CCCGGGGACGGCGGCCCAGACGGAGGGCGA,0.24691799999999997
363,ACGCCTACATCGACAACCTCATGGCGGACG,0.161666
364,GGTTGTCGATGTAGGCGTTCCACCCGGCCA,-0.405262
365,TGAACACAGATTCGCGCACACCGTAGGCCA,-0.255139
366,CAGATTCGCGCACACCGTAGGCCACGGCGC,0.408724
367,CGCGCACACCGTAGGCCACGGCGCCGGCCC,0.284923
368,GGGCACGGCCCTGAAGCTGTTGCTGGGGGC,0.026862999999999998
369,CAGAACTTGAAGGACTTGGCGGGACGGCTG,-0.12214100000000001
370,CCAGCTGCTGGGCGGATGCGGACATGGTCG,0.081823
371,GCAGCTCCTCCGCCAGCTGCTGGGCGGATG,0.094297
372,GCTGGCGGAGGAGCTGCAGATCTTCGGCCT,0.43362799999999996
373,TGCAGATCTTCGGCCTAGACTGCGAGGAGG,-0.39387300000000003
374,TCAATTAGAGCCTCCTCGCAGTCTAGGCCG,0.021563
375,AGTGGTAGAGCTTTGTGTTCAGTATGGACA,-0.21658899999999998
376,TTTGTGTTCAGTATGGACAGAATGAGGAGG,0.900943
377,TGGACAGAATGAGGAGGGAATGGTAGGCGA,0.138211
378,GTGTGCAGGTGGCCACATGGATCCTGGCAG,0.9012120000000001
379,TCAAGTGCTTTAGGCTAGGCCCGCTGGGCA,0.157138
380,AAGGCAGCGTTGCAGGAGCTGACGCGGGCG,-0.228609
381,CAGCGCGCCTGCCTCCGCCATGCACGGGGG,0.415912
382,TGGACTCTCTTGATGGTGCGCAGCGGGCAT,0.08721
383,GCGCACCATCAAGAGAGTCCAGTTCGGAGT,0.11523199999999999
384,TCATCCGGACTCAGGACTCCGAACTGGACT,-0.242479
385,TCGGAGTCCTGAGTCCGGATGAACTGGTAA,0.368647
386,GACAGAGCCGCTTACCAGTTCATCCGGACT,-0.301349
387,CTTTGCAGAAGCGAATGTCTGTGACGGAGG,0.166461
388,GCATCAAATACCCAGAGACGACTGAGGGAG,0.7188479999999999
389,CCGTGATCCGCACGGTAGGCTGGTTGGCGT,-0.162198
390,AGTGAGCTCCGTGATCCGCACGGTAGGCTG,0.20677399999999999
391,AGTTCATCATCGAGAACACCGACCTGGCGT,0.122047
392,CGATTCGGAGGGTCTTCATCGCTGAGGTTC,-0.32250100000000004
393,CTTTTAGCACTCACCTACGAACACTGGCAA,0.5876020000000001
394,GCACTCACCTACGAACACTGGCAATGGTCT,0.520404
395,ATCCGCGGGCTGGCGACGTAGAGGAGGACG,-0.300065
396,GGCGGGTGGCAGCGATCCGCGGGCTGGCGA,0.615188
397,ACGACCGTGGCTATCTGGTGACCCAGGACG,0.495824
398,CTCTCTGCAGCTGTGCCACGACCGTGGCTA,0.417419
399,ACCAGGCGCGGCTCACCTGCATGATGGTCT,0.22945900000000002
400,ATGGACGACGAGGAGGAGACGTACCGGCTC,0.273165
401,CGGAGGCTGCCATGGACGACGAGGAGGAGA,0.055929
402,CGGTGAAGCAGAAGCTCTTCACCGAGGTGG,-0.491221
403,TGCTGGTGTGATCCAGCCAGGCCGAGGCTT,0.809988
404,GCGCTCACCGCGTAGAGCAGAATGCGGTTC,0.824757
405,CCGCTCCCTCCGCCTCACCATTCCTGGCAG,0.258757
406,GTGGGTATTCGCTTCTGCCAGGAATGGTGA,0.569272
407,GCTTCGTGGGTATTCGCTTCTGCCAGGAAT,-0.521548
408,CGGGACTTACGAGCCGGGCTTCGTGGGTAT,-0.11973199999999999
409,CGAAGCCCGGCTCGTAAGTCCCGTCGGGCT,-0.43933599999999995
410,GCTCGTAAGTCCCGTCGGGCTCCATGGCGA,-0.077388
411,CTGCGCGTCGCCATGGAGCCCGACGGGACT,0.282982
412,ACACAGGGATGCGCTGGATGCCCTGGGCCT,0.390482
413,GCTGCTGCAGGCCGAGTACACCGAGGGGTG,-0.175999
414,GCAAGATCGTCGGCAACAAGTGGGAGGCTT,0.530862
415,CTGCTTCACTTGTGGCAAGATCGTCGGCAA,-0.30165
416,CATCCCTGTACGCTGCTTCACTTGTGGCAA,-0.362798
417,TGAAGCAGCGTACAGGGATGATCATGGCGG,0.155937
418,CGAGCCGTGGGCCCAGTACCTTGTTGGCCA,-0.265129
419,AGCTGAACAAGAAGTTGGCCAACAAGGTAC,-0.029448000000000002
420,TTGCCGAGGAGCTGAACAAGAAGTTGGCCA,0.700516
421,ACTTCTTGTTCAGCTCCTCGGCAATGGAGT,0.230267
422,CTGGTGGAAATGGTGGACACCGTCCGGATC,0.606958
423,GGATGTTCGTCCTGGTGGAAATGGTGGACA,-0.105001
424,ACTGAAAGAAGTGGATGATGTGCTTGGTGG,0.24904600000000002
425,ACGTGCACAACATCACCCGCAAGGTGGGAC,0.867448
426,CCTTGCGGGTGATGTTGTGCACGTAGGGGC,0.109516
427,CGGGAACGGGCTGATCGTGGAGGAGGGACA,0.659726
428,CCGGCTGCGGGAACGGGCTGATCGTGGAGG,0.6514
429,ACAGCAGCATGGGACAGTCAGGGAGGGTAA,0.275881
430,TGCGGGTTCGCGGCATAGGCCTCGAGGTTG,0.384308
431,CGAACGAGTGCGGGTTCGCGGCATAGGCCT,0.239419
432,CCTCGCGTGAACACGAACGAGTGCGGGTTC,1.097466
433,GGGCGGAGGAGGCGCCGCCAAGACAGGCAT,0.6103609999999999
434,GCTGCTCATCGCTGCGGGCGGAGGAGGCGC,0.32658899999999996
435,CCGCAGCGATGAGCAGCCCAGTGCTGGGGT,0.859181
436,GGGGTCGACCTGAAGCGCGTACAACGGGAA,0.352461
437,GACCTGAAGCGCGTACAACGGGAACGGAGC,0.616479
438,CGGGAACGGAGCCCGGTACAGCTCTGGCGC,0.065648
439,GGCGCCGGGCGCCAGAGCTGTACCGGGCTC,0.596858
440,GGGCAGCACCGCAGCGGTCCGCAGCGGACA,-0.251686
441,GCCGGTGTGCGTTGCTCCCTGCTGCGGCTG,-0.078967
442,GAGGGGCGCGGGCATCCCTAGGAACGGTTT,0.187666
443,TGCAGCGCCACTGGCTTCACCACGCGGTCA,-0.283554
444,CACAGGGTCATTTGCATCACGGGCGGGCCC,-0.0441
445,ATCTAAATGACACCAATTACGATGAGGTGA,-0.153858
446,TCACCTACAATGAGACAATGACAGTGGAGA,0.021315999999999998
447,TTGATAAAGCCAGAGTGGAGACACAGGTAA,0.733857
448,AATTGTAGAGATTGATGCTCACATAGGTAA,0.028924000000000002
449,TAGTGCTTCTACCAACATGTCCCGTGGTTC,0.106323
450,ACCCGAGGGTCGGCTCTACCAAGTAGGTGA,-0.43343000000000004
451,TGGTTGTGTGATGACCGGAATGACAGGTAA,0.191445
452,AGGCCGTCAAGAAGGGCTCGACCGCGGTGA,0.26732100000000003
453,GTACGCGCAGGAGGCCGTCAAGAAGGGCTC,0.018489
454,TCCTGCGCGTACTCCACTTGGAAGAGGTGG,0.10795999999999999
455,CGCCCGACGGCCACCTCTTCCAAGTGGAGT,-0.585535
456,AGAGGTGGCCGTCGGGCGAGAAGACGGTGA,0.37458600000000003
457,GGCCGTCGGGCGAGAAGACGGTGATGGCGC,0.537177
458,TCGGGCGAGAAGACGGTGATGGCGCGGTCG,-0.17557999999999999
459,TGACGTTGGAGACAAGGTACGGCAGGGTCT,0.263435
460,GGCTGCTGGACAGTGAGATCAAGGTGGGCG,-0.005741
461,GGGAGGAGGTGCTCAAGATGTCCACGGAGG,0.508987
462,CGACCGTGTGGGATGAGGCCGAGGTGGGCA,0.21421199999999999
463,GGCAGGAGAAGATGGCGACCGTGTGGGATG,0.07119500000000001
464,GGTGTGAGAGCGGTAAGATGGCGGCGGCGG,0.76782
465,CGATGGAGTGGAGGATGTCGATGGAGGCCT,0.570597
466,CGGCGACCTTTACCGATGGAGTGGAGGATG,0.014777
467,AGATGGAGGAGGGAGGCCGGGACAAGGCGC,1.1290360000000002
468,AGGAGGGAGGCCGGGACAAGGCGCCGGTGC,0.7037359999999999
469,TGGGGCTGCACCGGCGCCTTGTCCCGGCCT,-0.111176
470,CGGGGGCCGCCGCTGGAGACTGCTGGGGCT,0.045525
471,GCACGGACGAGAAGCCGAGCGGCAAGGAGC,0.401931
472,TTCTCCCAACCCTCCAGTCTGAAGAGGATA,-0.222782
473,GGGAGGAAGGTGGCAAGATGGTGTTGGAAA,0.494911
474,GCAAGATGGTGTTGGAAAGCACTATGGTGT,0.029223000000000002
475,ATGGTGTTGGAAAGCACTATGGTGTGGTGA,-0.218229
476,CAAGGGCAAGATCACCTTCTGCACGGGCAT,-0.231186
477,CCAGTAGGACTCACATGGGCCACGCGGATG,0.43764
478,AGGTCCACGTCTATCTGCCAGTCGAGGGAT,0.41630200000000006
479,GCACACTCTTGATGCTCTGCTCCATGGCGT,-0.354531
480,TCTCTCAGGCCAAGAAGTACGCCATGGAGC,0.047456
481,CTCCCCTGACGCCCGAGCAGCAGGAGGCCC,0.661605
482,TGGTGAATTTGAGAAGAAGTATGTAGGTAT,0.385914
483,CACAGCCGGCCAGGAGAAATTCGGTGGACT,-0.336568
484,ACTGAGAGATGGCTATTATATCCAAGGTAG,-0.301219
485,ACCAGCGAAACACTGTGAATGGCCTGGCAC,0.425228
486,TCCAAGACATGTCTGGCACAGAATGGGGAA,0.10801600000000001
487,TGTTGTAGGTGTTGGAACCCAGAGAGGTCG,0.09666699999999999
488,CTTCTTCGTCACAGGAGACCGCGCCGGTGG,0.10660499999999999
489,GGTGGCCGGAGCTGGTGCCTGCGGCGGGTG,0.188617
490,TGTTGTTGTCTCCCAGGTGACTGTAGGACG,0.235129
491,GCCCTGGAGCGCGGCGGTGATGGCGGGGCC,0.079706
492,GTGAAGGACCGCGAGGCCTTCCAGAGGCTC,-0.078376
493,GGTACAGGAAGTTGAGCCTCTGGAAGGCCT,-0.12571500000000002
494,CCTTGTCGCAGACTCACCTGGTACAGGAAG,0.965094
495,TACACTGAGAGGACCATTGCGAAGCGGCTC,-0.154809
496,GCCGCAAGACGAGCCGCTTCGCAATGGTCC,-0.49067799999999995
497,GGGCGGCCTGACGGTGGCGGCAGATGGCGG,0.923652
498,GGTGGAGAAGGAGGAGGCTGGCGGCGGCAT,0.734192
499,CTGGCGGCGGCATTAGCGAGGAGGAGGCGG,0.987037
500,GAGGAGGAGGCGGCACAGTATGACCGGCAG,0.215187
501,CAGTATGACCGGCAGATCCGCCTGTGGGGA,0.47667299999999996
502,TCCTTATCATCATACAAATCCCTCAGGTTC,-0.187611
503,CTTTCAGAGGTATATGGAGGTCAGTGGGAA,0.549678
504,TATTTGCCTTTCAGAGGTATATGGAGGTCA,-0.340517
505,ACAGCTGGGCACTCACATCTTGCATGGCCC,-0.126722
506,CTCACATCTTGCATGGCCCGAGTGCGGTGA,0.47711000000000003
507,CAGATCAATTCTGATCACCGCACTCGGGCC,0.588076
508,CGGTGATCAGAATTGATCTGGTCCCGGAGC,0.46784799999999993
509,AAGAGATGCTCACCAAGAAGTCCACGGTGA,0.732032
510,ATCATGAGGAGAAGGAACGGCTCATGGACG,0.9511069999999999
511,GCAAGGTTAAGTTGTACAGAAACATGGCTG,0.406476
512,CAACTTAACCTTGCAGAGAGCCACTGGCAT,0.56552
513,CATGAATGGCAAAGCTGATGCCAGTGGCTC,0.104651
514,CGAAGCAGCTCCAAGATCTTCCCACGGGAA,-0.435101
515,GCAAAGTACATACCCTACTCACTGTGGAAG,-0.08354600000000001
516,TGTTGGCTGCCTCTGCTGGAGAAGTGGTAA,0.136351
517,GTTCCATCTGAAGTGGTTAAGCAGAGGGCA,-0.367787
518,CTGAAGTGGTTAAGCAGAGGGCACAGGTAT,0.772825
519,TCAGGGTATCCAAGGGTTGTATCGAGGCTA,-0.41591300000000003
520,GCTGACTCGACCGCGTCGCTCCGGAGGCGT,-0.057436
521,CTTGTGCTCGCTTGTAAACGCCTCCGGAGC,0.628506
522,ACAAGCGAGCACAAGAGCCTCCGCCGGCTC,0.6156010000000001
523,TGAAGCGGAAGCGCAGTGCGGAGCCGGCGG,0.6924680000000001
524,TCCGGGTGAAGCGGAAGCGCAGTGCGGAGC,0.792428
525,AGGACCGCTGTACTCCGGGTGAAGCGGAAG,0.20454
526,GCTTCACCCGGAGTACAGCGGTCCTGGCGG,0.902904
527,AGTTGTGTACTGCAAACATATTGATGGTCA,-0.11780999999999998
528,GCTGCAGCATGCGGGTACTTCCAATGGGAG,-0.317278
529,TGCAGTAACACCTGGAACTCCTTGAGGACC,-0.18897
530,CTTCTAGAACTGATCATTGATTGGAGGGCT,-0.274801
531,GGGGTCACCTTGAGGCGGTTCAGCTGGTCG,-0.539533
532,TTGAGGCGGTTCAGCTGGTCGTGCAGGGCT,-0.350675
533,AGGAGGAGACGCTGCTGCGGTTGAAGGCAG,0.758821
534,CGCAAGGAGGAGGAGACGCTGCTGCGGTTG,0.033431999999999996
535,ATGTGACCAGGCAACATGCTGAGCCGGCTT,-0.167952
536,CAACAAGGGACAGCACCTCTCCTGTGGGTT,0.167021
537,CCGGACCCGCCGGGATGAACCCACAGGAGA,0.255914
538,CGGCGGGTCCGGTCAATGAGAGAACGGTCA,0.5919479999999999
539,GTAGTCTGCAATACGAGTACAAGGCGGTGC,0.134219
540,GCCTTGTACTCGTATTGCAGACTACGGGCG,0.611526
541,AGGAGGGTCTGGCTATGGTGGTGCAGGACC,0.8719680000000001
542,CGCTGCTCTGCGATCTGCCGATCCAGGTGT,0.8369540000000001
543,GCCCCCGCCCGCACACACCTGGATCGGCAG,0.18515399999999999
544,CCGTCATTGCCTGGCCGTATTCTAGGGCTA,-0.700838
545,TAAAGGAAAGTAATGGACCAGTGAAGGTGT,0.42732600000000004
546,GAAAGTAATGGACCAGTGAAGGTGTGGGGA,0.019906999999999998
547,AAATCTGCTCGATGTTGGTCGCCATGGCGT,-0.357165
548,TTTCATGTCAAGTGGAAGGAATGAAGGCCA,0.421687
549,TGGAAGGAATGAAGGCCAGCTGAATGGTGA,0.066941
550,GGTGTATTTGTTTCACCATTCAGCTGGCCT,-0.300898
551,TGGTGAAACAAATACACCCATTGAAGGAAA,0.5342060000000001
552,CAAATACACCCATTGAAGGAAACCAGGCGG,0.714712
553,GTGAGCGGCCTGACTACAAGGGAGAGGAGG,0.467739
554,GACTACAAGGGAGAGGAGGAACTGCGGCGC,0.24422399999999997
555,TGTCAGGATTAGGCCGCTTCACCAGGGCAG,-0.33258899999999997
556,CATTGAGGACGTGTTCTACAAATACGGCGC,-0.09840700000000001
557,CAGACATCCGAACCAAGGACATTGAGGACG,0.36677
558,GGAGGTAAGTTACCCACGTAGATGCGGCAA,-0.095186
559,AGATGCGGCAATCGTTGTTCCCTGCGGGGC,-0.36402199999999996
560,GGACCGCTACACCAAGGAGTCCCGCGGCTT,0.479799
561,GGACTCCTTGGTGTAGCGGTCCCGCGGGAT,0.293336
562,AGACGCGCCTCAGCGTGTCGGGCGAGGTGC,0.564245
563,AGGTCAGGTTGTCCACCTTGAGGGAGGTCA,0.19223900000000002
564,TGGAGGGTATGACCTCCCTCAAGGTGGACA,0.179498
565,GCCGCCACTCAGAGCTATGAGCTACGGCCG,-0.12425399999999999
566,ATCTTGGAAACAATGGCAACAAGACGGAAT,0.261852
567,TACTATGGACCACTCCGAAGTGTGTGGGTT,0.488519
568,TCTAGCAACCCACACACTTCGGAGTGGTCC,-0.276911
569,TTAAATCACCTTCCATCTAGCTCTCGGACT,0.266229
570,CCATTCGACAGTTCCACTCTTACACGGCAG,-0.182039
571,AGACAGGCAAAGTGGACAACATCCAGGCTG,0.359087
572,TTCTTACAGAATGATGGTCGACTGAGGTTG,0.36089899999999997
573,TGGAGTTCAACGACGTCTATCAGGAGGTGA,-0.21481599999999998
574,CAGGGGTCGACATGGCAGAGACACTGGAGT,0.7238600000000001
575,GGAAACAGGAGGCGGTAAAGGAGGTGGGGG,0.293736
576,AGGGTCCTCACTTGTGGAAAGAAACGGGCT,0.10266099999999999
577,ACGGCTGCAAGAACCGCTACGACAAGGACA,0.136037
578,TGTCGTAGCGGTTCTTGCAGCCGTAGGCGG,0.76828
579,GGTTCTTGCAGCCGTAGGCGGAGCAGGACT,0.6132810000000001
580,GATGGTGCAGTCCTGCTCCGCCTACGGCTG,0.399972
581,GCACGCAGCACGTAAAGCCAGGCATGGCTG,0.8763290000000001
582,GCCTGGCACGCAGCACGTAAAGCCAGGCAT,0.497679
583,CAGGCTGCTACAACAACTCGCACCGGGACA,1.105067
584,ACGTTTCCAAAGGACGCTGAGTTGCGGCGC,0.27419099999999996
585,GCACGCGACACGTTCTTGAGCCAGAGGCGC,0.362196
586,CTGGCTCAAGAACGTGTCGCGTGCCGGCGT,0.189729
587,CATGAGGATGAGACACGAGATGTGCGGCAG,0.7130479999999999
588,ACTTGGAGGGAGACACTTACCATAAGGAAC,-0.214034
589,TAAGTGTCTCCCTCCAAGTACCCAAGGGCA,-0.061818
590,CCAAGTACCCAAGGGCACTACATGTGGCTA,-0.08340700000000001
591,CCCATACAAAGGCGTTCGTGGTGCCGGTAG,0.05434
592,GGCAGGTTGTGCGCGGACGCTGCGTGGAAC,0.180316
593,CGCGGCTAGCTGGCAGGTTGTGCGCGGACG,-0.140719
594,CGCGCACAACCTGCCAGCTAGCCGCGGCGG,0.158806
595,CCGCAGCTCTACGCTTCGCCGCCGCGGCTA,0.031038999999999997
596,CGCGGCGGCGAAGCGTAGAGCTGCGGGACC,0.778846
597,AAGAGTGAGGCCACTAAGGAGATGAGGAGC,0.523196
598,CCTTAACTGCTGTGCCCAGTTACGAGGTCA,-0.497561
599,TCACTGGGCTGGTATATCTGCTCATGGCCT,0.2505
600,GCCAAGGCGCAGAGGGCCGGGCAGCGGCGC,0.738347
601,CAGAGCTGAGCAAGGCGAAAGCCAAGGCGC,0.010209000000000001
602,CTCTTCCTCCCACAGAGCTGAGCAAGGCGA,0.5036470000000001
603,ATGAAGATGTTGGCATTAACTATAGGGAAG,-0.471761
604,TCACTAATTCCACAGAACCAATGTAGGTGT,0.457833
605,ACAGAACCAATGTAGGTGTCTGGGCGGAGC,-0.8452270000000001
606,AATGCAGATGGTCAGTAGGACAGAAGGTAA,0.401647
607,TTTTTCTTAATGCAGATGGTCAGTAGGACA,-0.293555
608,CGGACGGGTTGTGCCTGGAGGTGGAGGGGA,0.644053
609,AGATCGCGGACGGGTTGTGCCTGGAGGTGG,0.09011
610,AGGCACAACCCGTCCGCGATCTCCCGGATC,-0.016272
611,TGTTCTCCGACATCTACAAGATCCGGGAGA,0.88461
612,TGCAGTGAGGACTCACGGCTGATGAGGTCC,0.160814
613,GAGGACTCACGGCTGATGAGGTCCCGGTAG,0.443114
614,GCAGGAGGATGCTGGTGGTGGAGGTGGCGA,0.20269700000000002
615,GATGCTGGTGGTGGAGGTGGCGAACGGCCG,0.7052729999999999
616,CCCCCACACCCAGGCGCTCCCGGAGGGCCT,-0.505827
617,GGCATCAGCAGCAGCGGGAGGCCCAGGCGC,0.441276
618,TCTTCGGGCATCAGCAGCAGCGGGAGGCCC,0.7531
619,AGTGTGGCAACCAGATCGGTGCCAAGGTAA,0.41976899999999995
620,GCTTCATTGTAGTACACAGAGATGCGGTCC,0.327226
621,GGGTGGCATTGTAGGGCTCGACCACGGTGT,0.166606
622,CCACTCATGGTGGCTGAGACAAGGTGGTTC,-0.295914
623,CAACTGTAGGGTGATGATTTCCCTCGGCAT,-0.638512
624,CGAGGGAAATCATCACCCTACAGTTGGGCC,0.5056970000000001
625,AGGAAACGACCTGGGAGAATCCGCTGGCCC,0.027701
626,AGGCAGATGGTAGTGACAGTCTAGAGGTAA,0.269818
627,CACGAACTGCTCTTGGCTCTGAGCGGGTAC,-0.291493
628,CATTTTCACCTGGAACAAGCGGAGTGGCCT,0.145424
629,GCCGGCAGAGTCGATTCAGGACACTGGTCT,0.661971
630,GTAGGATCCCAGTCGTGGCCGAAGCGGATG,0.09411599999999999
631,ACGACCACGCGGTCCTCCTCCGAGAGGATG,-0.191875
632,GGCAGGTGGACCAGGCCATCCTCTCGGAGG,-0.5234479999999999
633,TGCACAACGGCTGGCAGGTGGACCAGGCCA,0.14033900000000002
634,GTACATGCTCCCGCACCTGCACAACGGCTG,0.278597
635,GCAGGTGCGGGAGCATGTACGACATGGCGG,0.368379
636,GCTGCGGCAACTCCTTCATCTCGAAGGCGG,-0.16835899999999998
637,GCGAAGAGGCGGCGGCAGCGGCTCCGGCGC,0.444899
638,CGACGAGCGGCGGCGAAGAGGCGGCGGCAG,0.637726
639,AGATGGCGACGAGCGGCGGCGAAGAGGCGG,0.401123
640,ACGACGGAAGATGGCGACGAGCGGCGGCGA,0.494804
641,GCCGACACCATGTGGATCCAGGTTCGGACC,-0.247844
642,CCATGTGGATCCAGGTTCGGACCATGGACG,0.440165
643,CCGTGTGGGTCTGCCTCCCGTCCATGGTCC,0.587685
644,TGGACGGGAGGCAGACCCACACGGTGGACT,0.302694
645,CGCTGTCCAGGCTGACCAAGGTGGAGGAGC,0.322058
646,AGGCTGACCAAGGTGGAGGAGCTGAGGCGG,0.5725140000000001
647,CCGGAGGACAGCCGCGGCGCGAGGAGGCAG,0.659602
648,ACAGGCGGCGAACTTCACGGCCGGAGGACA,1.260284
649,CCAGTCTCGGTGCCGACCCACACATGGTTC,0.203556
650,TGCACGCTGGAACCATGTGTGGGTCGGCAC,0.292608
651,GCTGCTGCACGCTGGAACCATGTGTGGGTC,0.178697
652,TGGTGGAGGAGGAGAACATCCGCGTGGTTC,-0.0067540000000000005
653,GGAGAACATCCGCGTGGTTCGTTGTGGCGG,-0.573014
654,TCGCTGCCGCCACAACGAACCACGCGGATG,0.378705
655,AGAAGAGTGTGTACACATACTGCATGGACA,-0.068991
656,GCATGGACACAGAAATCTGGTGACTGGAAT,0.897991
657,CTCTTAGGGCCTCATGCATCTGCAGGGGAA,-0.6137560000000001
658,TTTGCTGCATGAGTGTATCTGATGAGGTCC,-0.015155000000000002
659,CCCTGTACAGTAAGAAATATGGTGTGGACC,-0.345415
660,TTTTCGCGGAACACCTTAGCGACGCGGAAG,0.023594999999999998
661,TGAGGAATGAAGCAACAAAGAATCCGGAGT,1.04808
662,TCTTTCTACGACGACACTGTCCTGAGGAAT,-0.040019
663,TGTCGTCGTAGAAAGAGAACGTATTGGAAT,0.4062
664,ATTACTGAAAGCAATATGAAGTCCCGGTAT,0.193078
665,CGGAGCAGGAGTCACAGATGAGAGCGGAGA,0.49055299999999996
666,AGTCACAGATGAGAGCGGAGATCCAGGACA,0.781261
667,GAGCGGAGATCCAGGACATGAAGCAGGAGC,0.341484
668,GGAAGAGCAGCTGAGTTCATCCGAAGGCGA,-0.158881
669,CCCTGACAAACAATGACTTGTACCGGGTAA,0.336444
670,TAGTGAAGGTGGAAGAGGAAGATGAGGAAG,0.30936199999999997
671,AGAAGGGTGATACGGAGAACGGAAAGGAGA,0.205425
672,TGACCCAGGCTGAGAAGGGTGATACGGAGA,0.07201
673,GGCCATAATGACCCAGGCTGAGAAGGGTGA,0.539987
674,ACCGGGCATCTTCTCCTCCCAGCCCGGGCA,-0.016905
675,ACATCCATTATAAGCTGTCGCAGAGGGGCT,0.153586
676,GGTTCAGCTTGAACTCGTTAGAACCGGTCA,0.01718
677,CAAGCTGAACCAGCCACCCGAGGATGGCAT,0.9955729999999999
678,GAGGAGATGCCATCCTCGGGTGGCTGGTTC,0.9157139999999999
679,TGTAAAAGAGGTCGAAGATGTAGCGGGTTT,0.348435
680,AATGCCCAAATTCAAGGCGGCCCGTGGGGT,1.1979229999999998
681,CCGCATTCCCAGCCAGGATCTGATCGGCCA,-0.28708
682,CCTGGCTGGGAATGCGGTGCGGGCGGGGGT,0.246155
683,CTGGGTGCAGGATGAACTGTCGCTCGGAGG,0.34
684,GCACCGTGTGCAGCACAGCCAGCATGGCCT,0.200248
685,CACGGTGCTTCTGCACCGCAGCACAGGCAA,0.504488
686,CTGTCCTAGAGGTCCAAGCCCGCTTGGTGA,0.061415
687,AGTGCTGACTTCACCAAGCGGGCTTGGACC,0.47534899999999997
688,CCTTCAATCTCTAGCACCAGGGACTGGATG,0.682601
689,AGCGGCAGCGGGCACAGGAGGAACAGGCAA,0.808557
690,GCCGCCCGCACTTACCGGGCCGCACGGCCG,0.315741
691,CTTGTACCTTCTCTCCCACCAGCAAGGCCA,0.028112
692,CAGAACTTGAGGAAGAGGCCCAACGGGGTG,0.374418
693,GCAGTGGACGAGATGCCTCTCTTATGGTAA,0.0007610000000000001
694,CGGACGCGCTTCCGCAGCCGCTCTAGGTTC,0.541142
695,GCGGCTCTGTGATATTGTGCTGTCAGGTAA,0.27228600000000003
696,CGATCTTGGCGAGCTTCTCGTATTTGGAAA,0.074357
697,CAAATACGAGAAGCTCGCCAAGATCGGCCA,0.488245
698,GCCCAGCCTTACCCGAAGGTGCCTTGGCCG,0.18911
699,TTTCCGCCTGCAGGGAGGTGTTCAAGGCCA,0.11286099999999999
700,GAGGGCATAGCGGCAGTCCTTATCTGGCAG,0.065118
701,TACGTGGCATGTCTCCTAGGCCTCCGGTGT,0.6672680000000001
702,CCTAGCACAACATGCCGATGTCCTTGGGGA,0.106423
703,TTCCAATGCAGTGGTTCAATTGAAAGGATT,-0.621689
704,CTTGTGTTCACATTTCTGATCAACTGGCAG,0.015161
705,TGTTATGGTGAATGCCAAATTTGAAGGTAT,-0.359123
706,CTCCTAGACAGTCACTTCGGTCCCTGGATA,0.599259
707,TTTAATGAAACTCCCATCAACCCTCGGAAA,0.274308
708,GTGGGCACATTTCCGAGGGTTGATGGGAGT,0.10208400000000001
709,GGCCCCGCGCTCACTGTCCATGCCGGGGAA,-0.291412
710,CTTTTTGAAAGCTGCCTGCGGCAAAGGTAA,0.023056999999999998
711,GCTGAAGGAAGATGGCGGACGGCGTGGACC,0.200623
712,GCGTGGACCACATAGACATTTACGCGGATG,-0.15339
713,GTATCCATGTAATCTCGGTCTTCTGGGGCA,-0.35115999999999997
714,TGAACCACCGGCCTGTGACTGCTGTGGAGA,-0.040479
715,TCCTGCTCAAGCCAGAGTTGCTCCGGGCCA,0.361547
716,CATAGGAGCCCTTGACATCCTTCTTGGCAG,-0.265459
717,AGGCCCCTGCCAAGAAGGATGTCAAGGGCT,0.097125
718,GATGATGAGGTGGAGACAGCAGCTGGGGGA,0.260732
719,GCGTAGGTCGCGACCAGCCCAGATCGGTGA,0.5551050000000001
720,TGGTCTCCTAGGCTGTCACCGATCTGGGCT,0.25658000000000003
721,TCTCTATCTCCTCTATCACGTTCTCGGTCT,0.402773
722,TCTTTAGACCGATCTTCACGATCCCGGTCT,0.7091729999999999
723,GGTCCCCGCACGCTTCTTGCCAGAGGGGTA,-0.179275
724,AGTGTCGATTTAGCAGAAAGCAAACGGCTT,0.642658
725,TGATGATGACGACGACGATGACGTAGGAGA,0.26510100000000003
726,TGGTCTCTCCTGAACCAGGTACTCAGGACC,0.026418999999999998
727,TTCGTTCGAGAACAACTGTGAGATCGGCTG,0.017854
728,GGATAGGAGCTACGGGCTGTCGTGCGGGCG,-0.210015
729,GGAAACTGGTGACGTTGCTCTTGCTGGCTG,-0.226341
730,CTCACTCTCTGGTATGCCATGATCAGGGCC,0.07913400000000001
731,TGGTATGCCATGATCAGGGCCAACAGGGAT,0.670474
732,AACTCATTGGCGCCAAGATGGCGATGGAGA,0.306858
733,CTCGCAAGCCTCTTAGCGAGAGACTGGGCC,0.605779
734,ACCACTAGATGTTTCTTAGTGTCGCGGCCC,-0.350943
735,GGGGGATACAATCACTACGGACACAGGATT,1.2478719999999999
736,GAGCTCTTGTCGGACCAGGGCTACCGGGTG,0.70027
737,TGCGCGAACACGCCCATCCGCGCCTGGATC,0.743903
738,CCGCCGCTGCCATGGCTCAATACAAGGGCG,-0.290104
739,CGCTGCTTCTCCCGCTTCTTCATCAGGTGC,-0.7836069999999999
740,GCGCAGAGAACTTCTTGTCAATGTTGGATT,0.239196
741,CAGCGGAGCAGAGCCGCCGCAGCTCGGCCG,0.743707
742,GGCTGAGCTTGCTGATGATGGTGATGGTGG,0.189883
743,ACTAATGCAGTCCAGGGCAGTAGATGGATT,0.499946
744,TAAAAATGTCTAATGCGATGTATTTGGTAA,-0.043997
745,GAAACAAAGGATACCTCGCTAGCTAGGTAA,-0.191268
746,GTCATAAGAATTACCTAGCTAGCGAGGTAT,-0.354838
747,CCTGTCGATTGTGGCCGCTTCCTTAGGGTC,-0.231318
748,TTGCTTCTTTGTTATTTGACCCTAAGGAAG,-0.47516800000000003
749,ATCATTGGCCGTGTCAGGACTATTTGGACC,-0.002349
750,GATGTTGGGCACGGAAGGTGGAGAGGGATT,0.470915
751,CCCTCCACAGTACCAACACTATAAAGGAAG,-0.058330999999999994
752,TCGGCGTGTTCAAGAACGGCCGCGTGGAGA,0.433942
753,CGTCCTCCTTCTTGTCCTCCTCCTCGGCCC,-0.6416029999999999
754,TGGGTTTCATGTTGACAGAAGATTTGGATG,0.019468
755,AGGGAGCAAAGATGGAGCGGCGGGAGGAGC,1.300106
756,CAGGGGCTGGAGCAGCACCAGCCTTGGACT,0.519126
757,TGGACCCAGCCCTGCGTGAGGCCGCGGAGC,-0.210465
758,ACATACCTGATGAGCTCAGGAGAATGGATA,0.362267
759,CTAAAAATGTTGGAACTGGACTGGTGGGGG,-0.052048000000000004
760,TAATTTCATTACGTCACCACATGCTGGAGC,0.522131
761,CATGTGGTGACGTAATGAAATTACAGGTAT,0.726963
762,CTGACATCCAGCCGCGGGCTGGGCGGGCGC,-0.09067599999999999
763,AAGCGTTTCAGCGCCTACAATTACAGGTGA,0.389623
764,ACAGAGATAACACTTGTGCGCGACTGGAGG,0.708299
765,GCGGCGACTGAGGAGGGCGTGAATAGGATC,0.570734
766,GGGGCGCCTTCGGGAAAGTGTATCTGGGGC,0.37444
767,GACACAAAGCCAATGGGCAGGTCTGGGGCC,0.749215
768,TCCAAGAAGTCCAGGAACAGTTTCTGGCAC,0.539393
769,CGCAGCTTCAGGACGCTGTGAATTCGGTGA,-0.280084
770,GTGAAGAATCTACAGCTGCTTTACAGGTAA,-0.497119
771,TTGCTTCTCCTGTTCTTCCACTTCAGGGTC,-0.030808999999999996
772,CTCCTGTTCTTCCACTTCAGGGTCAGGCTT,0.164416
773,AGCCATCAAGAAACAGTAGTTTGTTGGAAC,-0.227812
774,ATTCAAGAATTTACTTACCTCCAGAGGCAT,-0.026466000000000003
775,TAAGTAAATTCTTGAATGTTTCAAAGGTGT,-0.829882
776,TATCCATCAGTGAAACGGTATAATCGGAAT,-0.365899
777,TCTAGAGAACTCTTTCATTTATTCAGGTAT,-0.40773400000000004
778,TTGTGCTGTTGACAACAGAGGAGGAGGAAA,0.651261
779,ATGGCGCCGCAGGTCTGGCGTCGACGGACC,0.589827
780,TCCGGCACATCTGAATCTGTGTCCTGGTAG,0.31448400000000004
781,AGGGATAGCAAGTGCAAGGTCAAATGGACC,0.19738599999999998
782,TTCCAGATATCCTCGCTGGGCGCCGGGGGC,0.456229
783,CGAATTTCTTCCAGATATCCTCGCTGGGCG,-0.33007800000000004
784,GAGCAGAGCCCGGAGCGGCGGCTAGGGGAC,0.587054
785,CGGAAAGGAGGCTGCTGTCGATTAAGGAGG,0.23104899999999998
786,GATCTTCAGTTTCATTTGCATCAGAGGTCT,-0.675137
787,ATGCAAATGAAACTGAAGATCATTTGGAAT,0.260247
788,TTTGGAATCTTTAATATGTAAAGTAGGAGA,-0.5380729999999999
789,TCCAAAACACCAGCCAAGCCTTCTAGGTTG,-0.125411
790,GAGAATCTTCAACTGCTGGTGGACCGGCCC,0.070886
791,CGGAAACAGTAGGTGCCATCGGGCCGGTCC,-0.11718900000000002
792,CGAGCATTCCGGTTCAGACGCTTTCGGTTG,0.6728350000000001
793,GGTCAGCGCGATGCCCAAGGCCAAGGGCAA,0.748533
794,TTCAGTTCTGCCTCAATCTGACTCTGGAAA,0.337442
795,ACACCCGGAACTGCCATACCTGGGAGGTTT,-0.268399
796,GCCGCCGGCCCGCAGCTGCCGTCTTGGCTG,-0.42582
797,TGCACAACGTGAGCGATGCCGCAGCGGCTG,-0.366145
798,GGGAAGATGGCGGCTCAGCCGCTGCGGCAT,0.000556
799,CGGCCGAACTCACCTCAGCATGTCGGGCTC,0.218018
800,GGCGCAAGTACTCCTCTGCTTTCCTGGTTA,-0.451636
801,ACTTACAGTTCATCTCGTTGTCTCTGGGAC,0.15731900000000001
802,GGACTAAATGTGACTCTCACCATTCGGCTT,-0.41012600000000005
803,CGGAAAGGAAGTAGGAAGCATCATTGGGAA,0.018338999999999998
804,AGTAGGAAGCATCATTGGGAAGAAAGGGGA,0.549848
805,GCATGGACTCGTCCCACGTCTCTTTGGTGC,-0.280332
806,CCAGCGGTGTAAACCTGCAGAGCATGGACT,1.083502
807,GAGATGGAAGTTGAGCAAGAGCAGCGGCGC,0.273577
808,ATGCGTCTGTCCAGGAGGAGAGTCCGGTAA,0.627777
809,TCCTTGGTTACCGGACTCTCCTCCTGGACA,-0.17410799999999998
810,TCATCTCGTCCGTGGTGATCTTGTCGGTGA,-0.689562
811,GCTACAAGGACTCGCCCTCCGTCTGGGCCG,-0.356574
812,CGTCCCGCCAAGTCCTTCAAGTTCTGGGCC,0.307869
813,GGGCAGGTTCCGCCACCGGCTGCCAGGATC,0.548462
814,CTGTTCCCGCGGGATTCCATAAGAGGGGTC,0.013276
815,GAAGGGGAGTCGCTTACCTATTATGGGAAC,0.317504
816,CGGCTCACCTGCATGATGGTCTTGCGGATT,-0.12956600000000001
817,CTGCTTCACCGTGTTGAGCAAGTTGGGGCC,0.07375
818,TATTGGTGCTGGTGTGATCCAGCCAGGCCG,-0.203664
819,CGGCAGCAGTAGCGCTTCAGGCCCAGGGCA,0.36117
820,CGGACGGTGTCCACCATTTCCACCAGGACG,-0.429357
821,CGCAGGCCGGGATGTTCGTCCTGGTGGAAA,-0.487986
822,GCCGGCCTTCGGGTCCCACCTTGCGGGTGA,0.010740000000000001
823,TAGGGGCACGTGTTGCAGGAGAAGCGGTGG,0.395895
824,CACGATCAGCCCGTTCCCGCAGCCGGGGCA,0.593357
825,TGAACACGAACGAGTGCGGGTTCGCGGCAT,0.37206500000000003
826,CGTTCGTGTTCACGCGAGGCTGCACGGGTC,-0.134236
827,AGCGCGTACAACGGGAACGGAGCCCGGTAC,1.0769389999999999
828,CACCGCAGCGGTCCGCAGCGGACAAGGTCT,0.311947
829,TCATCCACAGGGTCATTTGCATCACGGGCG,-0.15775999999999998
830,GTTTGGAGAAGAAGATGCAGATCCAGGTGC,1.281439
831,AGACTTTAATTGATAAAGCCAGAGTGGAGA,0.060443
832,GCGAACCTGGTTCACTCACCTACTTGGTAG,-0.42598400000000003
833,CTACAGATTAATTACCTGTCATTCCGGTCA,-0.31041799999999997
834,TCGAGGAAGAGACATTGTTGTTCTTGGTGT,0.254281
835,ATCTTAATTAAAGGTTGGTGTTCGAGGAAG,-0.071118
836,ACGGCCTCCTGCGCGTACTCCACTTGGAAG,-0.18251900000000001
837,CCGAGTCACTGGACTCTCAATATTCGGCAG,-0.197442
838,GTGCTGAGTAGAGACTGGGCTCTCTGGAAC,0.5672510000000001
839,CTCCATCGACATCCTCCACTCCATCGGTAA,-0.257646
840,CTCTCCCAGTGAAGCGTGACATTCAGGAAA,-0.529935
841,GGGACAAGGACAAAGAACAGGAGCTGGTGA,1.119639
842,GGACAACAGTGAGTATATGCGGAATGGAGA,0.363155
843,GAGACTTCTTACCCACCAGGCTGCAGGCCC,0.933574
844,GTGTGGTCAGCACTTCACAGTCACTGGGAT,0.9031540000000001
845,GGGCCACGCGGATGCCCGTGCAGAAGGTGA,-0.068553
846,TGCTCTGCTCCATGGCGTACTTCTTGGCCT,-0.471375
847,GAGGCCGTCGTCCCTCTCGATATTTGGCCC,-0.038461
848,AAATCACTTTACCTTCACAGCACGAGGCCG,0.6923090000000001
849,GGGGGAGCCCGGCTTCTTCGTCACAGGAGA,0.191603
850,GTCACAGGAGACCGCGCCGGTGGCCGGAGC,0.6571560000000001
851,AAACCTCGCCAGCGCCTGGTTCTCGGGGTC,-0.492534
852,CAGCCGCTTCTTCAGCCGGCCGTCAGGTAG,0.222886
853,AAGAAGCGGCTGCGGGCGGCCTGACGGTGG,-0.14518399999999998
854,TCGGGTGCTTCTTGTCGGCTTGAAAGGACT,-0.2486
855,AGGCCCCACTCACCGTGGACTTCTTGGTGA,-0.08066799999999999
856,CACTGGCATCAGCTTTGCCATTCATGGAAA,0.35041700000000003
857,GGGAAACAACAATTTCTTGTTGTTTGGTTC,-0.38859299999999997
858,AAGCATCAATCAACCAAACAACCCTGGAGC,0.44984799999999997
859,TAAGCTTACATCATGTGACTGTTCAGGTAC,0.107649
860,CGGTCAATGAGAGAACGGTCAGCTTGGAGC,0.106206
861,GACTACGGGCGGTTACATCCGCCATGGCCG,4.8e-05
862,ACTCCGAGGCCATGGACGTGTTCCAGGAGG,0.184977
863,GCTCGCAAGATGGCGGACGAGGACGGGGAA,0.684999
864,GACTTGACGATGCGCACGACCCGCGGGCCG,-0.085408
865,CGTGCGCATCGTCAAGTCCGAGTCCGGCTA,0.802227
866,TGCTGAAGGGCGACGGCCCAGTGCAGGGCA,0.373567
867,AGGTCTTTCGTGGTCAGTAAATTCCGGGAA,0.10365799999999999
868,TCAGTAAATTCCGGGAAATTCAACAGGAGC,-0.347912
869,CTGGAAAGCTCCTGTTGAATTTCCCGGAAT,-0.198641
870,CGGGAAATTCAACAGGAGCTTTCCAGGTAA,0.032238
871,AGGGAGAGGAGGAACTGCGGCGCCTGGAGG,1.449648
872,TTTCGTCACCGCCATGTCGGGAGGTGGTGT,0.550034
873,TGAGGGAGGTCATACCCTCCACATCGGGAG,0.075839
874,AACCTGGGAAACAGGAGGCGGTAAAGGAGG,0.626324
875,AAAAAGGTACTCACCTAAGCAATCTGGTTC,0.35312899999999997
876,ATGTAGTGCCCTTGGGTACTTGGAGGGAGA,-0.885625
877,AGATCGCAGAAACTCCAGTACTCGCGGAAA,0.126667
878,GCCATTGGCATGTTCTTCACCGCCTGGTTC,-0.05856
879,CTCTTTCCCTCCTCTAGGAGCTCGAGGCCA,0.475947
880,TCACCATGGAAGTGTCACCATTGCAGGTAC,0.133154
881,TGTGCTTTCGGTACCTTCGCCCTCGGGGCC,0.187373
882,GCTCCCGGAGGGCCTGCACCGCCTCGGCTC,-0.021525
883,GCAAATATGTTCCTCGTGCCATCCTGGTGG,-0.36592399999999997
884,TCCTGACTGCATTCCAGGTCAGTCTGGGGC,-0.0212
885,CTTTGTGCTGTGTCACTCCATTGCTGGGGG,0.097871
886,TACCTGTCATTCAGCCGTTCTAAGAGGTAG,-1.06755
887,TGTTCCTCTTCCTGCAGGTATCGCAGGACT,-0.325771
888,TCGATTCAGGACACTGGTCTCACTGGGGTG,-0.229238
889,CGGTCCTCCTCCGAGAGGATGGCCTGGTCC,0.123635
890,CGTCCTACTCCGCCTTCGAGATGAAGGAGT,0.353047
891,AAGGCGGAGTAGGACGCGGACAGCAGGGGC,0.712413
892,TGGATCCAGGTTCGGACCATGGACGGGAGG,-0.062184
893,TGTGGCGGCAGCGAGTTGAACTTTAGGAGA,0.015688999999999998
894,GTGAGGTACCATTACCTGGCAGTTAGGAGA,-0.103777
895,TTATCTCGATGTATTGCAGGGTGGTGGCCT,0.686878
896,CACTGGCTTCCATGTCTTCACCACAGGAAC,-0.376177
897,GCTCCGCGTCCTTCTGCAGCACCCTGGACA,0.392872
898,GCCTCAGTCAGGCCATAGCATTCCAGGTAT,0.324726
899,GCCTGAATGATGACTGCTGAATCACGGGAA,0.011056999999999999
900,TGACTGCTGAATCACGGGAAGCCACGGGTC,0.367769
901,TGTCCCCACAGGCTGCACAGGAGAAGGATG,0.790945
902,AGAAGGATGGTATCGTAATAGTGAAGGTGG,-0.203991
903,GTATCGTAATAGTGAAGGTGGAAGAGGAAG,0.359058
904,GAGGAAGATGAGGAAGACCACATGTGGGGG,0.657302
905,CTGGAGGAGGCGTGTCCTGTAGGGTGGAAT,-0.053386
906,GCGGAATATCTCTGGGTCTGGAGGAGGCGT,-0.41120100000000004
907,GCGTTGGCGGAATATCTCTGGGTCTGGAGG,0.425112
908,GGGTACGGCTTGTTCTTACAATACCGGTAA,-0.157157
909,TCGGCAGAAGCGAGACTTTGGGTACGGCTT,-0.26942
910,TTCCACTACTTACCAGGGACACCTCGGCAG,-0.050798
911,TGCTCATATTCATCTGACACCATGTGGCCA,0.018032
912,CAAAGAATCCTGCCTTACCTTCAGAGGACA,-0.23994000000000001
913,TTTCTTCTCCCTACCTAGCCCTGGAGGCTG,-0.12592799999999998
914,CCATGTACTTATTGGCACAAATTCGGGCAG,0.30356
915,AACATCTTGTTGATGCGGATGACGTGGAAG,-0.39518000000000003
916,ATGTAGGCTCCAAACAGGCATGCGAGGTGC,0.383741
917,TGATAACTTGGCCAATGTGAACCCTGGCCA,0.608848
918,CCTTGTTCTGCAGCTTGGTGCGGATGGACA,0.25498899999999997
919,GAGCATGTGATTGAGGCCCTGCGCAGGGCC,0.260728
920,GAAACTTGAACTTGGCCCTGCGCAGGGCCT,0.152577
921,GCTGCAGCACTACATACCTTCTGGCGGCCA,-0.050187999999999997
922,AAAGCGGCTCATCCCAGATGGCTGTGGGGT,0.583009
923,AATCGTGGCCCTCTGGACAAGTGGCGGGCC,0.46429899999999996
924,CAAGTGGCGGGCCCTGCACTCATGAGGGCT,0.04202
925,AAGTCTCTCGCGACACCCTGTACGAGGCGG,0.33401
926,CGAGGCGGTGCGGGAAGTCCTGCACGGGAA,0.033708999999999996
927,CTGATCTGCAACTCCACCGTCTCCAGGAAC,0.6492600000000001
928,TGGGGGACCAGCAGCACTGTGACGAGGCTA,0.16889200000000001
929,ACCAGCAGCACTGTGACGAGGCTAAGGCCG,0.6439739999999999
930,GAATCTGCTTGATCAGAGACTCTGAGGCCA,0.097468
931,GATCAAGCAGATTCCACGAATCCTCGGCCC,0.133975
932,AAAACATGGTGGCCAAAGTGGATGAGGTGA,0.313116
933,ACAGCTACAGCCAGACATAACACCTGGGAG,0.124548
934,CTCTTCCCTGTTGCAGCAGGATCAAGGTGA,0.510618
935,ACACAGATGTTGAGACAGAGTTTGCGGATG,0.142183
936,CAAACTCTGTCTCAACATCTGTGTTGGGGA,-0.164425
937,GACTGACGCGAGCAGCCAAGGTGTTGGAGC,0.34243
938,AGCCAAGGTGTTGGAGCAGCTCACAGGGCA,-0.05022
939,GCCCTGTGAGCTGCTCCAACACCTTGGCTG,-0.188437
940,GATTGCTGTCCACTGCACAGTTCGAGGGGC,0.601309
941,GGGTATCAAATATGACCCAAGCATTGGTAT,0.32376
942,GTATCTACGGCCTGGACTTCTATGTGGTAT,-0.81342
943,CTTCTTGTCTGCGATGCTGAAACCTGGCCT,0.355503
944,CATCGCAGACAAGAAGCGCAGGACAGGCTG,0.600834
945,TCATCGATGATGTCATGAGGATGGCGGCCA,0.961684
946,CATCAACATTACAGCCCACTGACTGGGCAG,-0.37969899999999995
947,TAAAGGAACCATTAAAGAGATCCTGGGGAC,0.725916
948,CCAGAGAGTTCTCTGGCTAAGGATCGGTGC,0.13503099999999998
949,ATTGTCAACATTGCTCGACAGATGCGGCAC,0.146946
950,TTTCTGTCTCTTGGTGGTTCCTTGAGGGCT,-0.819422
951,TGAGGGCTTTGATGATCAGGGCAGAGGCAG,0.927374
952,TTTGATGATCAGGGCAGAGGCAGAAGGCAC,0.8334290000000001
953,AGGAATCTCTTCTGCAGATTGAGGTGGTGC,-0.644463
954,GCAACGGGTGACTGGAAGGGCCTGAGGATT,0.720418
955,TGCCAAGGCAACGGGTGACTGGAAGGGCCT,-0.17399900000000001
956,TGGTGATGACATTGCCAAGGCAACGGGTGA,0.610726
957,AAAAAGTTGGTGATGACATTGCCAAGGCAA,-0.43425600000000003
958,GGAGGGGATAACGTACCAGACCCAGGGGGC,1.011144
959,GTGAAGTCGGTGCCACTTCTGCCCTGGCCC,-0.448463
960,CAGAAGTGGCACCGACTTCACCTCCGGTGC,-0.24051199999999998
961,CCTGAGGTGCACCGGAGGTGAAGTCGGTGC,0.394579
962,CCCAGTATACCTGAGGTGCACCGGAGGTGA,-0.368778
963,GGCAGCCATGGCGCCCAGCCGGAATGGCAT,-0.16702899999999998
964,CCATGGCGCCCAGCCGGAATGGCATGGTCT,0.15274200000000002
965,AACCAGCCGGCCCGTAAGATCCGCAGGTGA,-0.114524
966,CTTCTCTCCACCAGACGTAAGGCCCGGCAA,0.188403
967,CCTTGGCTTGCCGGGCCTTACGTCTGGTGG,-0.307777
968,GATGGGCCGGATGGGACCCGACGCGGGGCG,0.966698
969,CGATGGGCCGGATGGGACCCGACGCGGGGC,0.244639
970,GCTCCTCCAGGCTGAAGCCGCGGCCGGCGC,1.014508
971,CGCGGCTTCAGCCTGGAGGAGCTCAGGGTG,0.589281
972,CCAGTACTCACCCTGAGCTCCTCCAGGCTG,0.5076039999999999
973,GGCAGGTGGCCGGCATTCACAAGAAGGTGG,-0.048712
974,TCCGGGCCACCTTCTTGTGAATGCCGGCCA,0.541582
975,TCACAAGAAGGTGGCCCGGACCATCGGCAT,0.15449000000000002
976,GATCCACAGAAATGCCGATGGTCCGGGCCA,0.378212
977,ATCGGCATTTCTGTGGATCCGAGGAGGCGG,-0.15848199999999998
978,GCACGTTGGCCTGCAGGGACTCCGTGGACT,0.030251999999999998
979,TGCAGGCCAACGTGCAGCGGCTGAAGGAGT,1.0592270000000001
980,AACTGGCCACCCAGCTGACCGGACCGGTCA,0.028068
981,CCAAGCGGCTGCCGAAGATGGCGGAGGTGC,0.43282200000000004
982,ACAGGTCCTGGTGCTTGATGGTCGAGGCCA,0.312566
983,CATCGTGGCTAAACAGGTACTGCTGGGTAA,0.162663
984,CCCTCCCTCTAGGCCGGAAGGTGGTGGTCG,0.377273
985,GAAGGTGGTGGTCGTACGCTGTGAAGGCAT,-0.071055
986,AAGTACCTGGCTTTCCTCCGCAAGCGGATG,0.338426
987,GGGTTGGTGTTCATCCGCTTGCGGAGGAAA,-0.09293
988,GCGGATGAACACCAACCCTTCCCGAGGCCC,0.156138
989,CACGGTCCGCCAGAAGATGCGGCTGGGGGC,0.302753
990,CCTCGCACGGTCCGCCAGAAGATGCGGCTG,-0.311577
991,TCTGGGGCGCCTGGCTCACGAGGTTGGCTG,0.475229
992,CTCACGAGGTTGGCTGGAAGTACCAGGCAG,0.301175
993,AGTACCAGGCAGTGACAGCCACCCTGGAGG,0.072744
994,GTGACAGCCACCCTGGAGGAGAAGAGGAAA,0.524226
995,CTTTCTCTTTCCTCTTCTCCTCCAGGGTGG,-0.427331
996,AAAGAGAAAGCCAAGATCCACTACCGGAAG,0.422922
997,TACGGAAACAGGCCGAGAAGAACGTGGAGA,0.758037
998,ATACACAGAGGTCCTCAAGACCCACGGACT,0.28592199999999995
999,CAGACCAGGAGTCCGTGGGTCTTGAGGACC,0.25340799999999997
1000,ATTGGGCTCAGACCAGGAGTCCGTGGGTCT,0.803489
1001,GGTCCAAAGGAGACATAGGCCACCCGGCCA,0.525533
1002,GTCGATGGACCTTGCACTCAAGTGAGGAGA,-0.133855
1003,ATCAGTGAGCTGCATGCACTTGAAAGGCAT,-0.5059100000000001
1004,GATTTCATCCTCAAGTTTCCGCACAGGTAA,-0.611009
1005,AGTATGTCCGACAAGCCTGGCAGAAGGCAG,0.506265
1006,CTTCAATCTTCTTGGCCCATCGTGTGGCTG,-0.246088
1007,CCAAGAAGATTGAAGCCAGAGAAAGGGTAA,0.162776
1008,AGATGGGTGCATACAAGTACATCCAGGAGC,0.634366
1009,TCTGATGTCATGCGCTTTCTTCTGAGGGTC,-0.938564
1010,CGCTTTCTTCTGAGGGTCCGCTGCTGGCAG,-0.079565
1011,GCCCTGTGGAGAGCAGAGAGCTGGCGGTAC,0.694561
1012,CCTTGCTTGGCCTTGTAGCCCAGTCGGCGC,-0.050431000000000004
1013,TATATATAGGATTCGTGTTCGCCGTGGTGG,-0.505323
1014,CCGTAAGTTGCACCCTTAGGAACTGGGCGT,0.44465200000000005
1015,AACTTTAGCTGGTTAACACCATGATGGACA,0.166019
1016,CTCGAAGCCTTCAGTCCGTTGCAGAGGTAA,-0.8317959999999999
1017,CTAGGAGCGAGCTGGACGCCACTGTGGGGC,0.15388800000000002
1018,GAGAGTCCTGAATTCTTACTGGGTTGGTGA,-0.300431
1019,ATAGCTTTATGGAATGGATCAATGAGGATA,-0.288461
1020,ATCAGAAGAAATCCTGACACCCAGTGGATC,0.249165
1021,GACATCTGCAGGCCGAAAGAGCCGTGGCCT,0.31208
1022,GCCGAAAGAGCCGTGGCCTTGGAAAGGGCC,-0.200036
1023,CGGCGAGAGCCACCAATAGTGTGGTGGAAC,0.248671
1024,ACTCTCACTCAGGTGGGAGTGCAGTGGGGC,0.228523
1025,CGGCTCACTGCAACCTCTGTCTCCCGGGTT,0.144559
1026,AACAGATTGTTCCTAAACCAGAAGAGGAGG,0.358736
1027,TTTTCCGTAAGGATCATCTCAATGTGGCAG,-0.10468599999999999
1028,GGTTAATCCGACCATGAGCTCTGTAGGTCC,-0.23636100000000002
1029,ACCAGAGAATCTACATCTAAACCCTGGGGA,0.300268
1030,ATGGTGGAGTTGGCAGGTGTGCGCAGGTGA,0.455041
1031,TCGTGAAACTGCTCAGGCCATCAAGGGTAT,0.462142
1032,CTTAGAACACTCGTGAAACTGCTCAGGCCA,0.085053
1033,AAATGGTTCGCTATTCACTTGACCCGGAGA,0.06808
1034,TGGGGGCCTGATACTCACTTGGTGTGGCTG,-0.003602
1035,GAGAGGTGTACCGGCATTTCGGCAAGGCCC,-0.775242
1036,TTCCCCTTCCCTAGGTCCTCGCAAGGGCCG,-0.590862
1037,GCCCGCAGCCGCATCCTCAGGGCAGGGGGC,0.271485
1038,GGGTTCAGGAGGTACCCAAACTGAAGGTGA,0.129119
1039,TAACTGATGATGTGCGGGTTCAGGAGGTAC,-0.5697
1040,TGGGGACCATAACTGATGATGTGCGGGTTC,0.11021900000000001
1041,ATCCGGGAAAGGGACAGAGGCGGCCGGTTG,1.300949
1042,ATAAACAACCTCTTCAACACAACCTGGTTG,0.347502
1043,TCTTCAACACAACCTGGTTGAATGTGGAGT,0.159796
1044,ACACAACCTGGTTGAATGTGGAGTTGGTTC,-0.153621
1045,AGCCTCACCTTGACCAACAGCCTCAGGTAG,0.613105
1046,CGCCATAACAAGGACCGAAAGGTTCGGCGC,0.17918499999999998
1047,CGAACCTTTCGGTCCTTGTTATGGCGGATG,-0.942902
1048,TTCAGCTACGAGAGTACAAGGTAGTGGGTC,0.186383
1049,GCGCAAAGATTCGCATGCGGTAGAGGGGCG,0.8584440000000001
1050,TGATTAGGCGCAAAGATTCGCATGCGGTAG,0.163958
1051,CAGGGGAGATTGTCTACTGTGGGCAGGTAT,0.28526
1052,CTGCGGGTGAAGAACTTCGGGATCTGGCTG,1.072758
1053,GGGATCTGGCTGCGCTATGACTCCCGGAGC,-0.182528
1054,CCCGGTATTCCCGGTACATGTTGTGGGTGC,-0.149763
1055,GGAATACCGGGACCTGACCACCGCAGGCGC,0.508314
1056,TGGGTGACAGCGCCTGCGGTGGTCAGGTCC,0.398901
1057,AGCACTGGGTGACAGCGCCTGCGGTGGTCA,0.183505
1058,GCGGGACAGGCAGCTTACAGCACTGGGTGA,0.834693
1059,TCATGATCTGAATGGAGTGGGCTCGGGCGC,0.773998
1060,CCACCTTCATGATCTGAATGGAGTGGGCTC,0.096348
1061,AGATCATGAAGGTGGAGGAGATCGCGGCCA,0.455205
1062,TGTGCTGACGGCGCAGGACCCGGTGGGGCA,0.347545
1063,AAGCGTGGCTTGTGCTGACGGCGCAGGACC,0.411472
1064,AGAAGAAGGTGTTGGGCCTCTTGGTGGTGA,-0.48937600000000003
1065,GCTCGCCTCTAGTGTCCTCCGCTGTGGCAA,-0.38252800000000003
1066,CTCCGCTGTGGCAAGAAGAAGGTCTGGTTA,0.19676300000000002
1067,CCAGGTACTCACGGGAGTTGGCATTGGCGA,0.112443
1068,CAGATCCCAGGTACTCACGGGAGTTGGCAT,0.8481559999999999
1069,CCGGAAGGGCAGGCACATGGGCATAGGTAA,0.868346
1070,GCAGGTATCACAGCCTGTACCTGAAGGTGA,0.211839
1071,TCATGGAACACATCCACAAGCTGAAGGCAG,0.878295
1072,CTGAGGCCCGCAGGTCTAAGACCAAGGAAG,0.056505999999999994
1073,GTGAAGAGCGCCTCCAGGCCAAGAAGGAGG,0.23723699999999998
1074,ATGATCTCCTCCTTCTTGGCCTGGAGGCGC,-0.23383400000000001
1075,AAAATGACGAACACAAAGGGAAAGAGGAGA,1.183789
1076,GACGAACACAAAGGGAAAGAGGAGAGGCAC,0.399003
1077,ATAGATTCGCATATATGTGGCCAAAGGAAC,0.8958459999999999
1078,CACATATATGCGAATCTATAAGAAAGGTGA,-0.834931
1079,AAAGAAGCCAAAGAGAAAGGTACCTGGGTT,1.186672
1080,TTACCTGGCGCTTTAGTTGAACCCAGGTAC,0.282833
1081,AAAGTGTGCTTCTCTGGGTGGAGCAGGCTA,0.27924699999999997
1082,TCTCACAAAGTGTGCTTCTCTGGGTGGAGC,-1.03388
1083,AGAAGCACACTTTGTGAGAACCAATGGGAA,-0.290014
1084,CACACTTTGTGAGAACCAATGGGAAGGAGC,-0.11
1085,CCAGCAGCTCAGGCTCCTTCCCATTGGTTC,-0.378783
1086,ATAGGGAATAGGTTCCAGCAGCTCAGGCTC,0.6361220000000001
1087,TTCTTCTCTCAGTACATCCAGCAGTGGTCA,-0.139286
1088,CTGCTGGTGTGGGTGACATGGTGATGGCCA,0.438463
1089,GAACAGACTTCCCGCTGCTGGTGTGGGTGA,0.306836
1090,ACGGCTGAACAGACTTCCCGCTGCTGGTGT,0.982891
1091,AGCACAATTGATTACAGCTCCTACCGGAAG,0.141148
1092,TCCGGCGTTCAAGATGTCGAAGCGAGGTGA,0.370465
1093,ACAAGATGGCGCCGAAAGCGAAGAAGGAAG,0.472501
1094,GATGGCGCCGAAAGCGAAGAAGGAAGGTGT,0.384187
1095,CTCCTAAAGCTGAAGCCAAAGCGAAGGCTT,-0.28376799999999996
1096,AAGCGAAGGCTTTAAAGGCCAAGAAGGCAG,0.216268
1097,AAGATCCGCACGTCACCCACCTTCCGGCGG,0.620678
1098,CAGTGTCTTCGGCCGCCGGAAGGTGGGTGA,0.311199
1099,CGGAGTCGCAGTGTCTTCGGCCGCCGGAAG,0.932542
1100,CGGCGGCCGAAGACACTGCGACTCCGGAGA,0.719192
1101,TTCCGAGGATATTTGGGCTGTCTCCGGAGT,0.585888
1102,GGGCAGTACTGACTTGTTTCTCCTGGGAGC,-0.8546
1103,AGCGGAAACTTGATGATAGCATAGTGGTCA,-0.16453900000000002
1104,CTTCATGGCAGACTCAGTGGTCAGCGGAAA,0.932039
1105,ACAACAACACACTTGTGTTCATTGTGGATG,-0.33907600000000004
1106,CTCACCGAATCAGGGTGTTGACCTTGGCCA,-0.115901
1107,ACCCTAGGCCTGATGGAGAGAAGAAGGCAT,0.22586900000000001
1108,ACGGAAAGCCAAATCTCGCCAAGTAGGAAA,0.178084
1109,GGCTAATGGCACAACTGTCCACGTAGGCAT,-0.292288
1110,ACGTGCGATCCATGCCCATCCGAAAGGATG,-0.39200799999999997
1111,CTTCTGTCTCAGCTCTTTGGAAAGAGGGGA,0.23077399999999998
1112,CATAATCTTCCTTCGAATGTGGGAAGGTGC,0.026272000000000004
1113,GCCTTTTGCGATTCTTGCTTCGGTCGGAAG,-0.334407
1114,TTTTCCACACAGCCATCCAGACTGAGGAAG,0.842943
1115,CTTTGTATTCCTGCAGGCAAGCACCGGAAG,0.797691
1116,TGATGCAGACCACCAGCATTACCGCGGCCG,-0.132017
1117,AATGCTGGTGGTCTGCATCACCACCGGATC,0.27102600000000004
1118,TACTATTTGTCGAAGTTGATCCGGTGGTGA,-0.729867
1119,GTTGTTACCTCTTCCTAGCCACCCAGGCTA,0.134001
1120,CCAACTTTCCCAAAGTAGCCTGGGTGGCTA,-0.259125
1121,GGTATGAAGCATTACCACTTAAAGAGGAAC,-0.156573
1122,AGGTTGACAGTTGGGCAGAAGCTCTGGTTC,-0.082413
1123,CACAATTTGTCAAGGTTGACAGTTGGGCAG,-0.754668
1124,TACCGATCGCACCACATCAATGATGGGAGC,-0.22251500000000002
1125,GAAGAATTTGGCCTTCACGATGACAGGCTG,0.606222
1126,CCATGGAGGAGAAGAAAGCATTCATGGTGA,0.35788600000000004
1127,AATGCTTTCTTCTCCTCCATGGTCTGGAAG,0.032285
1128,TTCTTCTCCTCCATGGTCTGGAAGCGGCCA,-0.173105
1129,TTGGCCATGGCCGCTTCCAGACCATGGAGG,0.668366
1130,AGCGGCCATGGCCAAACTTGGAGGTGGTGT,0.277746
1131,TTGGAGGTGGTGTCAATGAACTTAAGGTCA,0.102365
1132,CCTTGCTGGTGCAGACGAAGCGGCGGGCTC,0.630505
1133,AGAAGCGGGTGCTCACCCTCCGCAAGGTGA,0.166465
1134,GCTGTGTGGTGGGAACCAAGAAGCGGGTGC,0.845505
1135,TCACCATAGTGGACAAAGCCACCCTGGAAA,0.314755
1136,TATCTGACAAGAGCATCAACCCTCTGGTAA,0.601503
1137,TCTTGTCAGATAGGTCATAGTCAGTGGAGG,-0.037167
1138,CTCTGTGGCACGCGCTGGGCAGAAAGGCTA,0.176699
1139,ATCCTGCTCGTGTAGCCTTCTCTGTGGCAC,-0.911431
1140,GCAAGACCCACCGAGGCCTGCGCAAGGTGG,0.4889
1141,TACCTGTGAACCAAGTGTTTGGGCAGGATG,-0.314449
1142,CCTGATGGAGATCCAGGTGAACGGAGGCAC,0.644385
1143,CGGGGCACTGGGCTCACCTGGGTGTGGGCA,0.642979
1144,TCATCCGTGTCATTGCCCACACCCAGGTGA,0.538976
1145,TTACCAAGTACTGCAAGAAATGGCAGGATG,0.592349
1146,GCCATTTCTTGCAGTACTTGGTAAAGGCCT,-0.36325
1147,TGCAAGAGGCGTTTCTATAAGAATTGGTAA,-0.059040999999999996
1148,TGGTTGTGGGCATTGTGGGCTACGTGGAAA,0.261309
1149,CCATTGTAGAGACACCACCCATGGTGGTTG,0.361575
1150,AGGTGAACAAGAAGGAGGTGGTGGAGGCTG,0.391491
1151,TTGCAGAGGTGAACAAGAAGGAGGTGGTGG,1.012679
1152,AGGATGTCTGTACATACTGGATCCCGGCCT,0.7082390000000001
1153,ACATCGTGCGGGAAGTCGACAGGCCGGGAT,0.08342000000000001
1154,AGGCTGGCATGACTCACATCGTGCGGGAAG,0.254336
1155,TGAGTCATGCCAGCCTTGTATCCCAGGAAG,-0.45255
1156,CACAGCCTTCCTGGGATACAAGGCTGGCAT,-0.29581599999999997
1157,GCCTTGTATCCCAGGAAGGCTGTGAGGTGG,-0.212506
1158,GTGGGAAGGTGAAGAGCTTCCCTAAGGATG,-0.33723000000000003
1159,ACGATGCCTGCTGCTGCGCTTCCGAGGCAG,-0.27702
1160,AGCCGAGGGACCCATGTCTGGGAGCGGAGA,0.10871700000000001
1161,AGAAAGTTCTCCGCTCCCAGACATGGGTCC,0.643625
1162,GAAAATACTACAGAGTGTGCACACTGGCTA,0.502866
1163,TAAAACTGGTGTCCATCACTACAGTGGCAA,-0.064025
1164,GCAGACTCTGAAGATGATCAGACAAGGCAA,0.013835
1165,TTTCTTCACTGCGCAGCCTGGCATTGGGGT,0.48991999999999997
1166,CCTCCAAGAACCGCAAAGCCATCGTGGAAA,0.356732
1167,TGGAGGAAACATTGTGAGCGATCTCGGCAC,0.364146
1168,AAAAACAAAGCACATGCTGCCCAGTGGCTT,0.10814800000000001
1169,TTTTGTTGCTTCCATAACCAATGTTGGGCA,0.195947
1170,GGGCCAGATCTTGATGCCCAACATTGGTTA,0.14788199999999999
1171,TCAGCGTAACTGGCGGAAACCCAGAGGCAT,-0.164352
1172,TATTATTTCCTTCAGCGTAACTGGCGGAAA,-0.25304899999999997
1173,TTGACATATCGGTCTGACTGGTGCCGGATG,0.395805
1174,GTCCAGCGTTTGACATACCGACGTAGGCTT,0.633612
1175,GCTGTATTGTAGGAAAGCCTACGTCGGTAT,0.49261800000000006
1176,TAAAGGTAAACAATTCTATTACCAGGGGTT,-0.451499
1177,GTTTACCTTTATACCAAGAAGGTTGGGAAA,0.18548299999999998
1178,AAAATCTGCATGTGGTGTGTGCCCAGGCAG,-0.167638
1179,ATTTAGCACACATGGAACCACCATAGGCCC,0.49916400000000005
1180,ATGTGTGCTAAATGTGTTCGTGACAGGTAA,0.076541
1181,GGCTGTACCCGCTGCGGAAGTACGCGGTCA,0.049288
1182,ACCAAGAAGCAGCAGCGGAAGGAGCGGCTG,0.15070899999999998
1183,TGAAGACCAAGAAGCAGCAGCGGAAGGAGC,0.9274950000000001
1184,AGGTTCTCCTCGTGCTTGTTGAGCCGGCGG,-0.977534
1185,AGACTCACCTTGTAGAATTTCCTGAGGTTT,-0.7090489999999999
1186,GCTGCGCGTCGCCAAAGTGACAGGCGGTGC,0.7134590000000001
1187,TGAAACAGCTGGACGACCTGAAGGTGGAGC,0.44209899999999996
1188,AAGATCAAGGCTCGAGATCTTCGCGGGAAG,-0.354968
1189,GCGGGACATGATTCGGGAGGTGTGTGGCTT,0.726633
1190,AGCGGCGCGCCATGGAGTTACTGAAGGTCT,-0.20838299999999998
1191,TTACTGAAGGTCTCCAAGGACAAACGGGCC,0.298333
1192,GTGGGGACGCACATCCGCGCCAAGAGGAAG,0.8129890000000001
1193,ACGCACATCCGCGCCAAGAGGAAGCGGGAG,0.508046
1194,AGCGGGAGGAGCTGAGCAACGTACTGGCCG,0.311211
1195,CTGAGCAACGTACTGGCCGCCATGAGGAAA,0.41771
1196,CCATAAAGTGACACAGTACAAGAAGGGCAA,-0.09009600000000001
1197,AAGTGACACAGTACAAGAAGGGCAAGGATT,0.994348
1198,TTATGACAGGAAGCAGAGTGGCTATGGTGG,0.451704
1199,CCAACTGCAGATCTAAGAGAATGCTGGCTA,1.066295
1200,ACTGGGAGGAGATAAGAAGAGAAAGGGCCA,0.917717
1201,TGATCGGAAGCAGAGTGGCTATGGTGGGCA,0.18446400000000002
1202,AAGTGACACAGTATAAGAAGGGCAAGGATT,1.068099
1203,CGTCGGTAAATACGGGACCCGCTATGGGGC,0.071561
1204,ACTGTGGTTCCTGCATGAAGACAGTGGCTG,0.927163
1205,TTCCTGCATGAAGACAGTGGCTGGCGGTGC,0.793746
1206,CACCGCCAGCCACTGTCTTCATGCAGGAAC,-0.266461
1207,GGAACTAGACTCACTTGTACGTCCAGGCAC,-0.132682
1208,TTACCGTGACAGCGGAAGTGGTACTGGAAA,0.22835300000000003
1209,ACTTACATTTGGCATCCTTTCGTCGGGCTG,-0.46274099999999996
1210,TTGTCAGTGATGACCAGGGTGTAAAGGTAT,0.295419
1211,CTGTGGTAGGTAAGAAAGGAAAGAAGGCTG,0.382275
1212,TTTAATTACCAGGGATGTTTCTGAAGGCCT,-0.586758
1213,GTGCATCATCTATAATGAGGATAATGGTAT,0.85141
1214,GGGCCCCTGCGCTGGATACGGCGACGGTTT,-0.081307
1215,CTTTGCCAGCTCTCATTCGCTGAGAGGCAT,-0.052017999999999995
1216,AAGTTGAAGGCTACAAGAAGACCAAGGAAG,0.893192
1217,TTTGGTAGTTGAAGATAAAGTTGAAGGCTA,0.432303
1218,ATCTTCAACTACCAAAGGAAGTTCAGGAAC,0.5358430000000001
1219,CAAACCTTTAGACATGACCAGTGCTGGTAG,0.566499
1220,CTTTAGACATGACCAGTGCTGGTAGGGCTG,-0.126479
1221,ACATGACCAGTGCTGGTAGGGCTGAGGCAG,0.240333
1222,CTGAGGCAGCCAGGGCAGAACAGATGGCGT,0.052699
1223,AACGATACGCCATCTGTTCTGCCCTGGCTG,-0.45085
1224,GTTGTGTTCACTCTACGATGCCAACGGCGC,0.675283
1225,TCGAGGTGGTGGGACTCACCGCTCTGGCCA,0.156101
1226,GGTGAGTCCCACCACCTCGAACTCTGGGAA,0.470268
1227,GGCTCGAATTCCCAGAGTTCGAGGTGGTGG,-0.348854
1228,GCCCTATGCTGTCAGTGAATTAGCAGGTAT,-0.275215
1229,TCGAATAGGAGCCTTGAATACAGCAGGCAA,0.107374
1230,CTTTTCGGAGTACACCGATATCAGTGGGCG,-0.321299
1231,AGGCGTGTGCTCGCCCACTGATATCGGTGT,0.272634
1232,ATTTCACTTGGTATCTCTTAAAGTAGGCCT,-0.372718
1233,CCAAGTGAAATTTAGAAGACGACGAGGTAC,0.13944600000000001
1234,TATAGATTGCTTATGCCCGTATAGAGGGGG,0.157305
1235,AGGTGACTGGTGATGAATACAATGTGGAAA,-0.165818
1236,ATCCAAATAGCAGGTGAAGGCACCTGGCTG,0.584202
1237,GGCCTGCATCCAAATAGCAGGTGAAGGCAC,0.905265
1238,TGCAGGCCTTGCCAGAACTACCACTGGCAA,0.302392
1239,AGCCTCCATCCACAGCTCCCTTCAGGGCAC,-0.416185
1240,TCCTTGCTTTCAGAATCATAACCAGGGAAT,-0.017647
1241,TAAAGAACAGCGTAACTCCAGACATGGTAA,0.182852
1242,TTCGTCAGAGCAAACACAGATCGCAGGTAG,0.47312299999999996
1243,GCAAACACAGATCGCAGGTAGCCCTGGAGC,-0.021039
1244,AGATCGCAGGTAGCCCTGGAGCTGAGGAAT,-0.08641900000000001
1245,AGCGCAAGATTGATCAGAAAGCTGTGGACT,0.12851700000000002
1246,GCTGCGGAAGCCCAGACACCAGGAAGGTGA,0.288566
1247,GCTTACTTCAAGAAGAAGAAGCTGCGGAAG,0.243668
1248,TAGAGGAACTCGATTGAGGACCAGAGGTCC,0.485592
1249,GGCTAGTGGCTTATTACTTGTGACTGGTAA,-0.095002
1250,GTGACAAGAACGGCGGTACCCGGGTGGTTA,-0.324486
1251,ACCAGTTGGTGGTGACAAGAACGGCGGTAC,0.115032
1252,GGAAGTACTCAGCCGCTAAATCCAAGGTAA,-0.401986
1253,GAATACCTGCCAATTCCTCTGACAAGGACA,-0.174007
1254,CAACCCTGTCCTTGTCAGAGGAATTGGCAG,0.067842
1255,ACAAGGACAGGGTTGCGGCTGCAATGGGGC,0.154408
1256,CCAAGAAGGTTGATGCTGGTGGCAAGGTGA,-0.35603
1257,CGAAGCCAAGAAGGTTGATGCTGGTGGCAA,0.163698
1258,AAGAGAAGAAACCCGAAGCCAAGAAGGTTG,0.257077
1259,AAGGTGGAGATGCTGGCAACAGGGAGGACC,0.170727
1260,CCATTTTGTAGAAGGTGGAGATGCTGGCAA,0.57777
1261,CTTCAAATTGTCTTCTCCACGAGGTGGAAT,0.038705
1262,GGAGAAGACAATTTGAAGGGCCACAGGAAG,1.322686
1263,TTCAAAGAGGCAAATAACTTCCTGTGGCCC,-0.069995
1264,GTAAATACGGCATCATCTGCATGGAGGATT,0.289405
1265,GGATTGTAGAGCCATATATTGCATGGGGGT,-0.583982
1266,TCGAAGCCTTGTTGAGCTTCACAAAGGTTC,-0.45736400000000005
1267,AAGGTTCCATTGAAGATTTGACGAAGGCGA,-0.381637
1268,TTGGCGTTTGTCATCAGAATCAGAGGGTAA,0.028692000000000002
1269,AGATGTACAGAACTGAAATTCGAATGGCGA,-0.10144500000000001
1270,TCTTTTTCCGGCTGGAACCATGGAGGGTGT,-0.07693
1271,TTTCTGCCCAGCCGAAAGGAAAGAAGGCCA,0.585986
1272,CCCAGCCGAAAGGAAAGAAGGCCAAGGGAA,0.9326139999999999
1273,TGAAGAAGCAGGAGGCTAAGAAAGTGGTGA,-0.008665
1274,CGGCAGAGAGCCATCCTCTATAAGCGGCTG,-0.34930100000000003
1275,CTGGGTGAACTGGTTAATCGCAGGAGGCAC,0.49785
1276,CTCCTGCGATTAACCAGTTCACCCAGGCCC,-0.223991
1277,GCTTTGTCTCTGGTCTGTACTTGTGGGCCA,-0.386335
1278,AGCAAGAGAAGAAGCAGAGACTGTTGGCCC,0.5179590000000001
1279,GGCCCGGGCCGAGAAGAAGGCTGCTGGCAA,1.1373719999999998
1280,TCTTGTTCTCCACCAAGGTGGTGACGGTGT,0.586967
1281,GAGCTTTCTTGTTCTCCACCAAGGTGGTGA,-0.19686199999999998
1282,TGGTGGAGAACAAGAAAGCTCAGCTGGTGG,0.493246
1283,AGCTGGTGGTGATTGCACACGACGTGGATC,0.265106
1284,AGGGCAGGCAAGAAGACAACCAGCTGGAAG,0.505601
1285,TCCCTTACTGCATTATCAAGGGAAAGGCAA,0.609483
1286,GCGACAGTGGTGCAGGTCTTCCTGTGGACT,-0.724086
1287,AGTTCACCTGTGTGAAGGCGACAGTGGTGC,0.40829099999999996
1288,GTACTTACGAGTTCACCTGTGTGAAGGCGA,0.20321199999999998
1289,CTTTTAGGGAAGACAAAGGCGCTTTGGCTA,0.68701
1290,GTTCCCCGGAGACGTCCAGTCCGGCGGGCA,0.025259999999999998
1291,CAGGGGCATCTCTGCGGATGGTGGAGGGCT,0.028950999999999998
1292,AGAGGAACTGCTGGCCACGAGTACGGGGTG,0.591884
1293,AAATATAAGGCAAAGAGGAACTGCTGGCCA,0.535808
1294,AATTGACAAACCCATCTTGAAGGCTGGCCG,0.146786
1295,CCCTACAGGTGTGGTGGCTGGAGGTGGCCG,0.09241100000000001
1296,CACCAACCACAGCTCTGTTGGCTGAGGAGA,0.051959000000000005
1297,CTGAGGAGATAACCTTCTTGGAGCCGGAGG,0.405235
1298,CGTGGCAAGCTGGCCCGGGCATCAGGGAAC,0.203098
1299,CCTGATGCCCGGGCCAGCTTGCCACGGTCT,0.137953
1300,CCTGGAGGAGAAGCCTGGAGACCGTGGCAA,0.842075
1301,AGGGTACAATCGTGTGCTGCCTGGAGGAGA,-0.145322
1302,CAGGCAGCACACGATTGTACCCTCAGGCAT,0.23091799999999998
1303,CAACATTGGCAATGTGCTCCCTGTGGGCAC,-0.40665500000000004
1304,TCCCCTTGCAGCCCAGCTCAACATTGGCAA,0.001731
1305,CAAACTGGCCCGTGTGAATGCCCTCGGCGG,-0.07936
1306,ACTGGCCCGTGTGAATGCCCTCGGCGGCAA,0.416504
1307,GACGGAGCTGTTCATTGCCGCCGAGGGCAT,0.647642
1308,GATACGGATCCCGGAAGACCACCTTGGCGA,0.28278400000000004
1309,CCCACAGGACATCATCCACGACCCGGGCCG,0.553791
1310,ACGGCTACATCAAGGGCATCGTCAAGGTGC,-0.445675
1311,CGCTGAGCGGCACGGCTACATCAAGGGCAT,-0.584037
1312,CGCCGTGGATTTCGCTGAGCGGCACGGCTA,-0.10084299999999999
1313,CTGCGCGCCGTGGATTTCGCTGAGCGGCAC,-0.171999
1314,CCGCGCGCACGTGAAGCACCGTAAAGGCGC,0.25397600000000004
1315,TCACGTGCGCGCGGAACACAGACCCGGCGC,0.452866
1316,GATCCGTGGACAGAGGAAGGGCGCCGGGTC,1.023679
1317,CCGTGTGATCCGTGGACAGAGGAAGGGCGC,0.308925
1318,TCTGTCCACGGATCACACGGCCCATGGCGA,1.20335
1319,CCAGAAAGATGAATTAATCCTTGAAGGAAA,-0.003082
1320,TATCCGCAGGGTTCGGATGAGACCAGGTAT,0.373307
1321,ATTTCAACAAGAGACCCATTCTCCTGGATA,-0.098759
1322,GCATACACAGACCTCATCTTGTAACGGAAG,-0.356144
1323,ACATAGGGCTTCCGTTACAAGATGAGGTCT,0.06009400000000001
1324,AGAACATGATCAAGGGTGTTACACTGGTAA,-0.862324
1325,TAGTCATGTACAGAACATGATCAAGGGTGT,0.29176599999999997
1326,GTACATGACTACAAATAGTCCGAACGGTAG,-0.08491900000000001
1327,AACAGAAAGGAACTGGCTACCGTTCGGACT,-0.114641
1328,TACAGCTCCGGGTTGACAAATGGTGGGGTA,-0.065037
1329,TTGATGTGATTGAAGTCCCTCCGCAGGGTT,0.074201
1330,TCTTCTAGTCGACATTACTCTGAAGGGACG,-0.254139
1331,GATGTGCTTTCTCTTACAGAGAGGCGGATT,0.622359
1332,TAGCTGGTGCCGACAAGAAAGCCGAGGCTG,0.622984
1333,CACGTGGCACAGCACTCCGTCTGTAGGTAT,0.45383199999999996
1334,GAGCGACCTGCGAGACTCACAAGAGGGGAA,-0.178911
1335,CGCCGTAGCCGTCCAGAGACTGGCAGGCCT,0.05952
1336,CCAGTCTCTGGACGGCTACGGCGTAGGGTG,-0.10746199999999999
1337,GCGTAGGGTGGCAGGCACAATCTCCGGGGG,0.253809
1338,AGATGAAGGTAATCACGGAGATACTGGATA,1.039841
1339,CACGGAGATACTGGATACCCTCATTGGTAA,0.192886
1340,AGATACTGGATACCCTCATTGGTAAGGTAC,-0.515041
1341,TTTCTACTGGTACCTTACCAATGAGGGTAT,0.158689
1342,TAAGGTACCAGTAGAAATGTCTCCAGGCAA,0.450708
1343,CTCTCAAGTCCCGAGGCTACGTGAAGGAAC,-0.385202
1344,TGCCTTACAGTCTCTCAAGTCCCGAGGCTA,-0.245439
1345,GCATGGCCTTCATGACATGAAGGTTGGGCA,0.348544
1346,GCCAGCTCCGGGTGCTTAGGCATGTGGACA,-0.083981
1347,AGGAGGGAGTCATGGTGGCCAAGAAGGATG,0.11713399999999999
1348,AAAAGGAGTTCATAAATGGCAATCCGGTTC,0.541937
1349,GGGTCCTGCTGGGAGAAACTGGCAAGGAGA,-0.163528
1350,GAAACTGGCAAGGAGAAGCTCCCGCGGTAC,0.149848
1351,CGCGGTACTACAAGAACATCGGTCTGGGCT,0.13239800000000002
1352,TCGGTCTGGGCTTCAAGACACCCAAGGAGG,0.448858
1353,CTCGAATGGACACATTACCAGTGAAGGGGC,0.37921
1354,CGGATGTAGTGCAGATAGTCTCGGCGGATG,-0.5645560000000001
1355,ATGTTCTTGTGGCGCTTCTCGAAGCGGTTG,-0.8263209999999999
1356,GGGCCACTGCGCTCACCTGAAGCAGGGGGA,0.29584499999999997
1357,AAGCGCACTGTCTTGCTCAGAGGCCGGCAC,0.394919
1358,GCTTCAACGTGCTCAAGGTCACCAAGGCTG,0.012598
1359,CGTGCTCAAGGTCACCAAGGCTGCCGGCAC,0.873057
1360,ACTTCTGGAACTGCTTCTTGGTGCCGGCAG,0.319739
1361,CACGTGCTAGGCCATCGTGGATGAGGGCAG,0.64231
1362,CCTCATCCACGATGGCCTAGCACGTGGAAT,0.13433399999999998
1363,GATGCAAGCACACAAAGATGGGCTTGGCGC,0.794629
1364,AGTTGGATGCAAGCACACAAAGATGGGCTT,0.7353029999999999
1365,AGCCTATGTATGTCAAGTTGGTGGAGGCCC,0.12049800000000001
1366,CAACAAGAAACTAGGAGAATGGGTAGGCCT,0.060020000000000004
1367,TTAAGGACTATGGCAAGGAGTCTCAGGCCA,0.948734
1368,GTGAATCATCTACAGCCTCTGCCCTGGTCG,-0.238104
1369,GAAAGCATCTTGAGAGGAACAGAAAGGTAA,-0.127162
1370,GTTGCTGTTCGAAAGCATCTTGAGAGGAAC,-0.266379
1371,TGAAGTTGACATCTGACGACGTGAAGGAGC,0.130774
1372,TCCCCAGGAAGGGCCTGTCCCAGTCGGCTT,-0.044157999999999996
1373,ATCATGGGTCGCATGCATGCTCCCGGGTGA,0.134277
1374,CTCGGGTATGAAGATCGGGCGGATTGGTAA,0.413142
1375,CCCAGGATGTGGCCCAGAGGTGCAAGGAGC,0.731878
1376,CTGGGCAGCCAACATAGCAGCATATGGTGA,1.101858
1377,GTGTGACTGGTGGGATGAAGGTAAAGGCAG,0.35181399999999996
1378,TCTGCCGTGTGACTGGTGGGATGAAGGTAA,0.572851
1379,GAAACCATCTGCCGTGTGACTGGTGGGATG,-0.84535
1380,CACTTGCCAGAAAGATCAGTGACATGGACA,0.13787
1381,GTGTCATTGAAGGATGCAAAGATATGGCAG,0.08866900000000001
1382,CAGCCTCGGACCTCAGGTGGCTGAAGGAGA,0.885534
1383,AGGTCATCAGCCTCGGACCTCAGGTGGCTG,-0.036095
1384,CGCCGCGGTAGGTGAACTTGCGGAAGGTCC,0.195143
1385,GCTGGTCGAGGTCCACGCCGCGGTAGGTGA,1.072953
1386,CTGTACAGTGCGCGCCAGCGGCGGCGGCTG,0.164617
1387,AGGAGGCGCCGCCCATGGAGAAGCCGGAAG,1.016353
1388,CGGAAGTGGTGAAGACGCACCTGCGGGACA,0.534008
1389,TCGGGTAGGATGATCATGTCCCGCAGGTGC,-0.281493
1390,GGGACATGATCATCCTACCCGAGATGGTGG,0.153376
1391,ACCATGCTGCCCACCATCTCGGGTAGGATG,-0.42509600000000003
1392,GGGCAGCATGGTGGGCGTCTACAACGGCAA,-0.34751
1393,TCTACAACGGCAAGACCTTCAACCAGGTGG,-0.310562
1394,GTGATGGAGAACTCGCCCAGGTAGTGGCCG,0.931161
1395,TTGTAGGTGATGGAGAACTCGCCCAGGTAG,0.285378
1396,CTTCATGGTCCATGATGCCAGCTGAGGTTG,0.5334270000000001
1397,TTTCATTGTACTGACAACCTCAGCTGGCAT,0.406099
1398,GATTTGACGTGCAACTCAAAGACCTGGAAA,0.28028200000000003
1399,AAAATTGTTGTGAACCTCACAGGCAGGCTA,-0.147648
1400,GTTTCTCACTGTGATGATGAAGCATGGTAA,0.093025
1401,TGCTTCATCATCACAGTGAGAAACCGGACG,0.23161700000000002
1402,CAGTGAGAAACCGGACGATGACTTTGGAGC,0.454346
1403,AGGCCGTGCTCCAAAGTCATCGTCCGGTTT,0.076204
1404,TTGGAGCACGGCCTAATAAGCACCTGGCGT,0.795948
1405,CCACAATGGTGCGCATGAATGTCCTGGCAG,0.223137
1406,TTGAGTCACGATGGGCTTATCGGTAGGATT,-0.827593
1407,CGAGGGTCAGCTACCAGCAGGGTCCGGTCA,1.208639
1408,AGCAGGGTCCGGTCATACTGGATGAGGATG,0.632302
1409,TCTGGTAATAGGCCACCAGGGCTTTGGAGA,1.076475
1410,TCCGTCAGTCCATCTCCAAAGCCCTGGTGG,0.23979499999999998
1411,AGCGTGCGCGGCTCAATCATCTCCAGGGGC,0.242804
1412,AATGGTCTCATCAAGGTGAACGGGCGGCCC,-0.237137
1413,GCAAACGCGGCAATGGTCTCATCAAGGTGA,-0.265038
1414,GACAGCTGTGGCGCACTGCAAACGCGGCAA,-0.25845500000000005
1415,TCTTACAGAAGACAGCGACAGCTGTGGCGC,0.377693
1416,ACTGCAGCGGGCCCTTGGACGGCATGGCTC,0.144725
1417,CGTTTTGAAATTCATCCCAACTGTAGGCTG,0.298564
1418,CTTCAGGTCACTCAGCCTACAGTTGGGATG,0.067021
1419,AGGTTGGACAGACTGCCGAAGTCCTGGAAC,0.659637
1420,CTACTTCAATAATCTCCTGATCCAAGGCTG,0.082808
1421,CCTTGTAGGTCTCAGCCTTGGATCAGGAGA,0.158899
1422,AAAGGAGAGACAATTATGTTCCTGAGGTAA,-0.210484
1423,GCATCTGATGAAGCGAATTCAGAGAGGCCC,-0.23626799999999998
1424,TTGTTCGTGTGGAAGTCGTTGCCCAGGCGC,-0.26024899999999995
1425,GCGAGTACTCAACACCAACATCGATGGGCG,0.040901
1426,TTACCTTAATGGCAGTGATGGCAAAGGCTA,0.110224
1427,CTTCACTTACCTTAATGGCAGTGATGGCAA,0.286814
1428,GTGTGGGCCGAAGATATGCTCATGTGGTGT,-0.061541
1429,AAAGCAGACATTGACCTCACCAAGAGGGCG,-0.117878
1430,AGACATTGACCTCACCAAGAGGGCGGGAGA,0.394627
1431,GTGAGTTCTCCCGCCCTCTTGGTGAGGTCA,-0.635193
1432,GGGCGGGAGAACTCACTGAGGATGAGGTGA,0.622393
1433,ATAATGGTGATCACACGTTCCACCTGGCAG,0.060201
1434,AAGAACCAGTCTGGGATCTTGTACTGGCGT,-0.516573
1435,TTCTGTCTGTTCAAGAACCAGTCTGGGATC,0.153099
1436,CAGACTGGTTCTTGAACAGACAGAAGGATG,0.439064
1437,CCTCTGAATCCAGGTCCTAGCCAATGGTCT,0.18757200000000002
1438,CACGGAGCTTGTTGTCCAGACCATTGGCTA,0.146275
1439,TGGACAACAAGCTCCGTGAAGACCTGGAGC,-0.018919
1440,TTCTTCAGTCGCTCCAGGTCTTCACGGAGC,-0.45991400000000004
1441,TTGGTGTGCTGGCCTCGGACACGAAGGCTG,0.09159400000000001
1442,GCACACCAAGACCACTGGCCGCCGTGGCCG,0.059483
1443,CCACGGTGCGGCCACGGCGGCCAGTGGTCT,1.036506
1444,GGCTCCAGCTGTGGCTACAACATAGGGTTT,-0.093025
1445,TGCAGCGGACTCAGGCTCCAGCTGTGGCTA,-0.43516800000000005
1446,ACCCACACCAGAGTCTCCGTGCAGCGGACT,0.460369
1447,GAGACTCTGGTGTGGGTCTTGACGAGGTGG,-1.021197
1448,CGAGGTGGTCAGTGAACTCCTGATAGGGAG,-0.043331
1449,TTGGTGAATACAGTCTCCTTCCAGAGGTCG,0.18975
1450,GAATACAGTCTCCTTCCAGAGGTCGGGGGT,0.347762
1451,TCAGGTAGCTGTAGGTCTTAGAAATGGCAT,-0.5077689999999999
1452,TCGATGACTGCTACACCTCAGCCCGGGGCT,0.337609
1453,TGGTACGCCTCATCCCTGCACCCAGGGGCA,-0.14691300000000002
1454,AGGCGTACCAGCACAGAGCCGCAGCGGCCT,0.278692
1455,CAGCCTACCTTGCAAGGGACAGTGTGGGGC,0.014428999999999999
1456,CGATGGAGAGCTTGGCCAGGATGATGGCCC,0.57218
1457,TGGGTGTTAAGTGCTCCAAGGAGGTGGCCA,0.6137279999999999
1458,TCGGTCTGGGTGTTAAGTGCTCCAAGGAGG,0.16380799999999998
1459,GAGCACTTAACACCCAGACCGACGTGGCCA,0.309989
1460,GGACTACAATGGCCACGTCGGTCTGGGTGT,0.539461
1461,CAGGACAGCCGGGTACCTTGAACCTGGTGC,0.468919
1462,GCCAGTGCAGAAGCAGACCCGTGCCGGCCA,0.678992
1463,AGGACATGAAGATCAAGTCCCTGGAGGAGA,0.341475
1464,TCACCAAGTTGGGCCGCTTGGTCAAGGACA,-0.093421
1465,TCGGCCTTGCCTCCGCGAGCTCCGCGGCCT,0.073559
1466,GCGGAGGTTTCGGCAGTGGCATCCGGGGCC,0.43542200000000003
1467,CGGATGCCACTGCCGAAACCTCCGCGGAAG,-0.20046
1468,CGGGGGCCCTGGTGGCCCTGGGATGGGGAA,0.326442
1469,AGATGCAGAACCCATGGATACAGAGGGCCA,0.029911
1470,TCGAATCTACAGATGCAGAACCCATGGATA,0.15163800000000002
1471,AATAGTTGACTTAAGCATCTGCAATGGTGA,-0.513921
1472,AATGGTGACTTCCACCTCAACTCCTGGCTC,0.131251
1473,TCAGTATTGAGCCAGGAGTTGAGGTGGAAG,-0.384252
1474,CTTGTGGTGAAGGTTCTAAGACGTGGGATC,0.5009319999999999
1475,CCACGTCTTAGAACCTTCACCACAAGGAGT,0.055305999999999994
1476,CCCTCCGATTTACTTTACCTTGGTAGGCAT,-0.17616500000000002
1477,TGTAGTGTGTGCTGACTTGATAAGAGGCGC,-0.268057
1478,GAAAAACACCCGTGGAGCCGGAGGTGGCAA,0.6363260000000001
1479,CTAACTGTGCCCGATGCGTGCCCAAGGACA,0.134911
1480,AACATAGTGGAGGCCGCAGCAGTCAGGGAC,0.291771
1481,CTTCAGAAATGTCCCTGACTGCTGCGGCCT,0.033818
1482,CATTTCTGAAGCGAGCGTCTTCGATGGTAA,-0.335884
1483,TCACATACAGCTTGGGAAGCACATAGGCTA,-0.054278
1484,GTAATGTAGCTTCACATACAGCTTGGGAAG,-0.36036
1485,CTTTAAGAACTCAGCTCCTTACATGGGCTT,-0.541713
1486,ATCTCCTTCATCCCTCTCCAGAAGAGGAGA,-0.33979499999999996
1487,AGAGGAAACACAAGAAGAAACGCCTGGTGC,0.780606
1488,CTGGGCATTTCACATCCATGAAGTAGGAAT,0.29869
1489,CTACTTCATGGATGTGAAATGCCCAGGTGA,-0.16273800000000002
1490,CCGTTTGTGCATGGCTAAAGACCGTGGTGA,0.25209899999999996
1491,CTCCTGTAGGCTGGCAGAGGACAGTGGAGC,0.529903
1492,CACTGTCCTCTGCCAGCCTACAGGAGGAAA,-0.074214
1493,GCTTTTAGTGCTGCTTCCTCCTGAAGGAAC,-0.191875
1494,ATGTAAAGGCCAAGATCCAGGATAAGGAAG,0.696112
1495,CTTTGCTGGCAAGCAGCTGGAAGATGGACG,0.77477
1496,TCTTGTGCTTATTCTTCTTGGGAGTGGTGT,0.092583
1497,AGAAGAATAAGCACAAGAGAAAGAAGGTTA,0.901382
1498,TCATCAGAAGGGCACTCTCGACGAAGGCGA,0.31195700000000004
1499,TCGAGAGTGCCCTTCTGATGAATGTGGTGC,0.388866
1500,ACCCCAGCACCACATTCATCAGAAGGGCAC,-0.34263499999999997
1501,AAGTCACTTTGACAGACATTATTGTGGCAA,-0.29992199999999997
1502,TTTCCGTCAGTACGCGAAGGATATCGGTTT,0.35222600000000004
1503,GCCAGTGTTTCCGTCAGTACGCGAAGGATA,0.080749
1504,TTCGCGTACTGACGGAAACACTGGCGGCAC,0.004751
1505,CGGAAACACTGGCGGCACATATTGAGGCCA,-0.175155
1506,CGCGGGTGGCTCCAGTACAGCTGCTGGTGA,0.6666270000000001
1507,AAGATGGGTCACCAGCAGCTGTACTGGAGC,0.171853
1508,TCTTACTCGGGAGCTGGCTGAAGATGGCTA,0.44317700000000004
1509,GTTGAGGTGCGAGTTACACCAACCAGGACA,0.639879
1510,CAGAATGTTCTTGGTGAGAAGGGCCGGCGG,-0.095938
1511,ACAGCAGTCAGTTCCCGAATCCGCCGGCCC,0.357659
1512,GAACTGACTGCTGTAGTTCAGAAGAGGTTT,-0.11752
1513,GACTGCTGTAGTTCAGAAGAGGTTTGGCTT,0.45842200000000005
1514,TTCAGAAGAGGTTTGGCTTTCCAGAGGGCA,-0.614008
1515,GGGCAATGGCACACAGACCTCTAGTGGCCA,0.201487
1516,CTAGAGGTCTGTGTGCCATTGCCCAGGCAG,0.020275
1517,AACGCAGAGACTCTGCCTGGGCAATGGCAC,0.698289
1518,GTTTGTAACGCAGAGACTCTGCCTGGGCAA,-0.071759
1519,AGAGTCTCTGCGTTACAAACTCCTAGGAGG,0.0040880000000000005
1520,AAACTCCTAGGAGGGCTTGCTGTGCGGAGG,-0.637116
1521,TAAAGGGCCTGCTATGGTGTGCTGCGGTTC,0.234959
1522,GGTTGTGGTGTCTGGGAAACTCCGAGGACA,-0.510576
1523,TGTGGATGGCCTGATGATCCACAGCGGAGA,-0.189384
1524,TAGTAGTTAACAGGGTCTCCGCTGTGGATC,-0.185814
1525,GCAGTGTCAACGTAGTAGTTAACAGGGTCT,-0.262046
1526,ATCAAGGTGAAGATCATGCTGCCCTGGGAC,0.066699
1527,GCCAATCTTACCAGTTGGGTCCCAGGGCAG,-0.048804
1528,CTCTCTGACCAGCACCATGGCGGTTGGCAA,0.445614
1529,GGCGCTTGTTCTTGCCAACCGCCATGGTGC,-0.444625
1530,TGGCAAGAACAAGCGCCTTACGAAAGGCGG,-0.19209400000000001
1531,AAAGACGCTCGTCACCAGGACCCAAGGAAC,0.42748800000000003
1532,TAAAAACTGCCTGACTAACTTCCATGGCAT,-0.35182199999999997
1533,ACTGCCTGACTAACTTCCATGGCATGGATC,-0.032144
1534,TTGTCACGGGTAAGATCCATGCCATGGAAG,-0.074514
1535,TCACGTTGATGTCAAGACTACCGATGGTTA,0.160183
1536,AGAACAGACGAAGCAAGTAACCATCGGTAG,0.500979
1537,TCCATCATCTTCTTCCGGATTTGGCGGACC,-0.480156
1538,AGATGATGGAAATCATGACCCGAGAGGTGC,0.43941199999999997
1539,TGCAGACAAATGACTTGAAAGAAGTGGTCA,0.047119
1540,TTGTCTCTCTCTTCAGCAATGGTGAGGCGG,-0.018932
1541,CGTGGTTCACGTGAAAGATGCCAATGGCAA,0.595173
1542,ATTGGTGTGATCACCAACAGAGAGAGGCAC,0.912177
1543,TATGGTGACTGGAGGTGCTAACCTAGGAAG,0.063115
1544,CCTAGGTAACCTGTGTATGGTGACTGGAGG,0.667504
1545,TACTGATTTCATCAAGTTCGACACTGGTAA,0.159222
1546,GCGGGCATCATGAGTCACCAGATGAGGGAT,0.13285999999999998
1547,TACGATGTACAGCAAAGCGACCCTTGGTGT,1.040283
1548,TTTCCGTCTGATCTATGACACCAAGGGTCG,0.44428599999999996
1549,AGATGTCATCAGCATTGACAAGACGGGAGA,0.390327
1550,TCTTACCCATGAATCCAGCAGGGTAGGTTA,0.21480100000000002
1551,GAAGTAAAGAAGATTTGCATGCAGCGGTTC,0.434442
1552,AGGGGGAGACACTCTCTCAACTTGTGGGGA,0.191448
1553,GTTACAGGCTCCTCGTCCATCCACCGGTCC,0.27575500000000003
1554,TATATAAGATACTTACAAACACACCGGTCA,0.382328
1555,AAGCGGGTGGCAGCTCCAAAGCATTGGATG,0.34981
1556,GTCCCAAGAAGCATCTGAAGCGGGTGGCAG,0.571221
1557,TCACCCTGTCCCAGGATGACCGAGTGGGAG,-0.631216
1558,AGTGGGAGACAGCAGCACCAGCGGTGGCAG,0.5406890000000001
1559,CCAGACATCAAGCTCTTTGGGAAGTGGAGC,0.43631499999999995
1560,TGCAGATCAATGACATTTCCCTGCAGGTGA,-0.369541
1561,GGCGGCATACCGCCCTGCACTGTGAGGCAG,0.121466
1562,CCGTGCATCATCATGGAGTTAGTGAGGCGC,-0.41716400000000003
1563,CTGTGAGCAGGTGTATGATCTCGAAGGCAT,-0.021637
1564,AGATCATACACCTGCTCACAGGCGAGGTAG,-0.15608699999999998
1565,ATGGCGTTCACCAGGACCTGCAGAGGGTTC,0.441105
1566,GCCCAATGCGTGTGGAGTCCTCCCGGGGAC,-0.554143
1567,GGCGCGCCGGGACTGTGAGACGACAGGCTG,0.760229
1568,CCGGGACTGTGAGACGACAGGCTGTGGATG,0.834693
1569,CTAGGCCATCTGGCTGCTGTGCACAGGCGC,0.033895999999999996
1570,GGCTGCTGTGCACAGGCGCTCGTGAGGCTG,-0.24014000000000002
1571,CAGCAATGGTCTTAATGTTCCGGAAGGCAG,-0.30714600000000003
1572,GCTCATCTGCCAGGCACTCAGCAATGGTCT,-0.11111900000000001
1573,AGAAGAAGGACGAGCTGGAGCGTGTGGCCA,0.44809899999999997
1574,TTTAAGGGCTTTCTTACAACATACTGGCGG,0.295956
1575,AGGCACTGTAGTATCAGTCAGTCCAGGAAT,0.42860299999999996
1576,CTTCTAAGGAGAGAAGGATATTCCTGGACT,0.255863
1577,TTCCTGTTACAGACCAAGGAGAACTGGAGA,0.515289
1578,AAGGGGCATTCCTGTTACAGACCAAGGAGA,0.627417
1579,CCGTGTCCGCCTGCTACTGAGTAAGGGGCA,0.294864
1580,CATGAAGCAGGGTGTCTTGACCCATGGCCG,-0.259954
1581,AATCAGTGGTGGGAACGACAAACAAGGTTT,0.36589299999999997
1582,GGTTATGTGGTCCGAATCAGTGGTGGGAAC,0.139326
1583,CACAGAAGTTGCTGCTGACGCTCTGGGTGA,0.205198
1584,CCAGAGCGTCAGCAGCAACTTCTGTGGCCA,-0.140405
1585,CTTCAATGAGTTTCTGGCAGCCAGTGGCTG,0.502083
1586,ATGAGTTTCTGGCAGCCAGTGGCTGGGAAG,0.018512999999999998
1587,GCTGAACATCTCCTTCCCAGCCACTGGCTG,0.777609
1588,ACGAGTTCGAGTCCGGCATCTCCCAGGTGA,-0.272309
1589,AGCTGGAGATGAACTCGGACCTCAAGGCTC,0.15634800000000001
1590,AACTCGGACCTCAAGGCTCAGCTCAGGGAG,-0.066139
1591,GGGAGCTGAATATTACGGCAGCTAAGGTAA,0.460183
1592,GGAAGCATGTCGTCTTTATCGCTCAGGTAT,-0.523824
1593,TTGGGAAGACCAAGTCCTCAAGGATGGCAT,-0.091584
1594,ACTTGGTCTTCCCAAGCGAAATTGTGGGCA,0.30521
1595,TGGACAAAGCACAGCAGAACAATGTGGAAC,-0.073034
1596,CACAGCAGAACAATGTGGAACACAAGGTAA,0.384502
1597,TTTCTGGTGTCTATAAGAAGCTCACGGGCA,1.0497809999999999
1598,CCCAACTCATACTTCCGCTTCTTGTGGTAG,-0.21325300000000003
1599,TGGGGCGCCCAGCTGCCAACACCAAGGTGG,0.21411599999999997
1600,CCACGCTCGCACCCACCTTGGTGTTGGCAG,0.14163
1601,GCACACGGACTGTGTGGATGCGGCGGGGGC,0.08522
1602,GGTAACAAGAAATACCGTGCCCTGAGGTTG,0.353711
1603,ACGAGCTGGTTCGTACCAAGACCCTGGTGA,0.6410170000000001
1604,TGAGCACGATGCAATTCTTCACCAGGGTCT,-0.47054300000000004
1605,ATCGACAGCACACCGTACCGACAGTGGTAC,0.803191
1606,GCATAGTGGGACTCGTACCACTGTCGGTAC,0.321062
1607,CGCACCAGCTTGGCTCCCTTCTTGCGGCCC,-0.5714670000000001
1608,ACAGGGAAGTAACACGCACCAGCTTGGCTC,0.251816
1609,GTCTCCTGGAGGAGCAGTTCCAGCAGGGCA,-0.42594399999999993
1610,CATCGCTTCAAGGCCGGGACAGTGTGGCCG,0.14294500000000002
1611,GCCATCTGCTCGGCCACACTGTCCCGGCCT,-0.09767
1612,GCTATGTGCTAGAGGGCAAAGAGTTGGAGT,-0.154079
1613,GGGGAAGCGGAGCCAACATGCCAGTGGCCC,0.603504
1614,AGCGGAGCCAACATGCCAGTGGCCCGGAGC,0.551787
1615,GCGACAAACCCAGCTCCGGGCCACTGGCAT,0.864851
1616,AAGTTTTGCGACAAACCCAGCTCCGGGCCA,0.930085
1617,CGAGATTTCTCGAAGGGTCTCCGCGGGGTC,-0.044886
1618,TCCCCACCAGGCGAGTATGGGCTCCGGAAC,0.533493
1619,AGTATGGGCTCCGGAACAAACGTGAGGTCT,0.301189
1620,AGGTCTGGAGGGTCAAATTTACCCTGGCCA,-0.052201
1621,AATTTACCCTGGCCAAGATCCGCAAGGCCG,0.012598
1622,CATCAAGCGTCAGCAGTTCCCGGGCGGCCT,-0.21551399999999998
1623,CTGACGCTTGATGAGAAGGACCCACGGCGT,0.498803
1624,GAAGGACCCACGGCGTCTGTTCGAAGGTGC,-0.002548
1625,TACGCACCTTCGAACAGACGCCGTGGGTCC,0.556237
1626,CTCTTCCCAGGCAACGCCCTGCTGCGGCGG,-0.078942
1627,CCTGCTGCGGCGGCTGGTCCGCATTGGGGT,-0.000768
1628,TGCTGGATGAGGGCAAGATGAAGCTGGATT,0.859874
1629,GCAAGATGAAGCTGGATTACATCCTGGGCC,-0.373707
1630,CCCAGCTTGAAGACCTGGGTCTGCAGGCGT,0.35149600000000003
1631,TGGCCAAGCCCAGCTTGAAGACCTGGGTCT,0.554218
1632,GGATCAGCACGCGAGCGTGGTGGATGGACT,0.502088
1633,CGCTGGCGGATCAGCACGCGAGCGTGGTGG,0.286609
1634,CCGAGGTGGTACCTGATATGGCGCTGGCGG,0.218252
1635,GAATCCAGGCGGACAATGAAGGACGGGATG,0.162377
1636,TCTGGGAATCCAGGCGGACAATGAAGGACG,0.24051199999999998
1637,TTCTTGGCATTCTTCCTCTTCACGCGGCCC,-0.641912
1638,ACACCTCGGCAGAAGCGAGACTTTGGGTAC,0.376525
1639,AAAAGTGGATGAGTTTCCGCTTTGTGGCCA,0.536188
1640,ATGAGTTTCCGCTTTGTGGCCACATGGTGT,-0.161154
1641,AAAGATGGCTTCCATATCCGGGTGCGGCTC,0.386977
1642,CTTGTTGATGCGGATGACGTGGAAGGGGTG,0.41492399999999996
1643,GCACAGGACAACATCTTGTTGATGCGGATG,-0.429292
1644,CCAAAGGCACCTCGCATGCCTGTTTGGAGC,-0.485306
1645,TCACATGCTCCTTGTTCTGCAGCTTGGTGC,-0.138494
1646,GCGCAGGGCCAAGTTCAAGTTTCCTGGCCG,0.44769899999999996
1647,AGCACTACATACCTTCTGGCGGCCAGGAAA,-0.044996
1648,CTTCAAATTCATCAGCATTGAACTTGGTGA,-0.037097000000000005
1649,CCACTTGTCCAGAGGGCCACGATTGGGGAT,0.008152
1650,AGGTGGACAGGAAGTAGAATTTATTGGTGA,-0.066719
1651,GTAGATACAAAGACATAGGTGGACAGGAAG,0.6865220000000001
1652,AGAATGTAGATACAAAGACATAGGTGGACA,0.36608
1653,ATGTCTTTGTATCTACATTCTTGACGGGGA,-0.492187
1654,GAAGGAACTTCCTCTGGGAACCTTTGGGTC,0.260494
1655,GGGCAATGACCCAAAGGTTCCCAGAGGAAG,-0.285583
1656,TGAAGTGAAAGGGCAATGACCCAAAGGTTC,0.163012
1657,TCATTGCCCTTTCACTTCAGAAACAGGTTG,0.34913099999999997
1658,GTTGACAACTCAGCCCTGCTCATGAGGCAG,-0.371215
1659,CCCCCCTCCTCTCTCGAAGGTTCCTGGAGA,0.504329
1660,TGCCCGAGAAGCGCTTGTCCTTCTGGGGAT,-0.182265
1661,AGCACTGTGACGAGGCTAAGGCCGTGGATA,-0.11228800000000001
1662,CCTTCTTCATTTGGAACTTGATTGTGGACT,-0.195071
1663,TTCCCTCCTCCCAGGTGTTATGTCTGGCTG,-0.643269
1664,ACATTCACCTGGCTGTCAACTTCTTGGTGT,-0.20808800000000002
1665,TGCCCATGGTGCTCTTGATATATAAGGCCC,-0.5340779999999999
1666,ATTTATTCAAATGTGCCTTAATATAGGCGC,-0.236646
1667,TACACTGTCAGATCCTTTGGCATCCGGAGA,0.46829499999999996
1668,GAGGGGCCAAGGCAGAAGAAATCTTGGAGA,0.533454
1669,AAGAAATCTTGGAGAAGGGTCTAAAGGTGA,0.196903
1670,GAAACGGGAATTTATTTGCCAGGAAGGATG,-0.31099
1671,TCCTGCTCTTACCAGAGAGTTCTCTGGCTA,0.195625
1672,GTTTTTCTGTTTCTTTCTGTCTCTTGGTGG,-0.22496300000000002
1673,GGTTCCTTGAGGGCTTTGATGATCAGGGCA,-0.33316799999999996
1674,GCTTCAAGACCATGCCATTCCGGCTGGGCG,-0.49181899999999995
1675,GCCGCTGCCAGTCCTTGTGGAAGTGGGGCT,0.732062
1676,GCCACGCGCCGCTGCCAGTCCTTGTGGAAG,-0.654313
1677,CACCTGCGGATCTTACGGGCCGGCTGGTTG,0.622317
1678,CGATGCGGCGCGCCTTGGCTTGCCGGGCCT,0.06502000000000001
1679,GGGGCAGCGCACGATGGGCCGGATGGGACC,0.175209
1680,CTCCGTGGACTTGTTCCGCCTCCTCGGATC,-0.314772
1681,GAGTCCCTGCAGGCCAACGTGCAGCGGCTG,0.41143599999999997
1682,CGGGCATGACCGGTCCGGTCAGCTGGGTGG,-0.214711
1683,TCAAAGCCTTCGCTAGTCTCCGTATGGCCC,-0.138062
1684,AAAGAGCCAAGGAAGCCGCAGAACAGGATG,0.537095
1685,GTCGAGGCCATCTCCTGGGCCGCCTGGCGG,0.534717
1686,GCCTGGCGGCCATCGTGGCTAAACAGGTAC,0.218599
1687,ACGCTGTGAAGGCATCAACATTTCTGGCAA,0.20412
1688,GGTCCAGAGCGGCCTGGCCTCGCTTGGTTT,0.20363900000000001
1689,CAAACACCTTGAGACGGTCCAGAGCGGCCT,-0.070251
1690,CAGACGCACGACCTTGAGGGCAGCAGGAAC,0.976081
1691,TAAGCTGGGACTCACCTTTCTTGTAGGCTT,-0.785299
1692,TACTTCCAGCCAACCTCGTGAGCCAGGCGC,0.211577
1693,TGCACTTATTCTTGGCAGAGGCTACGGAAA,-0.045939999999999995
1694,ATTCTTGGCAGAGGCTACGGAAACAGGCCG,1.097566
1695,CAATTTTCTTCTCCACGTTCTTCTCGGCCT,-0.488897
1696,TCAGGCGCTTCGTGGAGGTTGGCCGGGTGG,-0.084868
1697,ATTGTAGATGTTATTGATCAGAACAGGGTA,0.10103999999999999
1698,CACCAGAAGTATGTCCGACAAGCCTGGCAG,0.404099
1699,CCCTTTCTCTGGCTTCAATCTTCTTGGCCC,-0.622845
1700,TTTCTGGGCAGGAACCTTCTGGGCTGGAGC,-0.22424499999999997
1701,GTGGCTTTCTGGGCAGGAACCTTCTGGGCT,0.373411
1702,CTGCTTTCTGGCCTGTGGCTTTCTGGGCAG,-0.267323
1703,GAGCAGGCGCTGCTTTCTGGCCTGTGGCTT,0.559159
1704,GCTTTTGGAGCAGGCGCTGCTTTCTGGCCT,-0.025396000000000002
1705,GAAAGCACCTGCTCCAAAGGCATCTGGCAA,0.973043
1706,TTATGCTTTCTTGCCAGATGCCTTTGGAGC,0.12051400000000001
1707,AGGCTTGCCGTAAGTTGCACCCTTAGGAAC,0.008851999999999999
1708,TGAAGGCTTCGAGCAAACTTTAGCTGGTTA,0.334978
1709,TTTTTTCCTATTCTAGGAGCGAGCTGGACG,0.635455
1710,TCAGGATTTCTTCTGATAGCTTTATGGAAT,-0.277602
1711,TGGTTTGGTGATCCACTGGGTGTCAGGATT,0.5821970000000001
1712,AGCCCACGCATCTCCCTGTGCTTGTGGACT,-0.451817
1713,TGCAGGCCGAAAGAGCCGTGGCCTTGGAAA,0.36486399999999997
1714,AACTTGTGGCCCTTTCCAAGGCCACGGCTC,0.342725
1715,ATTGGTGGCTCTCGCCGGGCAGCTTGGAGA,0.241652
1716,CCTGAGTGAGAGTGAGACTCCATCTGGAAA,0.164199
1717,GATGGAGTCTCACTCTCACTCAGGTGGGAG,0.181455
1718,TTCTTCAGTTTCTTCTGGGATATCTGGGGA,0.159753
1719,TTTCTTCTGGGCAACCTCCTCTTCTGGTTT,-0.156325
1720,CTGGGCAACCTCCTCTTCTGGTTTAGGAAC,-0.005406
1721,CGCATCTTAGGTGCTTTGTTCACTTGGATA,-1.03512
1722,CCATTTTCTTTCAGGCCAAGCAATGGGGCT,-0.102144
1723,AACTCCACCATTGTAACGTCGGAATGGTAC,-0.175824
1724,GTTCCAATCTTCGTGTTCACTTTAAGGTAT,-0.492287
1725,TTATTTTCTAGCATGCAAATCAAGAGGTTC,-0.089817
1726,TGGCACGCTCGAACTTCCGGCCCTTGGAGC,1.028921
1727,AGCAGGACAGTGCCACAGCCCTTAGGGGAG,-0.011989
1728,GCAAGATCCTCACTTTCGACCAGCTGGCCC,0.22285500000000003
1729,CCCCCTGCCCTGAGGATGCGGCTGCGGGCC,-0.282235
1730,TATGTGCACTGCGCGTGACCAGCCGGGCCC,0.342167
1731,GCCCCCGCCAGCTCACCTTCAGTTTGGGTA,-0.271399
1732,CCATAACTGATGATGTGCGGGTTCAGGAGG,1.17248
1733,CCTGAACCCGCACATCATCAGTTATGGTCC,0.054285
1734,TAAGATCCGGAAGATGAAGCTTCCTGGCCG,0.36658
1735,AACCGGCCGCCTCTGTCCCTTTCCCGGATG,0.170297
1736,AGGTTGTTTATGAGTCGCACCAACCGGCCG,0.17083299999999998
1737,GGTTGAATGTGGAGTTGGTTCTTCTGGCCA,-0.377156
1738,CTTCTGGCCAGAAACCTGTATAACTGGAGG,-0.220239
1739,GTCTTCCCGTCCCTCCAGTTATACAGGTTT,-0.38311999999999996
1740,AGCACGCCATGAAGGCCTCGGGCACGGTAA,0.095354
1741,TCCACAGACCGAGACATGGGTGCCCGGCAC,0.457917
1742,TGGAGTGGGCTCGGGCGCGGTGCCGGGCAC,0.729108
1743,TCTCCTCCACCTTCATGATCTGAATGGAGT,-0.250907
1744,GAGATCGCGGCCAGCAAGTGCCGCCGGCCG,0.229437
1745,TGACAGCCGGCCGGCGGCACTTGCTGGCCG,0.152564
1746,CCAAGAGGCCCAACACCTTCTTCTAGGTGC,-0.27631999999999995
1747,GTGTCCTCCGCTGTGGCAAGAAGAAGGTCT,0.355864
1748,TATGCTTTCCCAGGTCAGCAGATCCGGAAG,0.068371
1749,GCAGATCCGGAAGCTCATCAAAGATGGGCT,0.084768
1750,CGCAAGCCTGTGACGGTCCATTCCCGGGCT,-0.24776700000000002
1751,GGAAAAACACCTTGGCCCGCCGGAAGGGCA,0.180751
1752,TGTGCCTGCCCTTCCGGCGGGCCAAGGTGT,0.943473
1753,TCCATGTGACCTTCTCTGGCATTCGGGCAT,-0.119521
1754,TCTCCTCATCCATGTGACCTTCTCTGGCAT,-0.08362
1755,AAACTTACGCCAGGAGCTTCTTGCGGGCCT,-0.466472
1756,CTTCCCTGACCAGTGACCAGGCTGAGGCCC,0.83526
1757,ACCTGCGGGCCTCAGCCTGGTCACTGGTCA,0.51154
1758,CTTCACGGCGCTTGCGTGCTTCCTTGGTCT,-0.8324940000000001
1759,GCAAGCGCCGTGAAGAGCGCCTCCAGGCCA,0.749473
1760,AAGTCTTGATGATCTCCTCCTTCTTGGCCT,-0.38305500000000003
1761,TTCACACGTTTCAGGAAGCTATCTCGGCTC,-0.590633
1762,ATGCTGCCAGCATTGGATGCAATCCGGGGC,0.43633900000000003
1763,TTTTAATGCAGGTTCTGCCATTACAGGACC,0.5240560000000001
1764,CCTACCGGAAGACCCAAGGAAATCCGGAAT,0.874483
1765,ACACACACCTTCCTTCTTCGCTTTCGGCGC,-0.212081
1766,GGGAGCGCTCTTCCGAGGATATTTGGGCTG,0.000463
1767,TGATGATAGCATAGTGGTCAAGCCTGGGAG,-0.040372000000000005
1768,CAGCCTGTTTAATCTGGTGCTTGTTGGCTT,0.12568
1769,AGCTTCTTCACAGCCTGTTTAATCTGGTGC,-0.343008
1770,TACTTTATTCCTGCATCTTCTCAATGGTTT,-0.6392680000000001
1771,AGGAAGAAACCATTGAGAAGATGCAGGAAT,1.084812
1772,AAGCCAAATCTCGCCAAGTAGGAAAGGAAA,-0.341803
1773,TGGCGAGATTTGGCTTTCCGTTCGAGGATC,0.068459
1774,ATTGGCAAAGTAGTCCAGGTTTACAGGAAG,0.212439
1775,TGGACACTATAAAGGTCAGCAAATTGGCAA,0.044012
1776,CACACCTGAACTTCATCATCCTTTCGGATG,-0.258116
1777,TAGGGGCCACGTGAGCCACGGCCACGGCCG,0.628224
1778,CACTTACCTATGCGGCCGTGGCCGTGGCTC,-0.316848
1779,ACCACCAGCATTACCGCGGCCGCCGGGGTG,0.13758
1780,ACTTACTATTTGTCGAAGTTGATCCGGTGG,-0.42900900000000003
1781,TCTTCCTAGCCACCCAGGCTACTTTGGGAA,0.037642
1782,CCAACTGTCAACCTTGACAAATTGTGGACT,0.551221
1783,TCTTCTAGGGCTACTACAAAGTTCTGGGAA,0.308797
1784,GCCTTCACGATGACAGGCTGCTTTGGGAGC,0.442795
1785,CCTCAGCTCTTCTGCTGAAGAATTTGGCCT,0.202797
1786,TCTGGAAGCGGCCATGGCCAAACTTGGAGG,0.495522
1787,GTCAGGACCTGCCTCACCTTGCGGAGGGTG,-0.025249
1788,TGCGGAGGGTGAGCACCCGCTTCTTGGTTC,0.610204
1789,GACCAATGACTTTGTCATGCTGAAAGGCTG,-0.710383
1790,TTGATCAGCTTGCCGTCCTTGATAAGGTAG,-0.45768500000000006
1791,TGGCCAGGGCTACCTTATCAAGGACGGCAA,-0.138993
1792,CATTCAGATTTATAAGATTGGCCAGGGCTA,0.115899
1793,GGCCTGCGCAAGGTGGCCTGTATTGGGGCA,0.351404
1794,ATACAGGCCACCTTGCGCAGGCCTCGGTGG,1.107791
1795,GCAGCTTCTTGGTGTGCCAACGACTGGTGA,0.209752
1796,CAGGATGAGATGATCGACGTCATCGGGGTG,0.6532859999999999
1797,TCTCGCGGGCCCAGTCCAGCTTCTCGGCCA,-0.102072
1798,TCGGCCACAGTGCCTCCGTTCACCTGGATC,-0.411221
1799,CCTGAAGGCATAAATCTAAGAAGAAGGCCT,0.24555700000000003
1800,TGTGCTCAGCAAAGACAGTCTTGAAGGTCC,-0.389844
1801,GCAGGAAGCCGAGGGACCCATGTCTGGGAG,0.42026099999999994
1802,TGATCAGACAAGGCAAAGCGAAATTGGTCA,0.9274680000000001
1803,CCGCCTCACTCACCGTCTTCTTTGCGGCCA,-0.63466
1804,CCATCGTGGAAAGAGCTGCCCAACTGGCCA,-0.012570999999999999
1805,GCAGCTCTTTCCACGATGGCTTTGCGGTTC,-0.183113
1806,AGCACTTCCAGCTCCTTGACGTTGTGGACC,-0.5307649999999999
1807,TCCAGCTCCTTGACGTTGTGGACCAGGAAC,-0.39955
1808,AAGCACATGCTGCCCAGTGGCTTCCGGAAG,0.7182470000000001
1809,TACGAACCCTGTTGTCAATGCCTCTGGGTT,0.009789
1810,CTGACTGGTGCCGGATGAACTTCTTGGTTC,-0.102927
1811,ATTTTGGTGCTTTCCCAACCTTCTTGGTAT,-0.268342
1812,TCCAAAACAAAGAAACATGTCAGCAGGGCC,0.346957
1813,TGTCACGAACACATTTAGCACACATGGAAC,0.234477
1814,TTCCGCTGCTGCTTCTTGGTCTTCAGGTTC,-0.19112
1815,GCGGCGCATGGCACGTGTCTTCTTAGGCCG,-0.234699
1816,ATGGCACGTGTCTTCTTAGGCCGCAGGTCC,0.406018
1817,CGTGTCTTCTTAGGCCGCAGGTCCAGGGGC,0.593983
1818,TAATAACTGTGAGAACACGGGCAATGGATT,1.148901
1819,GTGAGAACACGGGCAATGGATTTCCGGACG,0.33922800000000003
1820,GCCTCACTTACATCTTAGAGAGCTTGGAGG,0.462032
1821,TGGAGGCCGCACCGCCTGTCACTTTGGCGA,-0.786608
1822,CCTGTCACTTTGGCGACGCGCAGCTGGGAC,0.572148
1823,CGCAGCTGGGACAGCTCCACCTTCAGGTCG,-0.007083
1824,CTTTGTGGCCCTTGTTGAGGCCCACGGCCA,0.6403369999999999
1825,TTGCTCACGTTCTTGGTCACTTTGTGGCCC,-0.492287
1826,TGTGCCTGGGCTTGCTCACGTTCTTGGTCA,-0.007779
1827,TGTCCCGCACGAACTTGGTGTGTTTGGTCA,0.201734
1828,TAAATTTGAGGGCCCGTTTGTCCTTGGAGA,-0.647943
1829,CCGATCGCACTTCCTCATGGGAGTCGGTAG,0.38048899999999997
1830,TCCTATATACTTCCGTTTGCCTCGCGGTTT,-0.6185069999999999
1831,GAAAGAAAGAAACCGCGAGGCAAACGGAAG,1.0250190000000001
1832,CTACCATGCTTGCGTGAGCGCTATCGGCGC,-0.102144
1833,CCTTCTTGTACTGTGTCACTTTATGGGGTT,-0.245727
1834,CTTCCTGTCATAACGCCGCTTTCCTGGGAA,-0.062403999999999994
1835,TGCATATCCTTACGGCAATTAACTGGGAAA,-0.9980530000000001
1836,CAGCATCCTCTTGGATCTGCAGTTAGGCTC,-0.1885
1837,TTCTTTGTGGTCTTAGCCTTCTTCCGGAAA,-0.032418
1838,TTCCGATCATAGCGCCTCCTTCCCTGGGCA,-0.586495
1839,GATTCTTTGTATGCCCAGGGAAGGAGGCGC,0.5511149999999999
1840,CGATCCCGACTTTCTTGGTACGTTTGGCCT,-0.341875
1841,CTTTCCCTCTAGGTTTGGCAGTGAAGGAAC,0.21175700000000003
1842,ATCAAATTTAAGAGTTTATGCAGCAGGCTT,-0.331073
1843,AAAACTCCACTCACATTCCTGGCCTGGCGA,-0.10192799999999999
1844,TCACATTCCTGGCCTGGCGAAGAATGGTGT,0.535976
1845,CTGGCCTGGCGAAGAATGGTGTTCCGGCGC,0.067874
1846,TGCTCGAAGGGCTCTTTGGATCTCTGGGCT,-0.100132
1847,GATCTGTATTAATCATCTTGTGCATGGGAA,0.10732799999999999
1848,AAGTTAGATGAATTGTACGGCACTTGGCGT,1.107314
1849,TGCATTTGGACTGAAAGTGCTTTCCGGAAG,0.374731
1850,ATTATCCTCATTATAGATGATGCACGGGCC,0.172817
1851,TTCAACTTTATCTTCAACTACCAAAGGAAG,-0.06278099999999999
1852,GGTTTTTGTTAGGTCATCGTATTGAGGAAG,0.065012
1853,AGTGCTGGTAGGGCTGAGGCAGCCAGGGCA,0.584477
1854,TCACTCTACGATGCCAACGGCGCCAGGTTT,1.09494
1855,GTCATCAGACTAGTGCTGAGTCTTGGGGTA,-0.24691100000000002
1856,GGTGTGAACAAAGTTCACAATATCTGGTCG,0.76669
1857,ATGTCACTTTGCCTGCTGTATTCAAGGCTC,-0.732376
1858,GGTTTGTTAAAGTTGTTAAGAATAAGGCCT,0.288432
1859,CAGCATATTGTACTGGCCTGCTGCTGGCCC,0.489991
1860,TGTACTGGCCTGCTGCTGGCCCGCAGGGTA,-0.070408
1861,GTACTGGCCTGCTGCTGGCCCGCAGGGTAT,-0.049194
1862,TGTGGAAAGCATTGATGGTCAGCCAGGTGC,0.032262
1863,TAGCGCATGTAATCTGCAACATTCTGGCCC,0.250523
1864,TCTGTGTCGAAGATCTCACCTTCCTGGTGT,0.241153
1865,CGAAGATCTCACCTTCCTGGTGTCTGGGCT,0.575782
1866,GTTGAAGTGGCAATGACAAATTTCTGGTGT,0.509254
1867,AAATTTCTGGTGTGTTCTTCGTAGAGGAAC,-0.9566540000000001
1868,AATAAGCCACTAGCCAGCTGCTTCAGGAAA,0.7751279999999999
1869,GGCGTCCAGTGAGGATGATCAGAATGGTCC,-0.270676
1870,CAGTTTTCTCACGTGCTGACTGAAGGGTTT,-0.597779
1871,CACATCTTCAGTAGGATAATATCTAGGCTG,-0.7117020000000001
1872,ATTCTTCTAATAAGCCTGTTGATCTGGTCC,-0.8322579999999999
1873,TAACGCTTTGATTGCTCGATCTCTTGGTAG,-0.40379299999999996
1874,TTAGTTCATTTACTGACTTCAGATTGGGGT,-0.365537
1875,AACAAGGCTTCGATTAACATGCTGAGGATT,0.311726
1876,ATGGAGTGAGCCCAAAGGTTCGAAAGGTGT,0.07417699999999999
1877,TGATTCTGATGACAAACGCCAATTTGGGTT,0.25032600000000005
1878,ACGTTTTCTTTCTGCCCAGCCGAAAGGAAA,-0.342602
1879,TCTGCCGCTGCAACCTGATATAGCGGGGCC,0.08705299999999999
1880,GCACTTTCAGCCGCTTATAGAGGATGGCTC,0.158183
1881,CACCTGTTTGGCGGTCCAGGGCCTGGGTGA,0.293221
1882,AGAACCTCACCTGTTTGGCGGTCCAGGGCC,0.664589
1883,GGCCAGCTTAAGCAGCTGAGTAGCTGGAAA,0.19984100000000002
1884,CTGCTTCTTCTCTTGCTTTGTCTCTGGTCT,-0.515169
1885,GAGAAGAAGCAGAGACTGTTGGCCCGGGCC,-0.546813
1886,CCCCTTTGCCAGCAGCCTTCTTCTCGGCCC,-0.8825379999999999
1887,GCATTATCAAGGGAAAGGCAAGACTGGGAC,0.698889
1888,AAGACAAAGGCGCTTTGGCTAAGCTGGTGG,0.13916099999999998
1889,TTGGCTAAGCTGGTGGAAGCTATCAGGACC,0.12037300000000001
1890,CCTCATCGTATCTGTCATTGTAATTGGTCC,-0.47862899999999997
1891,GGGTCTCATTGCTGCCCGCCGGACTGGACG,-0.16055999999999998
1892,AATGAGACCCACTTTGCGGCCAGCAGGGGC,0.603237
1893,GCCTTCAAGATGGGTTTGTCAATTCGGCCA,-1.1450639999999999
1894,GATACTCACCAACCACAGCTCTGTTGGCTG,0.105199
1895,TGTTGGCTGAGGAGATAACCTTCTTGGAGC,0.009153
1896,TTGGAGCCGGAGGGCAGCTTCACACGGGTC,-0.028031999999999998
1897,AGGGCAGCTTCACACGGGTCTTCTTGGTCT,-0.21851399999999999
1898,CTTCACACGGGTCTTCTTGGTCTCAGGGTT,0.220151
1899,TGGTCTCAGGGTTGTGGGAGATAACGGTGG,0.246299
1900,CCGGGCCAGCTTGCCACGGTCTCCAGGCTT,0.308548
1901,CGTGTGCTGCCTGGAGGAGAAGCCTGGAGA,0.695162
1902,GGGAGCACATTGCCAATGTTGAGCTGGGCT,-0.436093
1903,CCAGTTTGTGTATTGCGGCAAGAAGGGTTA,0.11429
1904,TCATTGCCGCCGAGGGCATTCACACGGGCC,-0.636356
1905,CGCTTCTTAAACCGATACGGATCCCGGAAG,0.991232
1906,CGCCCCTCGCCAAGGTGGTCTTCCGGGATC,-0.6009909999999999
1907,GGACATCATCCACGACCCGGGCCGCGGCGC,0.93463
1908,TGACATTGAGCTTGTTTCAAATTCAGGTTT,-0.172375
1909,CTTCAAGGATTAATTCATCTTTCTGGGCTT,-0.39550100000000005
1910,CATTCTCCTGGATAACAACGTTGATGGGGA,0.493604
1911,CATCAATGTAGAACTCAGCCTTCTTGGAAA,-0.10416600000000001
1912,CTTTCTCTTACAGAGAGGCGGATTTGGTCG,0.8124939999999999
1913,GGAAGATACTCACAAACTGGAATTCGGTTG,0.873444
1914,CAGCCCCAGCCTCGGCTTTCTTGTCGGCAC,-1.291819
1915,AGAGACTGGCAGGCCTCGGCCTAAAGGTAT,0.178271
1916,TTTAGGCCGAGGCCTGCCAGTCTCTGGACG,0.9142469999999999
1917,TGGACGGCTACGGCGTAGGGTGGCAGGCAC,0.927895
1918,GCAAACTGTTCCTTCACGTAGCCTCGGGAC,-0.14315999999999998
1919,ATAAATGGCAATCCGGTTCTTCTTAGGCAT,-0.604113
1920,CGGCCGGGAAGATGGCGGACATTCAGGTGC,0.374774
1921,TTCAAAACAAGAAGAGGGTCCTGCTGGGAG,0.005196
1922,GAAGAGGGTCCTGCTGGGAGAAACTGGCAA,0.929823
1923,AGACCGATGTTCTTGTAGTACCGCGGGAGC,-0.11692899999999999
1924,CTTCACTGGTAATGTGTCCATTCGAGGGCG,-0.405357
1925,CTGCCTCCACAGGGACGTCCAGATCGGTGA,-0.123302
1926,CCCACTGTGACGATGTCACCGATCTGGACG,0.225638
1927,ACTGCTTCTTGGTGCCGGCAGCCTTGGTGA,-0.09739199999999999
1928,ACCCGTAACCCACCGCCATGGCCGAGGAAG,0.104618
1929,TAACCCACCGCCATGGCCGAGGAAGGGTGA,0.547296
1930,CCTGGGCTCACCCTTCCTCGGCCATGGCGG,0.664037
1931,TAAGCATTGCTGCTGGAGGTGTAATGGACG,-0.070114
1932,GCAGCTTCGCGAATTCCACGTGCTAGGCCA,0.37389
1933,GGTTGATTTGGTGTTCAGCACAAAGGGCCT,0.07549700000000001
1934,AGCCTTACCTTAATTAGGTTGATTTGGTGT,-0.402416
1935,ATCCTTAGCAGCCTTACCTTAATTAGGTTG,-0.069453
1936,TTGGTTGCAGTTGTGTAGTAGTTAAGGTAA,-0.212519
1937,GTACACAGACAAATTTATGCGACCAGGGCA,0.392021
1938,TTGGTCTTATAATATCGAGCCAAACGGTGA,0.375163
1939,TAATATCGAGCCAAACGGTGAATCCGGCTC,0.589458
1940,CTTAATTAAATGGTAGAGATCTTCAGGAAG,0.17006
1941,AATTTTAAGAATTCTTAAGTCTAAGGGACT,0.176369
1942,CACTCACCGATCTGTGAAGGAGTAAGGCCC,0.22264499999999998
1943,TCTGTGAAGGAGTAAGGCCCTTCTTGGCCA,0.47495
1944,GCAGATTTACAAACTGGCCAAGAAGGGCCT,0.523442
1945,CCGATCTTCATACCCGAGCGGGCAAGGGCT,0.334893
1946,CGGCCCTCAGAGCCCTTGCCCGCTCGGGTA,-0.494055
1947,CGGGCAAGGGCTCTGAGGGCCGACTGGGCC,0.68295
1948,GTGATACCCAGCTCCTTGCACCTCTGGGCC,-0.040482
1949,CATATGCTGCTATGTTGGCTGCCCAGGATG,-0.12455799999999999
1950,GGTGGCTGAAGGAGAGAATGTATTTGGTGT,0.11742899999999999
1951,GCGGCGTGGACCTCGACCAGCTGCTGGACA,1.135991
1952,TGTACAGCTGCATCAGCTGCTCGCTGGGGA,0.370132
1953,TGAAGCGCCTGCGCAAGGCCAAGAAGGAGG,0.46909399999999996
1954,TCTCCATGGGCGGCGCCTCCTTCTTGGCCT,-0.49826499999999996
1955,CCGCAGGTGCGTCTTCACCACTTCCGGCTT,0.697741
1956,ACACCTTGATCTCCACCTGGTTGAAGGTCT,0.443611
1957,TGGTCTCCCGCAGCCCGAGATGATCGGCCA,0.28377800000000003
1958,CGATGCCGGGCCGGCCATGCTTTACGGGCT,-0.330404
1959,AAGGAAAGGCCAACTTACCCAAACTGGCGG,0.48851700000000003
1960,AATCTGCTTCCATCCCGCCAGTTTGGGTAA,0.536841
1961,GGTCTTTGAGTTGCACGTCAAATCTGGGGC,0.125133
1962,CTTACCTTGTTTAGCCTGCCTGTGAGGTTC,-1.08627
1963,GAAATCATTGATGACCACAGAGCTGGGAAA,0.618559
1964,AGAGGCAAACGCCAGGTGCTTATTAGGCCG,-0.552369
1965,TTTCTGGTAGCGAGCGCGGGCACCAGGGCC,0.7619779999999999
1966,TGAGGATGTCTTTGATCTCCTTCTTGGAAG,-0.526732
1967,AGGACCCATGCTCACTCACATTTCTGGTAA,0.023729
1968,TCACATTTCTGGTAATAGGCCACCAGGGCT,0.449956
1969,AGTTCCTGGGACTCACCATAAATCTGGGCC,0.041033999999999994
1970,TGGTGGTCACGTGGCCCAGATTTATGGTGA,-0.007711
1971,TGTAGACATCCGTGTCCGTGTAAAGGGTGG,-0.245429
1972,GCTTCTCGGCAAGGAGCGATTTGCTGGTGT,-0.085344
1973,CCCGCTGCAGTCTGTGCAGGTCTTCGGACG,0.12230799999999999
1974,ACTTCGGCAGTCTGTCCAACCTTCAGGTCA,-0.125501
1975,AAGCTTCAGCATTTCCTTAGTGTCAGGATC,-0.013724
1976,TCGTTTCCTTGTAGGTCTCAGCCTTGGATC,-0.359765
1977,CTCTCTCCTCCTCCTGCAGCTTGATGGAGA,-0.157102
1978,GAGGTATCTCCATCAAGCTGCAGGAGGAGG,0.8296049999999999
1979,CAGCTTGATGGAGATACCTCTTACTGGGCC,0.137498
1980,TCCACACGAACAAGCGCGTGTGCGAGGAGA,-0.18756199999999998
1981,TGATGACCCGGGCCGCCTTCTTCACGGTTT,-0.655626
1982,CTTACCCTACTTCACTTACCTTAATGGCAG,-0.779502
1983,CCTCAGTGAGTTCTCCCGCCCTCTTGGTGA,-0.14505099999999999
1984,CCAGTGGTCTTGGTGTGCTGGCCTCGGACA,0.56216
1985,CACTGGCCGCCGTGGCCGCACCGTGGGTGT,-0.154729
1986,TTGGACACACCCACGGTGCGGCCACGGCGG,0.131501
1987,CTTATTTCTTCTTGGACACACCCACGGTGC,-0.156047
1988,CCAGAGTCTCCGTGCAGCGGACTCAGGCTC,1.164482
1989,CTGTATTCACCAAGTCTCCCTATCAGGAGT,-0.360566
1990,TAGAAATGGCATCAAAGGTGGCCTTGGCTG,0.47696400000000005
1991,CACCTGCCACCAGCCTACCTTGCAAGGGAC,-0.040563
1992,CACGGATGGCGGTGGCCACCTCCTTGGAGC,-0.527854
1993,TTTTCGCAGGCATTTGTTGCTATCGGGGAC,-0.090375
1994,CCAACGACCGACGCGTACCTTAATAGGCAG,-0.011508
1995,GACCGACGCGTACCTTAATAGGCAGGGAGA,-0.418415
1996,TTAGTGGATGCCCGTCACCAAGTTGGGCCG,0.284529
1997,GCGGAGCTCGCGGAGGCAAGGCCGAGGATA,0.559821
1998,AATACACTTCTCAAAGTGTACTGCTGGCCC,-0.43774300000000005
1999,TGTACTGCTGGCCCTCTGTATCCATGGGTT,-0.723287
2000,CGGCTTGTTAGGGTGATTCGAATTCGGTGA,0.27318000000000003
2001,GGTGAATTGCCACCTCCGGCTCCACGGGTG,0.085523
2002,CAGCGAATAGGCTGCACGTGGCCGCGGCCC,0.061202
2003,TCGGGCACAGTTAGTGCAGCGAATAGGCTG,-0.097134
2004,GAATTTCTTAATGGCCTTGTCCTTGGGCAC,-0.532637
2005,TGTTTCGAATGACGAATTTCTTAATGGCCT,-0.761791
2006,AGAAATTCGTCATTCGAAACATAGTGGAGG,-0.003624
2007,AAATACTCACCGCAGGTCTAAATCGGGGTG,-0.25907800000000003
2008,TCAGCTCCTTACATGGGCTTTGGTGGGGGA,-0.151562
2009,TTTCACATCCATGAAGTAGGAATTGGGGCT,0.5014689999999999
2010,CTGCTTCCTCCTGAAGGAACATCCTGGAGG,0.364055
2011,TGATCAGCAGAGACTGATCTTTGCTGGCAA,-0.20863
2012,GACTGATCTTTGCTGGCAAGCAGCTGGAAG,0.324416
2013,AACTGGCTCACCTTATAATATTTCAGGACA,0.18798499999999999
2014,TAACTCATACAGTTACTTGTCTTCTGGTTT,0.030289
2015,GGAGGAGATGGGTGTCACCTCCATAGGCAG,0.034815
2016,GTGTCACCTCCATAGGCAGTGCCAAGGAAG,0.11041300000000001
2017,AGCTGTCTTCCTTGGCACTGCCTATGGAGG,0.031728
2018,AGGCAGTGCCAAGGAAGACAGCTCAGGTCT,0.58455
2019,CGGCACATATTGAGGCCATATTTCCGGATC,-0.6141
2020,CCGGCACGGTCTGATCCGGAAATATGGCCT,0.318808
2021,CCCAGAGGCTCACCTTCCTCTTCTTGGATA,-0.2124
2022,TTGTTTGGATTAGTTTGTCGCTGATGGCAT,0.416891
2023,ACAGAAATCATTATCTTAGCCACCAGGTAA,0.08200199999999999
2024,CCCCCCCAGAACACAGAATGTTCTTGGTGA,0.144803
2025,CTTGGTGAGAAGGGCCGGCGGATTCGGGAA,0.641712
2026,CAAAGGCTGCGAGGTTGTGGTGTCTGGGAA,0.630023
2027,TCATCAGGCCATCCACAAACTTCATGGATT,0.034305
2028,GATCATGCTGCCCTGGGACCCAACTGGTAA,0.343665
2029,GGGTTCCACAATGCTCACGTGGTCAGGCAG,0.591036
2030,TCTTTGGGTTCCACAATGCTCACGTGGTCA,-0.055532000000000005
2031,AATATTTCTTATATTGAACATAGCAGGTGC,0.057028999999999996
2032,TGCTATGTTCAATATAAGAAATATTGGAAA,0.24818800000000002
2033,TTCTTTTGTAGAAATTGCATCTGATGGTCT,0.15885
2034,TTACTTGCTTCGTCTGTTCTGTGTTGGTTT,-0.633646
2035,CAGCACCAACAGGTCCGCCAAATCCGGAAG,0.673829
2036,GTCTTTTGTCTCTCTCTTCAGCAATGGTGA,-0.849435
2037,CTTCCTGCCTAGGTAACCTGTGTATGGTGA,0.650241
2038,TGAATGATACCATTCAGATTGATTTGGAGA,0.003557
2039,TGTGCAAAGTGAGAAAGATCTTTGTGGGCA,0.030625
2040,AAACTTCTTACCCATGAATCCAGCAGGGTA,-0.118145
2041,TGGCAGCTCCAAAGCATTGGATGCTGGATA,0.44197200000000003
2042,GGAGTTAGTGAGGCGCTCCACAATGGGACA,-0.003438
2043,AGCCCCAGGCTCACCTGGTTCACACGGCGC,-0.698972
2044,CCCCTGCTGTCTTCCTAGGCCATCTGGCTG,0.27909
2045,GCTCCAGCTCGTCCTTCTTCTTAATGGCAT,-0.645467
2046,CTGCGTCTCTTCGCAATTTGTTCCTGGCGC,-0.18425999999999998
2047,ATCTTAGACTAACCTTCATTCTCTTGGCCA,-0.42953900000000006
2048,GCAATACGCCGCCGTTTGTGCTGCAGGACA,-0.331801
2049,CTGAATCTTGGGTGCTTTGGTCCTAGGTTT,-0.247509
2050,TGATACTACAGTGCCTCGCCGCCTGGGCCC,-0.041901999999999995
2051,ATGCAAATCTGAGCGTTCTCAACTTGGTTA,-0.42162799999999995
2052,CTCAGTAGCAGGCGGACACGGCCATGGGTC,0.355952
2053,TGTTTGTCGTTCCCACCACTGATTCGGACC,-0.159209
2054,TCATCGTCCACTTCAATGAGTTTCTGGCAG,0.518342
2055,CGAACTCGTCCGGCTTCTCGCCATTGGGCT,0.207554
2056,CGAGAAGCCGGACGAGTTCGAGTCCGGCAT,0.30911900000000003
2057,TTTTTTTCTTTAGGAAATTGAAGTTGGTGG,-0.12298800000000001
2058,GATTTTCTGGAAAGATTTCAGTTGAGGAAC,-0.382054
2059,TCCAATTCGCGTACTAGCCGGACTTGGATT,0.665882
2060,TTTTTCTCCAATTCGCGTACTAGCCGGACT,-0.0515
2061,TGCACGATGCCATCCTTGAGGACTTGGTCT,0.084315
2062,ATTTTTGTTTACAATTGAAACTCTGGGAAT,0.220847
2063,CCGCTTCCACATGCAGGCATCTCTCGGGAC,0.37566700000000003
2064,CTCATACTTCCGCTTCTTGTGGTAGGGCTT,-0.517999
2065,CGATGCAATTCTTCACCAGGGTCTTGGTAC,0.867066
2066,GGCAAAGAGTTGGAGTTCTATCTTAGGAAA,-0.746185
2067,TTGGTCGAGACGAGATTTCTCGAAGGGTCT,-0.43568900000000005
2068,TCTCGACCAAGAGCTGAAGCTGATCGGTGA,0.27368899999999996
2069,CTGGCCAAGATCCGCAAGGCCGCCCGGGAA,0.246538
2070,GTCAGCAGTTCCCGGGCGGCCTTGCGGATC,-0.142782
2071,CAGGCAACGCCCTGCTGCGGCGGCTGGTCC,0.9797739999999999
2072,CTCTCTAAGAAATCCTCTATCTTCAGGCCC,-0.048138
2073,GTGCTGATCCGCCAGCGCCATATCAGGTAC,0.466923
2074,GCCCATCCGAGGTGGTACCTGATATGGCGC,-0.15981700000000001
2075,GACTTCTCTCTGCGCTCTCCCTACGGGGGT,na
