AGGAGAAGGGCGGCGAGAAGGAGAAGGAGC	0.662409
TACGGAGAACGGAAAGGAGAAGGGCGGCGA	0.692453
GGCTGAGAAGGGTGATACGGAGAACGGAAA	0.878444
GGGTGTCTCCGGCCATAATGACCCAGGCTG	0.507212
GCTGGGAGGAGAAGATGCCCGGTGCGGGGG	0.681551
TGGATGTACTTCATCACTATCTCCCGGTTA	-0.124975
CTGGGAGAACAGGGTACGATAACCGGGAGA	0.160631
AGAGACGCACGGACGTGTCCCAGGAGGAGA	0.046636
TGGCCGGCACATCGTAGAGACGCACGGACG	0.496457
TACGATGTGCCGGCCAACTCCATGCGGCTC	0.012472
GTACTTGAGCCGCATGGAGTTGGCCGGCAC	0.230857
GCTGGGAGTTGATTGAGCCAACACTGGATG	1.072359
GAAACAGAACCGCATGAGGGAAAGAGGAAA	0.695968
GGAAAGAGGAAAGTGGAATCTCTGTGGCCC	-0.129330
ACAGGAGGAACTCGAGGCCGAGCATGGGAC	1.070640
TTGTAGTGGAACTTGCCTGTGCTGCGGTGC	0.160175
TATTTTCCGCAGACCTCCGCGCTCTGGCAG	0.557741
GGAAGAGGAGCTGCCAGAGCGCGGAGGTCT	0.526355
GGGAGTGGCGAGAGCACACGGAAGAGGAGC	0.453938
CCCGCAGGGAGTGGCGAGAGCACACGGAAG	0.317243
GCAACGCCTTGGCATCGCTCGCCCTGGGTA	0.195930
AGCATAGTGCTGACTTCACCAAGCGGGCTT	-0.147217
GGTCTGCAGGGCATGTGATATATGTGGTGC	-0.174969
GCTTGCTGCCGATGCTGTAGAGGATGGAGA	0.196200
CTGCCGATGCTGTAGAGGATGGAGAGGAAG	-0.054414
TAGAGGATGGAGAGGAAGCCGCTCTGGAAC	0.172405
TGTGCGGCCTGCAGCTGTTCCGCCAGGTTG	-0.235733
TGCAGCTGTTCCGCCAGGTTGCTGAGGGAG	-0.398081
GCCAGGTTGCTGAGGGAGGACAGGAGGGGC	-0.157132
AGGGCCTGTGGCAGAGTGCCCTGCGGGACT	-0.297625
GTGGTGGAGGAGCAGCAGGGCCTGTGGCAG	0.885821
CTTCCCCGTGGTGGAGGAGCAGCAGGGCCT	0.208662
CAGCGCCTCCTGCACGGCAAGCAGAGGCCG	0.245246
TTTCAGCAGAAGATGACTCAAGACCGGCCT	0.523141
CTCTTCAGCGACAGTATGACGAGATGGCAT	-0.643580
CGCCTCACTCACCAAGGGCCGCGCCGGGGT	0.280757
GGGTTCTGCACTGTCACTGCGCTGCGGTTC	0.228190
GAACCGTGTGAGAATCCCTAAGGCGGGGAA	0.173885
ACGGTTCCACGGCTCCAGGCCCGGCGGCAC	0.288193
AACTGGAGCGGCAGCGGGCACAGGAGGAAC	-0.047206
GGTGAACACGGCCAAAGGATTGAGTGGCGA	0.167970
GTGCGGAACATGGCGGAGCGCGGCAGGAAG	0.665143
GCTCAGTGCTGTGGCCTTGCTGGTGGGAGA	-0.696776
AGGAAGATGAGCAGGACTCAGAGGAGGTTC	0.024996
GGAAAATCTTCCGGACGACCGGCATGGTGA	-0.074949
TACCGGGTACCCGGGCTATGGCGCCGGCGC	-0.167856
GCGGCACAGAGGGCAGCGCTGCGCCGGCGC	0.370116
CAGAAGAAGGTCTGGCGGCACAGAGGGCAG	-0.150251
TGCCCGCGACCACAGAAGAAGGTCTGGCGG	0.410869
CACGTTTACAGCCGCAAGCACCAGCGGCAG	-0.060420
TCCTTCAGCTGCCGCTGGTGCTTGCGGCTG	-0.168458
GCAAGCACCAGCGGCAGCTGAAGGAGGCTT	0.511310
ACCAGCGGCAGCTGAAGGAGGCTTTGGAGA	0.749135
CACCATCATTGGTTACCATAAGAGAGGCAT	-0.112346
AGATTCATCCACAGACCATCATAGCGGGTT	-0.407871
TGGCTTCTCTCCAACCCGCTATGATGGTCT	-0.221752
TAGCGGGTTGGAGAGAAGCCACGAAGGCTG	0.353040
AGGCCATGAGAGTGATACCTTTGGCGGCGG	-0.172973
CTTCAGCAACATTTCCGCCGCCAAAGGTAT	0.947880
AATGTTGCTGAAGCGGATCTGGGCTGGCTT	0.099654
AAGCGGATCTGGGCTGGCTTGTCGCGGTCC	-0.006852
GGGCTGGCTTGTCGCGGTCCTGATAGGCGC	-0.350597
TCCGGGGTGCCACATTCTCGGGCATGGCAA	0.523873
AGGCGGCCGCGCTGAGCTCACTCCGGGCCC	0.196018
GTGCTTCTGCCCTAGGATAACGCTGGGGAG	-0.145493
TCGCGCGCAGCACCCAGGGTTCGGAGGTAA	0.368267
GCGGTGGATCGCGCGCAGCACCCAGGGTTC	0.263772
TGCTGCGCGCGATCCACCGCACGACGGCTG	0.612162
GTGTCGGTCGCAGCCGTCGTGCGGTGGATC	0.179683
AGTCGCTGCTGCGAGAAGAGGTGTCGGTCG	0.483952
TTTTGGAGTCGCTGCTGCGAGAAGAGGTGT	0.540121
GCGGCGGCAGCTGGAGGATGAAGAAGGAGC	0.433479
GTGCTTCACTGCCAGTTCTCCGCGTGGTAC	-0.541116
AAGAACGGGTACCACGCGGAGAACTGGCAG	0.557321
CGCCTCGGAAGAACGGGTACCACGCGGAGA	0.049489
TTCTTCCGAGGCGTTACCATCAAGAGGTGA	0.123966
TTCTTCCACTTCCTCAGAATGTGAAGGATT	-0.195088
GCCCGCGCCGCCATGAACCTAGAGCGGCTG	0.257923
GCCGCCATGAACCTAGAGCGGCTGCGGAAG	0.755729
AGCGCGTCCGGCAGTACCTCGACCAGGTGG	-0.101132
AGATAAAGTAGCTTCACTCTCTCGTGGTAA	-0.009377
GTTTTCGTGACCGAAGTGCATGGGCGGCTC	-0.090372
CCACCGAGTCGTACTGCTTTGCCATGGCCG	-0.567578
GCCTGCAGGGAGGTGTTCAAGGCCAGGCAC	0.128560
GTTCAAGGCCAGGCACCGCAAGACCGGCCA	0.521623
CCAGGCACCGCAAGACCGGCCAGAAGGTGG	0.347756
TCTATGATGCAACCTATGAGACCAAGGAGA	0.357738
GCAGCATCTTGACAAAGGTGGCGTAGGGGT	0.594576
CAGAGGAGGTGAAGAAGCGCAAGAAGGCGG	0.839819
CTTTATAATATGTTACAGAACCACAGGAGA	0.441183
AATTTGTCACTGATTCCAATGCAGTGGTTC	-0.266716
TAGCTGTGGAAAGCAAGGTTAAGTGGGTAT	0.199733
GCGATGTAAAGGGTACCAGTGCCGAGGCCC	0.473727
GCTGAACGGGAAGGGCCTCGGCACTGGTAC	0.403183
CACTGAGGCTGTGCTGAACGGGAAGGGCCT	0.394786
TCCTGCGGCAGCAGCCAGACACTGAGGCTG	-0.169342
ACGGGACCGGAGGAAGCAGCGGGATGGAGG	0.498864
CCGGAGGAAGCAGCGGGATGGAGGTGGATG	0.564418
CAGCGTGATGGCCTGCGGAGTGACTGGGAG	0.713570
CGGAAACACTCCCAGTCACTCCGCAGGCCA	-0.016272
GGTCTGAGATGTTGAGAATGACAAGGGGAT	0.162826
ACAACAGCGAGCGCAACCTGGTAGTGGCCG	0.831037
TGTTGTTGAAGAAGTTGCAGTACATGGAGA	0.571493
TGCAGTACATGGAGAACTCCAGACCGGTGG	0.006387
CATGGAGAACTCCAGACCGGTGGGCGGATG	0.887228
CCACGCTGGCGATGATTTCCTGCATGGCGG	-0.692630
AGTCAAACTTGATGTGGTCCACGCTGGCGA	-0.079042
ACATCAAGTTTGACTTGGAGATCGCGGTGG	0.290584
TGGAGATCGCGGTGGAGCAGCAGCTGGGGG	0.791871
CATGTGTCCGTTTCGCCACATCAGTGGTGA	-0.215898
ACAACTGTCTTCTCACCACTGATGTGGCGA	-0.106079
CCGAGGCTGAAGGAAGATGGCGGACGGCGT	0.981818
CCACATAGACATTTACGCGGATGTCGGCGA	1.288575
CGGATGTCGGCGAAGAGTTCAACCAGGTAC	-0.126367
CCCACCAACTGTTGGTGATGATGTGGGTAA	-0.168458
GAGAAGCTCCAGCTGCTGAACCACCGGCCT	0.061116
CAGCTGGATCTCCACAGCAGTCACAGGCCG	0.861982
GCAGGCAGAATGCTGGTGACGGTGTGGAGA	-0.267752
GCTCTGCAGGCAGAATGCTGGTGACGGTGT	0.791733
CCTCTGGCTCTGCAGGCAGAATGCTGGTGA	0.431653
CTTCTGCTCAGCCTCTGGCTCTGCAGGCAG	0.368922
GCCTGTCGACCTCTTGCTGTGCTGCGGCGA	-0.074515
TCATAGATCTTATCCAGCTCGCCGTGGCAG	0.094951
GAGATCTACAAGTATGAAGCGCCCTGGACA	0.380898
CCAGTTCATCGCGTAGACTGTCCAGGGCGC	0.488050
GTCTACGCGATGAACTGGAGTGTGCGGCCC	0.258692
GTCGACAATGGCCCGGAGCAACTCTGGCTT	0.171989
AGGAAGTCACGAAAGCCAGAGCTGTGGATG	0.409278
CTCCTATGTCTCCATCCACAGCTCTGGCTT	-0.175062
TCTTGGACTATGAAGATGATGAGGTGGAGA	-0.309378
CCTTCCCTTCTAGGGCCAGTGGGATGGCCT	-0.273845
GATGGCCTTCTCCTGGATCAGCGTAGGTCG	-0.088758
GCTGGTCGCGACCTACGCTGATCCAGGAGA	1.034287
TCCTAGGCTGTCACCGATCTGGGCTGGTCG	-0.262050
CGCCATGGAGGACTCTGAAGCACTGGGCTT	0.644430
ATAGAGGAGATAGAGAGCGAGAGAGGGAGA	1.052620
TCGAAGAGTGCGAGGATGTCCAAGCGGCAC	-0.734774
TGATGTAGTGCTGGAAGTTGGACCTGGAAC	0.384129
TCTTACAGGACTCATGTTCAACACGGGGAT	-0.160135
TGCCGAGATGCCGAAGGTCAAGTCGGGGGC	0.386228
CGATTTAGCAGAAAGCAAACGGCTTGGCTG	0.096838
TCTGCTAAATCGACACTGATAGACCGGCTG	-0.086680
ACGATGACCACCCTGGGATGGAGGTGGTGC	0.463107
CTGCATGAGGTGGAGACAGCCCAAGGGCAG	0.180442
AAGCATGTGGTGAAGGAGGTGCTAGGGGAG	-0.044540
CCTTCACCACATGCTTCCTCTTGGTGGCCT	-0.295739
TTCAGCATGTCTCAGGCCACCAAGAGGAAG	0.068000
CGGCGCGAAAGCGGCTGCTCAAAGAGGAAG	0.007579
CGGCCACGATGGCGACCTCGGGCTCGGCGC	0.217666
CCCCGTGGTGCACGCGTCTATCGCCGGCTG	-0.470345
CACCTACTGTCTGGTAGCGATCGGAGGCTC	0.226264
CGATCGCTACCAGACAGTAGGTGTTGGTGA	0.660088
AGGGCACTGTCGGTGAGCTTCACGTGGAAC	0.103022
GCGGGCGGGTTAGCGACGGCAGCAAGGTGT	0.401219
GCGCTGAAGGAGGATAGGAGCTACGGGCTG	0.900494
AAGATGGCGGCGCTGAAGGAGGATAGGAGC	0.624908
TAAGATGGCGGCAGTGGCAACCTGCGGTAG	0.317250
CAGTACTCGCGGCAACACTACCGCAGGTTG	0.271419
CTGCGGTAGTGTTGCCGCGAGTACTGGGTC	0.648827
TCGCCACTGCAGACCCAGTACTCGCGGCAA	-0.270492
GTTATCGGCAGGCATATCCGCTGGAGGTGA	0.579952
GCACCGGGAAGACAGTATCCCTGTTGGCCC	0.156390
GTCCTGGAGATGCCCTCAGGCACCGGGAAG	0.800038
TCATGGAGTCCTGGAGATGCCCTCAGGCAC	0.308608
TCAAACGCACGCTGGACGCCAAGGTGGGTG	-0.080798
ACATGCGGGAGCTCAAACGCACGCTGGACG	1.143875
GGCGCCAAGATGGCGATGGAGATGAGGCTT	-0.055923
TGGCGATGGAGATGAGGCTTCCAGTGGCTC	0.032885
ATCACTACGGACACAGGATTCATGCGGTAC	-0.295682
CGGGGCTGGAGCTCTTGTCGGACCAGGGCT	0.705872
GGGGAGCTGCGCAAGATCCAGGCGCGGATG	0.221719
AGGCGCGGATGGGCGTGTTCGCGCAGGCTG	-0.108151
GATGGGCGTGTTCGCGCAGGCTGACGGCTC	0.460921
GCGTGTTCGCGCAGGCTGACGGCTCGGCCT	-0.687693
TCGCGGCGCCCTTGTATTGAGCCATGGCAG	-0.168006
CTCAATACAAGGGCGCCGCGAGCGAGGCCG	0.415789
AGCGGGAGAAGCAGCGCGAGCAGATGGAGC	0.429290
TGGAGCAGATGAAGCAGCGCATCGCGGAGG	0.557919
GATGTCATTCTCCCGGATGGCACTGGGGGC	0.356376
AGCTCTTGATGTCATTCTCCCGGATGGCAC	-0.434573
CGGCTTGCCATCAAAGACATACACGGGCTT	0.437708
CTCCGGCTTGCGTGCGGAGATGAGCGGGTC	0.035401
GCGTGCGGAGATGAGCGGGTCCCTCGGCCG	0.331856
TGAGCGGGTCCCTCGGCCGAGCTGCGGCGG	0.737318
AGCAGTTGGACGCGCTGGTGAAGAAGGACA	-0.037592
TGGACGCGCTGGTGAAGAAGGACAAGGTGG	0.678920
CTGAATGAAATCCATCTACTGCCCTGGACT	-0.301977
GGGAAAACAAACTAATGCAGTCCAGGGCAG	0.949515
CATTCAGATCCCACATCAATAACCCGGTCA	0.243547
CTTAGGTGACCGGGTTATTGATGTGGGATC	-0.183740
CGGTGATATGATCTGTCCTGAATGTGGCTT	0.393081
CACATTCAGGACAGATCATATCACCGGCTC	-0.371996
GATTTTAGTGGAGGACTACAGAGCCGGTGA	-0.087406
GCCGTGAAGATGGCGTCTACCAGCCGGTTA	-0.065498
CTGTGTCTGCCAGCGCTGTGGAGCCGGCTG	0.048798
CGGCTCCACAGCGCTGGCAGACACAGGCCA	1.004357
GTTGTTGGACGAAGTCGCTCTGGAGGGGCT	-0.176194
CGACTGAAGTAGCAATGGACGCGCTGGAGT	0.495181
AAATTACGGTGGTGCCGTCCGCCAAGGTAG	-0.378169
CCCGGGGCCGCCTACCTTGGCGGACGGCAC	0.319503
TTTCGTTGAGTCTTCGACAACGTGAGGTCT	0.162102
TTGGTAATGTTTATGAATAACGGTTGGAGT	-0.032281
GTTAGAATTTGTGAAAGTCTATCATGGTAA	0.144937
GAAAGCAAGTGAATACGAGTCAGAAGGTGA	0.567187
TGGAACCAGTGCTAGAGAGATTGGCGGGGG	0.345130
ATCAGTCCTTAGTAGCACTATCAGAGGTGA	-0.232474
CGAAGGCGGTGTCCCTGTCGATTGTGGCCG	0.488401
AGATAAGAGGCTGGCATCACTTTGAGGGAG	-0.372484
AGAGGCTGGCATCACTTTGAGGGAGGGCGA	-0.143695
GGGAGGGCGAGTCGTTGCAGCTGCTGGGCT	1.046248
CGAGTCGTTGCAGCTGCTGGGCTAAGGACG	0.702848
AAAAGCAGCATGCATAGCTGTTCAAGGGCT	0.399685
TACATTGCTGGAATGGCTACAGATGGGACA	-0.134966
CAGATGTGGACCCAGATACATTGCTGGAAT	-0.037526
CCAGAGAAGGCAGACCAAGTGGCGAGGCTT	0.317186
TCTTGCTCGGCCGATGAAGTGCAGAGGTTT	0.018513
CGTAAGAGACGATGATGTTGGGCACGGAAG	0.244344
GACCGCGTAAGAGACGATGATGTTGGGCAC	0.223182
TGAAGTACCTCAGATATAAGATCAAGGATG	0.299293
AATGAGCCTACCTCTTCCAAGGTAGGGATG	0.570921
TCTTTGTATCTTCTCCAGAATGCTGGGGCA	-0.222437
CCCCTTCAGGAGTGAAGGCGACATAGGACG	0.494980
AAGGCGACATAGGACGGCGTGATGCGGTTG	0.592297
TGATCGTTGGCGATGATCTCCACGCGGCCG	-0.308498
AGGAGGAGGACAAGAAGGAGGACGTGGGCA	0.974367
CCGCGCTGAGCAGCAGCAGCATCGCGGCCA	0.432367
CTTCCATAACTGCCACGCAGGAGTTGGTAG	0.679062
ATTTGGGTACTACCAACTCCTGCGTGGCAG	0.106034
GTCTTACAGATCAGAAGCAATCAAGGGAGC	0.149699
CGGGAGGCTGCGGCGCCCACGAGACGGGCT	0.398713
CCGAGCTGCAGCAGCCCGTCTCGTGGGCGC	-0.666220
CTGCAGCTCGGCTGGCACTTATCATGGCGG	-0.375487
CTCAAACATACCACAGGTAAGCCATGGCAA	0.206029
GATGGGATTGCCATGGCTTACCTGTGGTAT	-0.119105
GTTACAAGATATGCTCACCAGAGTGGGTTT	0.287075
GCCTCACTATGGACATATACTTGCGGGTAC	-0.137090
ACCTGTTAGATTTACCTTCTATGATGGTCC	-0.869387
GCCAGGGAGGGAGCAAAGATGGAGCGGCGG	0.346255
AGATGGAGCGGCGGGAGGAGCAGCCGGGGG	0.728420
CAGCACCAGCCTTGGACTTCACTGTGGAGA	-0.631669
CCACGTTCTCCACAGTGAAGTCCAAGGCTG	0.400054
ACTTCACTGTGGAGAACGTGGAGAAGGTAT	0.169779
GAGAATAAGAACCTGGCTCAGAAGTGGCTG	0.113701
GCACTATGGACCCAGCCCTGCGTGAGGCCG	0.345285
TTACTTCATTGAGCTGGCGCTCCGCGGCCT	0.392878
CCGGGCGTCCTTACTTCATTGAGCTGGCGC	-0.277264
TTGGCCTGATCGAGAAACAGCACCAGGGGA	0.916340
GAATGCATGTAGTAAGCTGTACCCTGGAAG	0.356896
TGGCTAATGAGCTGGAGGCAATTGCGGAAC	0.151529
CCCATTCAGTGGCTAATGAGCTGGAGGCAA	0.295754
CTTGATTGCATCTTCAGCCAGCACTGGAAG	0.719429
GAGGGCTGCCGCCTACCCGTGCTGCGGCGG	0.610401
TCCTGGTTCCGCCGCAGCACGGGTAGGCGG	0.120118
CCTTCACGCTCAGGATCTCGGCCAGGGCTA	0.289750
TGATGTCCTTCACGCTCAGGATCTCGGCCA	0.543621
CTGAGCGTGAAGGACATCAGTGGCCGGAAG	0.706845
GCGGGCCTTTCAAACATGGAGGAGCGGGAG	0.265053
CGGGGCGCGTACAGGGCCAGCAGCGGGTCG	0.819737
TGGGGTAGGGAATGGGAGGCAGGCGGGGCG	0.355059
GCCCGCTGGGTCACCTGTAATTGTAGGCGC	-0.475901
CGCTTGCTCTCTCTCAGCATCGCCCGGTAC	0.490208
GCGCACAAGTGTTATCTCTGTACCGGGCGA	-0.012571
GCTGTCCAGCGATGGATCCCACCGCGGGAA	-0.151317
GCAAGAAGGAGCCTGGAGGAGGCGCGGCGA	0.514068
CTCCTCAGTCGCCGCGCCTCCTCCAGGCTC	-0.340289
CTGGAGGAGGCGCGGCGACTGAGGAGGGCG	-0.038887
CACTATGCTGAATTCCTCAATGGAGGGCGG	-0.077343
GTAAGGTCTCCAGCGCCTTCCTGCTGGTGG	-0.196721
CTGGGGCCACCAGCAGGAAGGCGCTGGAGA	1.211853
TTGGCTTTGTGTCCTTGGCGCCGGTGGCCT	0.469927
GTAATCGGACTCAACCTCTACTGTGGGGGG	-0.480771
CCGACTTACTCCTCCAAGAAGTCCAGGAAC	0.237863
AGAAACTGTTCCTGGACTTCTTGGAGGAGT	-0.858513
CGCGGACCTCCAGGTGCTGGCTGCCGGCGC	0.544276
ACTAAGCAAATATGGACCTCGCGGCGGCAG	-0.076162
ACTTGTCCGCGCCAGGAGGAGCCGTGGCCG	0.311199
GCTTTCCTGGTCCGAAGCCGAGTGCGGTTG	0.643319
TGCTGCGGTAGGAACATGGCGGATCGGCTC	0.063365
TGGCGGATCGGCTCACGCAGCTTCAGGACG	1.251382
CTGAATATTATTGAAAGAGGCAGGAGGACC	1.016040
AGACCAGCCAGCTAACCCTACAGAAGGTAA	0.348831
ACTGACGACAGATGCTGCCCGCATTGGTGC	0.414088
CTCAGATGGTCAGGGACTACCTCATGGCTG	-0.374922
CTGTGTGTTACAGCGGCAGACTGAAGGACG	0.616804
CAGTGCTATAAAGCCCAACAAGGATGGATT	0.254996
CTTCTCAAAGGAGAAATCTACCCATGGATG	0.032001
TCAGTGAAACGGTATAATCGGAATCGGACA	0.539208
TCTGTTGCAGACTGGAAATAGCAAAGGCTA	-0.170912
CAGTTTGGCACTGTGACACGGTTCAGGCTG	0.947553
TTCTCCCAGTTTGGCACTGTGACACGGTTC	-0.497608
GAAAAGATCTGGGTTTCGTCAAGTAGGTTA	-0.226669
GATCTGGGTTTCGTCAAGTAGGTTAGGTAG	-0.084571
TTCCTGCGGATTAAGCGACAGGATTGGCCC	0.053518
TACCTCTGCAGCGGAGCCCTTAAGCGGTAG	-0.209682
TTCTGGAGAATCCTACCTCTGCAGCGGAGC	-0.050437
GACTGACAGCTTAGAGCTGGAGCTGGGGAC	0.223534
CGTTCCTGACTGACAGCTTAGAGCTGGAGC	-0.283366
GTCTGGCGTCGACGGACCCTGGAGCGGTGT	0.081352
CGACTTCCGTCAGACACCGCTCCAGGGTCC	0.414513
CCTGGAGCGGTGTCTGACGGAAGTCGGCAA	0.892417
GTCTGACGGAAGTCGGCAAAGCCACGGGTC	0.118502
ACGGAAGTCGGCAAAGCCACGGGTCGGCCC	0.500891
TGAGGAAGCACTCGGGCCGACCCGTGGCTT	0.541364
GGGGGGATGTCTCGGCGGACGCGCTGGTGA	0.200576
ACAGATTCAGATGTGCCGGAGCAGAGGGAT	0.399512
AGTGCAAGGTCAAATGGACCCATGAGGAGG	0.155532
TGGTGTTGGCAGGACGAGCAGCTGAGGGCC	0.032231
TCCTGTTGGTGAAGCTAACGTTGAGGGGCA	-0.035522
CGTAGTCGAGGTCATAGTTCCTGTTGGTGA	-0.241471
GGAACTATGACCTCGACTACGACTCGGTGC	-0.013144
TACGGCTGCACCGAGTCGTAGTCGAGGTCA	-0.203601
TGCAGCCGTATTTCTACTGCGACGAGGAGG	0.014287
ACCAGAACCAGGCGAAGCTGGTGGTGGCGC	0.600348
TGGCGCTGAGCCGCACCTACCGCACGGTAA	-0.045291
GGCGCACCGGAGGGCAGCATGTCGCGGCGG	0.032678
CTTCTAGGTTGCTCTCCAAAGAGCAGGCAC	0.262479
CTTTGGAGAGCAACCTAGAAGGCTTGGCTG	0.288534
TCGCTATCTTCTCAAACATGACACGGGTCT	0.492755
TTGGGGAGAATCTTCAACTGCTGGTGGACC	0.724318
TCAACTGCTGGTGGACCGGCCCGATGGCAC	0.183978
GGTCGTTGTGCAGACGGAAACAGTAGGTGC	0.202917
CACAACGACCGGGTGTACTATGTGAGGTGA	-0.153208
GCGTGGTCCCAGGCATGTCGGATGTGGGAG	0.650771
AATGCTCGACGGAAGGCAGCGCCGCGGATC	0.214443
GTGCGGTGGTCAGCGCGATGCCCAAGGCCA	0.355632
CGAGCGGGCGCGCGAAGATGGCGGCGGCCG	0.541074
TCGACCCGCTCCGCACCTCACACACGGCCC	0.057327
TTTTGCAGGAGCAGTAGAGAACTGTGGACT	0.462727
GCACTGGAACACAGCGCACCTCTCAGGCTG	-0.080942
CTGCCGTCTTGGCTGCAGCCTGAGAGGTGC	-0.178379
CACCTCAGCATGTCGGGCTCGGCGAGGCCC	-0.239000
GAACTCACCTCAGCATGTCGGGCTCGGCGA	0.611545
GCAGAGGAGTACTTGCGCCTGTCCCGGGTG	0.694286
CGGAGAGGCCGACACACTTCACCCGGGACA	-0.014432
GTGTCGGCCTCTCCGCACGCACCACGGAGA	0.531100
CACTGCTGGTCTCCGTGGTGCGTGCGGAGA	0.047561
ATCTTCGTTCAAATGGCTATGAAGAGGCAT	-0.200306
TTAAAAAGGAAGCTGAATTAGATGTGGTAT	-0.058117
GAAAAATATGCATTGAGTGGTCACAGGAGT	0.828786
CTTTGAATGCATCAGAACCATGCACGGTAA	0.311440
ATGATGGCTACTGAAGAAACATTGTGGTCA	0.389493
CCGCCCGCCGCTCGCCATGGATGCCGGTGT	0.494279
CACTTTCAGTCACACCGGCATCCATGGCGA	-0.068522
CATGGATGCCGGTGTGACTGAAAGTGGACT	0.154865
GGGAGTCGGTTAAGAGGATCCGCGAGGAGA	-0.334490
GGTTAAGAGGATCCGCGAGGAGAGTGGCGC	0.838253
GCGGCGCAATGTCAGAGCAGACGCCGGCCG	1.206892
TATTGATGTGCGGCTTGCTATTGAAGGTCA	-0.112587
TAGAATGGTCAGCATATTGATGTGCGGCTT	-0.143804
CCTTGGCGAAGGGCAGGTTCTCCTCGGCTA	-0.093958
AGGGTGAGCTGCACCAAAGAGACGTGGGAC	0.548609
GGCCTGCTGGGATATTAGCTCCAGCGGTGT	-0.141244
TTGAGTGCCTCCAACACCTTCTTGAGGATG	-0.003021
TGGTCCAGGGCTCCATCCTCAAGAAGGTGT	0.010945
CATGTTCGAGGCGCGCCTGGTCCAGGGCTC	0.392015
CCTGGACCAGGCGCGCCTCGAACATGGTGG	0.382088
TTGAGCAAGAGCAGCGGCGCAGAAAGGTGG	0.442669
GAAAGGTGGAGGCCGGGAGGACGAAGGTAA	0.930597
TCAGGCGTTTGATCATCTCGTCCGTGGTGA	0.583921
CCGTCGGCACTCACGACGCCACAGAGGGCA	0.038289
TCCAGCCAGCTGAGGTGGGTGTCCTGGTTG	-0.121430
GTTCCTCTTCCAGCCAGCTGAGGTGGGTGT	0.617428
CCCGGGGACGGCGGCCCAGACGGAGGGCGA	0.246918
ACGCCTACATCGACAACCTCATGGCGGACG	0.161666
GGTTGTCGATGTAGGCGTTCCACCCGGCCA	-0.405262
TGAACACAGATTCGCGCACACCGTAGGCCA	-0.255139
CAGATTCGCGCACACCGTAGGCCACGGCGC	0.408724
CGCGCACACCGTAGGCCACGGCGCCGGCCC	0.284923
GGGCACGGCCCTGAAGCTGTTGCTGGGGGC	0.026863
CAGAACTTGAAGGACTTGGCGGGACGGCTG	-0.122141
CCAGCTGCTGGGCGGATGCGGACATGGTCG	0.081823
GCAGCTCCTCCGCCAGCTGCTGGGCGGATG	0.094297
GCTGGCGGAGGAGCTGCAGATCTTCGGCCT	0.433628
TGCAGATCTTCGGCCTAGACTGCGAGGAGG	-0.393873
TCAATTAGAGCCTCCTCGCAGTCTAGGCCG	0.021563
AGTGGTAGAGCTTTGTGTTCAGTATGGACA	-0.216589
TTTGTGTTCAGTATGGACAGAATGAGGAGG	0.900943
TGGACAGAATGAGGAGGGAATGGTAGGCGA	0.138211
GTGTGCAGGTGGCCACATGGATCCTGGCAG	0.901212
TCAAGTGCTTTAGGCTAGGCCCGCTGGGCA	0.157138
AAGGCAGCGTTGCAGGAGCTGACGCGGGCG	-0.228609
CAGCGCGCCTGCCTCCGCCATGCACGGGGG	0.415912
TGGACTCTCTTGATGGTGCGCAGCGGGCAT	0.087210
GCGCACCATCAAGAGAGTCCAGTTCGGAGT	0.115232
TCATCCGGACTCAGGACTCCGAACTGGACT	-0.242479
TCGGAGTCCTGAGTCCGGATGAACTGGTAA	0.368647
GACAGAGCCGCTTACCAGTTCATCCGGACT	-0.301349
CTTTGCAGAAGCGAATGTCTGTGACGGAGG	0.166461
GCATCAAATACCCAGAGACGACTGAGGGAG	0.718848
CCGTGATCCGCACGGTAGGCTGGTTGGCGT	-0.162198
AGTGAGCTCCGTGATCCGCACGGTAGGCTG	0.206774
AGTTCATCATCGAGAACACCGACCTGGCGT	0.122047
CGATTCGGAGGGTCTTCATCGCTGAGGTTC	-0.322501
CTTTTAGCACTCACCTACGAACACTGGCAA	0.587602
GCACTCACCTACGAACACTGGCAATGGTCT	0.520404
ATCCGCGGGCTGGCGACGTAGAGGAGGACG	-0.300065
GGCGGGTGGCAGCGATCCGCGGGCTGGCGA	0.615188
ACGACCGTGGCTATCTGGTGACCCAGGACG	0.495824
CTCTCTGCAGCTGTGCCACGACCGTGGCTA	0.417419
ACCAGGCGCGGCTCACCTGCATGATGGTCT	0.229459
ATGGACGACGAGGAGGAGACGTACCGGCTC	0.273165
CGGAGGCTGCCATGGACGACGAGGAGGAGA	0.055929
CGGTGAAGCAGAAGCTCTTCACCGAGGTGG	-0.491221
TGCTGGTGTGATCCAGCCAGGCCGAGGCTT	0.809988
GCGCTCACCGCGTAGAGCAGAATGCGGTTC	0.824757
CCGCTCCCTCCGCCTCACCATTCCTGGCAG	0.258757
GTGGGTATTCGCTTCTGCCAGGAATGGTGA	0.569272
GCTTCGTGGGTATTCGCTTCTGCCAGGAAT	-0.521548
CGGGACTTACGAGCCGGGCTTCGTGGGTAT	-0.119732
CGAAGCCCGGCTCGTAAGTCCCGTCGGGCT	-0.439336
GCTCGTAAGTCCCGTCGGGCTCCATGGCGA	-0.077388
CTGCGCGTCGCCATGGAGCCCGACGGGACT	0.282982
ACACAGGGATGCGCTGGATGCCCTGGGCCT	0.390482
GCTGCTGCAGGCCGAGTACACCGAGGGGTG	-0.175999
GCAAGATCGTCGGCAACAAGTGGGAGGCTT	0.530862
CTGCTTCACTTGTGGCAAGATCGTCGGCAA	-0.301650
CATCCCTGTACGCTGCTTCACTTGTGGCAA	-0.362798
TGAAGCAGCGTACAGGGATGATCATGGCGG	0.155937
CGAGCCGTGGGCCCAGTACCTTGTTGGCCA	-0.265129
AGCTGAACAAGAAGTTGGCCAACAAGGTAC	-0.029448
TTGCCGAGGAGCTGAACAAGAAGTTGGCCA	0.700516
ACTTCTTGTTCAGCTCCTCGGCAATGGAGT	0.230267
CTGGTGGAAATGGTGGACACCGTCCGGATC	0.606958
GGATGTTCGTCCTGGTGGAAATGGTGGACA	-0.105001
ACTGAAAGAAGTGGATGATGTGCTTGGTGG	0.249046
ACGTGCACAACATCACCCGCAAGGTGGGAC	0.867448
CCTTGCGGGTGATGTTGTGCACGTAGGGGC	0.109516
CGGGAACGGGCTGATCGTGGAGGAGGGACA	0.659726
CCGGCTGCGGGAACGGGCTGATCGTGGAGG	0.651400
ACAGCAGCATGGGACAGTCAGGGAGGGTAA	0.275881
TGCGGGTTCGCGGCATAGGCCTCGAGGTTG	0.384308
CGAACGAGTGCGGGTTCGCGGCATAGGCCT	0.239419
CCTCGCGTGAACACGAACGAGTGCGGGTTC	1.097466
GGGCGGAGGAGGCGCCGCCAAGACAGGCAT	0.610361
GCTGCTCATCGCTGCGGGCGGAGGAGGCGC	0.326589
CCGCAGCGATGAGCAGCCCAGTGCTGGGGT	0.859181
GGGGTCGACCTGAAGCGCGTACAACGGGAA	0.352461
GACCTGAAGCGCGTACAACGGGAACGGAGC	0.616479
CGGGAACGGAGCCCGGTACAGCTCTGGCGC	0.065648
GGCGCCGGGCGCCAGAGCTGTACCGGGCTC	0.596858
GGGCAGCACCGCAGCGGTCCGCAGCGGACA	-0.251686
GCCGGTGTGCGTTGCTCCCTGCTGCGGCTG	-0.078967
GAGGGGCGCGGGCATCCCTAGGAACGGTTT	0.187666
TGCAGCGCCACTGGCTTCACCACGCGGTCA	-0.283554
CACAGGGTCATTTGCATCACGGGCGGGCCC	-0.044100
ATCTAAATGACACCAATTACGATGAGGTGA	-0.153858
TCACCTACAATGAGACAATGACAGTGGAGA	0.021316
TTGATAAAGCCAGAGTGGAGACACAGGTAA	0.733857
AATTGTAGAGATTGATGCTCACATAGGTAA	0.028924
TAGTGCTTCTACCAACATGTCCCGTGGTTC	0.106323
ACCCGAGGGTCGGCTCTACCAAGTAGGTGA	-0.433430
TGGTTGTGTGATGACCGGAATGACAGGTAA	0.191445
AGGCCGTCAAGAAGGGCTCGACCGCGGTGA	0.267321
GTACGCGCAGGAGGCCGTCAAGAAGGGCTC	0.018489
TCCTGCGCGTACTCCACTTGGAAGAGGTGG	0.107960
CGCCCGACGGCCACCTCTTCCAAGTGGAGT	-0.585535
AGAGGTGGCCGTCGGGCGAGAAGACGGTGA	0.374586
GGCCGTCGGGCGAGAAGACGGTGATGGCGC	0.537177
TCGGGCGAGAAGACGGTGATGGCGCGGTCG	-0.175580
TGACGTTGGAGACAAGGTACGGCAGGGTCT	0.263435
GGCTGCTGGACAGTGAGATCAAGGTGGGCG	-0.005741
GGGAGGAGGTGCTCAAGATGTCCACGGAGG	0.508987
CGACCGTGTGGGATGAGGCCGAGGTGGGCA	0.214212
GGCAGGAGAAGATGGCGACCGTGTGGGATG	0.071195
GGTGTGAGAGCGGTAAGATGGCGGCGGCGG	0.767820
CGATGGAGTGGAGGATGTCGATGGAGGCCT	0.570597
CGGCGACCTTTACCGATGGAGTGGAGGATG	0.014777
AGATGGAGGAGGGAGGCCGGGACAAGGCGC	1.129036
AGGAGGGAGGCCGGGACAAGGCGCCGGTGC	0.703736
TGGGGCTGCACCGGCGCCTTGTCCCGGCCT	-0.111176
CGGGGGCCGCCGCTGGAGACTGCTGGGGCT	0.045525
GCACGGACGAGAAGCCGAGCGGCAAGGAGC	0.401931
TTCTCCCAACCCTCCAGTCTGAAGAGGATA	-0.222782
GGGAGGAAGGTGGCAAGATGGTGTTGGAAA	0.494911
GCAAGATGGTGTTGGAAAGCACTATGGTGT	0.029223
ATGGTGTTGGAAAGCACTATGGTGTGGTGA	-0.218229
CAAGGGCAAGATCACCTTCTGCACGGGCAT	-0.231186
CCAGTAGGACTCACATGGGCCACGCGGATG	0.437640
AGGTCCACGTCTATCTGCCAGTCGAGGGAT	0.416302
GCACACTCTTGATGCTCTGCTCCATGGCGT	-0.354531
TCTCTCAGGCCAAGAAGTACGCCATGGAGC	0.047456
CTCCCCTGACGCCCGAGCAGCAGGAGGCCC	0.661605
TGGTGAATTTGAGAAGAAGTATGTAGGTAT	0.385914
CACAGCCGGCCAGGAGAAATTCGGTGGACT	-0.336568
ACTGAGAGATGGCTATTATATCCAAGGTAG	-0.301219
ACCAGCGAAACACTGTGAATGGCCTGGCAC	0.425228
TCCAAGACATGTCTGGCACAGAATGGGGAA	0.108016
TGTTGTAGGTGTTGGAACCCAGAGAGGTCG	0.096667
CTTCTTCGTCACAGGAGACCGCGCCGGTGG	0.106605
GGTGGCCGGAGCTGGTGCCTGCGGCGGGTG	0.188617
TGTTGTTGTCTCCCAGGTGACTGTAGGACG	0.235129
GCCCTGGAGCGCGGCGGTGATGGCGGGGCC	0.079706
GTGAAGGACCGCGAGGCCTTCCAGAGGCTC	-0.078376
GGTACAGGAAGTTGAGCCTCTGGAAGGCCT	-0.125715
CCTTGTCGCAGACTCACCTGGTACAGGAAG	0.965094
TACACTGAGAGGACCATTGCGAAGCGGCTC	-0.154809
GCCGCAAGACGAGCCGCTTCGCAATGGTCC	-0.490678
GGGCGGCCTGACGGTGGCGGCAGATGGCGG	0.923652
GGTGGAGAAGGAGGAGGCTGGCGGCGGCAT	0.734192
CTGGCGGCGGCATTAGCGAGGAGGAGGCGG	0.987037
GAGGAGGAGGCGGCACAGTATGACCGGCAG	0.215187
CAGTATGACCGGCAGATCCGCCTGTGGGGA	0.476673
TCCTTATCATCATACAAATCCCTCAGGTTC	-0.187611
CTTTCAGAGGTATATGGAGGTCAGTGGGAA	0.549678
TATTTGCCTTTCAGAGGTATATGGAGGTCA	-0.340517
ACAGCTGGGCACTCACATCTTGCATGGCCC	-0.126722
CTCACATCTTGCATGGCCCGAGTGCGGTGA	0.477110
CAGATCAATTCTGATCACCGCACTCGGGCC	0.588076
CGGTGATCAGAATTGATCTGGTCCCGGAGC	0.467848
AAGAGATGCTCACCAAGAAGTCCACGGTGA	0.732032
ATCATGAGGAGAAGGAACGGCTCATGGACG	0.951107
GCAAGGTTAAGTTGTACAGAAACATGGCTG	0.406476
CAACTTAACCTTGCAGAGAGCCACTGGCAT	0.565520
CATGAATGGCAAAGCTGATGCCAGTGGCTC	0.104651
CGAAGCAGCTCCAAGATCTTCCCACGGGAA	-0.435101
GCAAAGTACATACCCTACTCACTGTGGAAG	-0.083546
TGTTGGCTGCCTCTGCTGGAGAAGTGGTAA	0.136351
GTTCCATCTGAAGTGGTTAAGCAGAGGGCA	-0.367787
CTGAAGTGGTTAAGCAGAGGGCACAGGTAT	0.772825
TCAGGGTATCCAAGGGTTGTATCGAGGCTA	-0.415913
GCTGACTCGACCGCGTCGCTCCGGAGGCGT	-0.057436
CTTGTGCTCGCTTGTAAACGCCTCCGGAGC	0.628506
ACAAGCGAGCACAAGAGCCTCCGCCGGCTC	0.615601
TGAAGCGGAAGCGCAGTGCGGAGCCGGCGG	0.692468
TCCGGGTGAAGCGGAAGCGCAGTGCGGAGC	0.792428
AGGACCGCTGTACTCCGGGTGAAGCGGAAG	0.204540
GCTTCACCCGGAGTACAGCGGTCCTGGCGG	0.902904
AGTTGTGTACTGCAAACATATTGATGGTCA	-0.117810
GCTGCAGCATGCGGGTACTTCCAATGGGAG	-0.317278
TGCAGTAACACCTGGAACTCCTTGAGGACC	-0.188970
CTTCTAGAACTGATCATTGATTGGAGGGCT	-0.274801
GGGGTCACCTTGAGGCGGTTCAGCTGGTCG	-0.539533
TTGAGGCGGTTCAGCTGGTCGTGCAGGGCT	-0.350675
AGGAGGAGACGCTGCTGCGGTTGAAGGCAG	0.758821
CGCAAGGAGGAGGAGACGCTGCTGCGGTTG	0.033432
ATGTGACCAGGCAACATGCTGAGCCGGCTT	-0.167952
CAACAAGGGACAGCACCTCTCCTGTGGGTT	0.167021
CCGGACCCGCCGGGATGAACCCACAGGAGA	0.255914
CGGCGGGTCCGGTCAATGAGAGAACGGTCA	0.591948
GTAGTCTGCAATACGAGTACAAGGCGGTGC	0.134219
GCCTTGTACTCGTATTGCAGACTACGGGCG	0.611526
AGGAGGGTCTGGCTATGGTGGTGCAGGACC	0.871968
CGCTGCTCTGCGATCTGCCGATCCAGGTGT	0.836954
GCCCCCGCCCGCACACACCTGGATCGGCAG	0.185154
CCGTCATTGCCTGGCCGTATTCTAGGGCTA	-0.700838
TAAAGGAAAGTAATGGACCAGTGAAGGTGT	0.427326
GAAAGTAATGGACCAGTGAAGGTGTGGGGA	0.019907
AAATCTGCTCGATGTTGGTCGCCATGGCGT	-0.357165
TTTCATGTCAAGTGGAAGGAATGAAGGCCA	0.421687
TGGAAGGAATGAAGGCCAGCTGAATGGTGA	0.066941
GGTGTATTTGTTTCACCATTCAGCTGGCCT	-0.300898
TGGTGAAACAAATACACCCATTGAAGGAAA	0.534206
CAAATACACCCATTGAAGGAAACCAGGCGG	0.714712
GTGAGCGGCCTGACTACAAGGGAGAGGAGG	0.467739
GACTACAAGGGAGAGGAGGAACTGCGGCGC	0.244224
TGTCAGGATTAGGCCGCTTCACCAGGGCAG	-0.332589
CATTGAGGACGTGTTCTACAAATACGGCGC	-0.098407
CAGACATCCGAACCAAGGACATTGAGGACG	0.366770
GGAGGTAAGTTACCCACGTAGATGCGGCAA	-0.095186
AGATGCGGCAATCGTTGTTCCCTGCGGGGC	-0.364022
GGACCGCTACACCAAGGAGTCCCGCGGCTT	0.479799
GGACTCCTTGGTGTAGCGGTCCCGCGGGAT	0.293336
AGACGCGCCTCAGCGTGTCGGGCGAGGTGC	0.564245
AGGTCAGGTTGTCCACCTTGAGGGAGGTCA	0.192239
TGGAGGGTATGACCTCCCTCAAGGTGGACA	0.179498
GCCGCCACTCAGAGCTATGAGCTACGGCCG	-0.124254
ATCTTGGAAACAATGGCAACAAGACGGAAT	0.261852
TACTATGGACCACTCCGAAGTGTGTGGGTT	0.488519
TCTAGCAACCCACACACTTCGGAGTGGTCC	-0.276911
TTAAATCACCTTCCATCTAGCTCTCGGACT	0.266229
CCATTCGACAGTTCCACTCTTACACGGCAG	-0.182039
AGACAGGCAAAGTGGACAACATCCAGGCTG	0.359087
TTCTTACAGAATGATGGTCGACTGAGGTTG	0.360899
TGGAGTTCAACGACGTCTATCAGGAGGTGA	-0.214816
CAGGGGTCGACATGGCAGAGACACTGGAGT	0.723860
GGAAACAGGAGGCGGTAAAGGAGGTGGGGG	0.293736
AGGGTCCTCACTTGTGGAAAGAAACGGGCT	0.102661
ACGGCTGCAAGAACCGCTACGACAAGGACA	0.136037
TGTCGTAGCGGTTCTTGCAGCCGTAGGCGG	0.768280
GGTTCTTGCAGCCGTAGGCGGAGCAGGACT	0.613281
GATGGTGCAGTCCTGCTCCGCCTACGGCTG	0.399972
GCACGCAGCACGTAAAGCCAGGCATGGCTG	0.876329
GCCTGGCACGCAGCACGTAAAGCCAGGCAT	0.497679
CAGGCTGCTACAACAACTCGCACCGGGACA	1.105067
ACGTTTCCAAAGGACGCTGAGTTGCGGCGC	0.274191
GCACGCGACACGTTCTTGAGCCAGAGGCGC	0.362196
CTGGCTCAAGAACGTGTCGCGTGCCGGCGT	0.189729
CATGAGGATGAGACACGAGATGTGCGGCAG	0.713048
ACTTGGAGGGAGACACTTACCATAAGGAAC	-0.214034
TAAGTGTCTCCCTCCAAGTACCCAAGGGCA	-0.061818
CCAAGTACCCAAGGGCACTACATGTGGCTA	-0.083407
CCCATACAAAGGCGTTCGTGGTGCCGGTAG	0.054340
GGCAGGTTGTGCGCGGACGCTGCGTGGAAC	0.180316
CGCGGCTAGCTGGCAGGTTGTGCGCGGACG	-0.140719
CGCGCACAACCTGCCAGCTAGCCGCGGCGG	0.158806
CCGCAGCTCTACGCTTCGCCGCCGCGGCTA	0.031039
CGCGGCGGCGAAGCGTAGAGCTGCGGGACC	0.778846
AAGAGTGAGGCCACTAAGGAGATGAGGAGC	0.523196
CCTTAACTGCTGTGCCCAGTTACGAGGTCA	-0.497561
TCACTGGGCTGGTATATCTGCTCATGGCCT	0.250500
GCCAAGGCGCAGAGGGCCGGGCAGCGGCGC	0.738347
CAGAGCTGAGCAAGGCGAAAGCCAAGGCGC	0.010209
CTCTTCCTCCCACAGAGCTGAGCAAGGCGA	0.503647
ATGAAGATGTTGGCATTAACTATAGGGAAG	-0.471761
TCACTAATTCCACAGAACCAATGTAGGTGT	0.457833
ACAGAACCAATGTAGGTGTCTGGGCGGAGC	-0.845227
AATGCAGATGGTCAGTAGGACAGAAGGTAA	0.401647
TTTTTCTTAATGCAGATGGTCAGTAGGACA	-0.293555
CGGACGGGTTGTGCCTGGAGGTGGAGGGGA	0.644053
AGATCGCGGACGGGTTGTGCCTGGAGGTGG	0.090110
AGGCACAACCCGTCCGCGATCTCCCGGATC	-0.016272
TGTTCTCCGACATCTACAAGATCCGGGAGA	0.884610
TGCAGTGAGGACTCACGGCTGATGAGGTCC	0.160814
GAGGACTCACGGCTGATGAGGTCCCGGTAG	0.443114
GCAGGAGGATGCTGGTGGTGGAGGTGGCGA	0.202697
GATGCTGGTGGTGGAGGTGGCGAACGGCCG	0.705273
CCCCCACACCCAGGCGCTCCCGGAGGGCCT	-0.505827
GGCATCAGCAGCAGCGGGAGGCCCAGGCGC	0.441276
TCTTCGGGCATCAGCAGCAGCGGGAGGCCC	0.753100
AGTGTGGCAACCAGATCGGTGCCAAGGTAA	0.419769
GCTTCATTGTAGTACACAGAGATGCGGTCC	0.327226
GGGTGGCATTGTAGGGCTCGACCACGGTGT	0.166606
CCACTCATGGTGGCTGAGACAAGGTGGTTC	-0.295914
CAACTGTAGGGTGATGATTTCCCTCGGCAT	-0.638512
CGAGGGAAATCATCACCCTACAGTTGGGCC	0.505697
AGGAAACGACCTGGGAGAATCCGCTGGCCC	0.027701
AGGCAGATGGTAGTGACAGTCTAGAGGTAA	0.269818
CACGAACTGCTCTTGGCTCTGAGCGGGTAC	-0.291493
CATTTTCACCTGGAACAAGCGGAGTGGCCT	0.145424
GCCGGCAGAGTCGATTCAGGACACTGGTCT	0.661971
GTAGGATCCCAGTCGTGGCCGAAGCGGATG	0.094116
ACGACCACGCGGTCCTCCTCCGAGAGGATG	-0.191875
GGCAGGTGGACCAGGCCATCCTCTCGGAGG	-0.523448
TGCACAACGGCTGGCAGGTGGACCAGGCCA	0.140339
GTACATGCTCCCGCACCTGCACAACGGCTG	0.278597
GCAGGTGCGGGAGCATGTACGACATGGCGG	0.368379
GCTGCGGCAACTCCTTCATCTCGAAGGCGG	-0.168359
GCGAAGAGGCGGCGGCAGCGGCTCCGGCGC	0.444899
CGACGAGCGGCGGCGAAGAGGCGGCGGCAG	0.637726
AGATGGCGACGAGCGGCGGCGAAGAGGCGG	0.401123
ACGACGGAAGATGGCGACGAGCGGCGGCGA	0.494804
GCCGACACCATGTGGATCCAGGTTCGGACC	-0.247844
CCATGTGGATCCAGGTTCGGACCATGGACG	0.440165
CCGTGTGGGTCTGCCTCCCGTCCATGGTCC	0.587685
TGGACGGGAGGCAGACCCACACGGTGGACT	0.302694
CGCTGTCCAGGCTGACCAAGGTGGAGGAGC	0.322058
AGGCTGACCAAGGTGGAGGAGCTGAGGCGG	0.572514
CCGGAGGACAGCCGCGGCGCGAGGAGGCAG	0.659602
ACAGGCGGCGAACTTCACGGCCGGAGGACA	1.260284
CCAGTCTCGGTGCCGACCCACACATGGTTC	0.203556
TGCACGCTGGAACCATGTGTGGGTCGGCAC	0.292608
GCTGCTGCACGCTGGAACCATGTGTGGGTC	0.178697
TGGTGGAGGAGGAGAACATCCGCGTGGTTC	-0.006754
GGAGAACATCCGCGTGGTTCGTTGTGGCGG	-0.573014
TCGCTGCCGCCACAACGAACCACGCGGATG	0.378705
AGAAGAGTGTGTACACATACTGCATGGACA	-0.068991
GCATGGACACAGAAATCTGGTGACTGGAAT	0.897991
CTCTTAGGGCCTCATGCATCTGCAGGGGAA	-0.613756
TTTGCTGCATGAGTGTATCTGATGAGGTCC	-0.015155
CCCTGTACAGTAAGAAATATGGTGTGGACC	-0.345415
TTTTCGCGGAACACCTTAGCGACGCGGAAG	0.023595
TGAGGAATGAAGCAACAAAGAATCCGGAGT	1.048080
TCTTTCTACGACGACACTGTCCTGAGGAAT	-0.040019
TGTCGTCGTAGAAAGAGAACGTATTGGAAT	0.406200
ATTACTGAAAGCAATATGAAGTCCCGGTAT	0.193078
CGGAGCAGGAGTCACAGATGAGAGCGGAGA	0.490553
AGTCACAGATGAGAGCGGAGATCCAGGACA	0.781261
GAGCGGAGATCCAGGACATGAAGCAGGAGC	0.341484
GGAAGAGCAGCTGAGTTCATCCGAAGGCGA	-0.158881
CCCTGACAAACAATGACTTGTACCGGGTAA	0.336444
TAGTGAAGGTGGAAGAGGAAGATGAGGAAG	0.309362
AGAAGGGTGATACGGAGAACGGAAAGGAGA	0.205425
TGACCCAGGCTGAGAAGGGTGATACGGAGA	0.072010
GGCCATAATGACCCAGGCTGAGAAGGGTGA	0.539987
ACCGGGCATCTTCTCCTCCCAGCCCGGGCA	-0.016905
ACATCCATTATAAGCTGTCGCAGAGGGGCT	0.153586
GGTTCAGCTTGAACTCGTTAGAACCGGTCA	0.017180
CAAGCTGAACCAGCCACCCGAGGATGGCAT	0.995573
GAGGAGATGCCATCCTCGGGTGGCTGGTTC	0.915714
TGTAAAAGAGGTCGAAGATGTAGCGGGTTT	0.348435
AATGCCCAAATTCAAGGCGGCCCGTGGGGT	1.197923
CCGCATTCCCAGCCAGGATCTGATCGGCCA	-0.287080
CCTGGCTGGGAATGCGGTGCGGGCGGGGGT	0.246155
CTGGGTGCAGGATGAACTGTCGCTCGGAGG	0.340000
GCACCGTGTGCAGCACAGCCAGCATGGCCT	0.200248
CACGGTGCTTCTGCACCGCAGCACAGGCAA	0.504488
CTGTCCTAGAGGTCCAAGCCCGCTTGGTGA	0.061415
AGTGCTGACTTCACCAAGCGGGCTTGGACC	0.475349
CCTTCAATCTCTAGCACCAGGGACTGGATG	0.682601
AGCGGCAGCGGGCACAGGAGGAACAGGCAA	0.808557
GCCGCCCGCACTTACCGGGCCGCACGGCCG	0.315741
CTTGTACCTTCTCTCCCACCAGCAAGGCCA	0.028112
CAGAACTTGAGGAAGAGGCCCAACGGGGTG	0.374418
GCAGTGGACGAGATGCCTCTCTTATGGTAA	0.000761
CGGACGCGCTTCCGCAGCCGCTCTAGGTTC	0.541142
GCGGCTCTGTGATATTGTGCTGTCAGGTAA	0.272286
CGATCTTGGCGAGCTTCTCGTATTTGGAAA	0.074357
CAAATACGAGAAGCTCGCCAAGATCGGCCA	0.488245
GCCCAGCCTTACCCGAAGGTGCCTTGGCCG	0.189110
TTTCCGCCTGCAGGGAGGTGTTCAAGGCCA	0.112861
GAGGGCATAGCGGCAGTCCTTATCTGGCAG	0.065118
TACGTGGCATGTCTCCTAGGCCTCCGGTGT	0.667268
CCTAGCACAACATGCCGATGTCCTTGGGGA	0.106423
TTCCAATGCAGTGGTTCAATTGAAAGGATT	-0.621689
CTTGTGTTCACATTTCTGATCAACTGGCAG	0.015161
TGTTATGGTGAATGCCAAATTTGAAGGTAT	-0.359123
CTCCTAGACAGTCACTTCGGTCCCTGGATA	0.599259
TTTAATGAAACTCCCATCAACCCTCGGAAA	0.274308
GTGGGCACATTTCCGAGGGTTGATGGGAGT	0.102084
GGCCCCGCGCTCACTGTCCATGCCGGGGAA	-0.291412
CTTTTTGAAAGCTGCCTGCGGCAAAGGTAA	0.023057
GCTGAAGGAAGATGGCGGACGGCGTGGACC	0.200623
GCGTGGACCACATAGACATTTACGCGGATG	-0.153390
GTATCCATGTAATCTCGGTCTTCTGGGGCA	-0.351160
TGAACCACCGGCCTGTGACTGCTGTGGAGA	-0.040479
TCCTGCTCAAGCCAGAGTTGCTCCGGGCCA	0.361547
CATAGGAGCCCTTGACATCCTTCTTGGCAG	-0.265459
AGGCCCCTGCCAAGAAGGATGTCAAGGGCT	0.097125
GATGATGAGGTGGAGACAGCAGCTGGGGGA	0.260732
GCGTAGGTCGCGACCAGCCCAGATCGGTGA	0.555105
TGGTCTCCTAGGCTGTCACCGATCTGGGCT	0.256580
TCTCTATCTCCTCTATCACGTTCTCGGTCT	0.402773
TCTTTAGACCGATCTTCACGATCCCGGTCT	0.709173
GGTCCCCGCACGCTTCTTGCCAGAGGGGTA	-0.179275
AGTGTCGATTTAGCAGAAAGCAAACGGCTT	0.642658
TGATGATGACGACGACGATGACGTAGGAGA	0.265101
TGGTCTCTCCTGAACCAGGTACTCAGGACC	0.026419
TTCGTTCGAGAACAACTGTGAGATCGGCTG	0.017854
GGATAGGAGCTACGGGCTGTCGTGCGGGCG	-0.210015
GGAAACTGGTGACGTTGCTCTTGCTGGCTG	-0.226341
CTCACTCTCTGGTATGCCATGATCAGGGCC	0.079134
TGGTATGCCATGATCAGGGCCAACAGGGAT	0.670474
AACTCATTGGCGCCAAGATGGCGATGGAGA	0.306858
CTCGCAAGCCTCTTAGCGAGAGACTGGGCC	0.605779
ACCACTAGATGTTTCTTAGTGTCGCGGCCC	-0.350943
GGGGGATACAATCACTACGGACACAGGATT	1.247872
GAGCTCTTGTCGGACCAGGGCTACCGGGTG	0.700270
TGCGCGAACACGCCCATCCGCGCCTGGATC	0.743903
CCGCCGCTGCCATGGCTCAATACAAGGGCG	-0.290104
CGCTGCTTCTCCCGCTTCTTCATCAGGTGC	-0.783607
GCGCAGAGAACTTCTTGTCAATGTTGGATT	0.239196
CAGCGGAGCAGAGCCGCCGCAGCTCGGCCG	0.743707
GGCTGAGCTTGCTGATGATGGTGATGGTGG	0.189883
ACTAATGCAGTCCAGGGCAGTAGATGGATT	0.499946
TAAAAATGTCTAATGCGATGTATTTGGTAA	-0.043997
GAAACAAAGGATACCTCGCTAGCTAGGTAA	-0.191268
GTCATAAGAATTACCTAGCTAGCGAGGTAT	-0.354838
CCTGTCGATTGTGGCCGCTTCCTTAGGGTC	-0.231318
TTGCTTCTTTGTTATTTGACCCTAAGGAAG	-0.475168
ATCATTGGCCGTGTCAGGACTATTTGGACC	-0.002349
GATGTTGGGCACGGAAGGTGGAGAGGGATT	0.470915
CCCTCCACAGTACCAACACTATAAAGGAAG	-0.058331
TCGGCGTGTTCAAGAACGGCCGCGTGGAGA	0.433942
CGTCCTCCTTCTTGTCCTCCTCCTCGGCCC	-0.641603
TGGGTTTCATGTTGACAGAAGATTTGGATG	0.019468
AGGGAGCAAAGATGGAGCGGCGGGAGGAGC	1.300106
CAGGGGCTGGAGCAGCACCAGCCTTGGACT	0.519126
TGGACCCAGCCCTGCGTGAGGCCGCGGAGC	-0.210465
ACATACCTGATGAGCTCAGGAGAATGGATA	0.362267
CTAAAAATGTTGGAACTGGACTGGTGGGGG	-0.052048
TAATTTCATTACGTCACCACATGCTGGAGC	0.522131
CATGTGGTGACGTAATGAAATTACAGGTAT	0.726963
CTGACATCCAGCCGCGGGCTGGGCGGGCGC	-0.090676
AAGCGTTTCAGCGCCTACAATTACAGGTGA	0.389623
ACAGAGATAACACTTGTGCGCGACTGGAGG	0.708299
GCGGCGACTGAGGAGGGCGTGAATAGGATC	0.570734
GGGGCGCCTTCGGGAAAGTGTATCTGGGGC	0.374440
GACACAAAGCCAATGGGCAGGTCTGGGGCC	0.749215
TCCAAGAAGTCCAGGAACAGTTTCTGGCAC	0.539393
CGCAGCTTCAGGACGCTGTGAATTCGGTGA	-0.280084
GTGAAGAATCTACAGCTGCTTTACAGGTAA	-0.497119
TTGCTTCTCCTGTTCTTCCACTTCAGGGTC	-0.030809
CTCCTGTTCTTCCACTTCAGGGTCAGGCTT	0.164416
AGCCATCAAGAAACAGTAGTTTGTTGGAAC	-0.227812
ATTCAAGAATTTACTTACCTCCAGAGGCAT	-0.026466
TAAGTAAATTCTTGAATGTTTCAAAGGTGT	-0.829882
TATCCATCAGTGAAACGGTATAATCGGAAT	-0.365899
TCTAGAGAACTCTTTCATTTATTCAGGTAT	-0.407734
TTGTGCTGTTGACAACAGAGGAGGAGGAAA	0.651261
ATGGCGCCGCAGGTCTGGCGTCGACGGACC	0.589827
TCCGGCACATCTGAATCTGTGTCCTGGTAG	0.314484
AGGGATAGCAAGTGCAAGGTCAAATGGACC	0.197386
TTCCAGATATCCTCGCTGGGCGCCGGGGGC	0.456229
CGAATTTCTTCCAGATATCCTCGCTGGGCG	-0.330078
GAGCAGAGCCCGGAGCGGCGGCTAGGGGAC	0.587054
CGGAAAGGAGGCTGCTGTCGATTAAGGAGG	0.231049
GATCTTCAGTTTCATTTGCATCAGAGGTCT	-0.675137
ATGCAAATGAAACTGAAGATCATTTGGAAT	0.260247
TTTGGAATCTTTAATATGTAAAGTAGGAGA	-0.538073
TCCAAAACACCAGCCAAGCCTTCTAGGTTG	-0.125411
GAGAATCTTCAACTGCTGGTGGACCGGCCC	0.070886
CGGAAACAGTAGGTGCCATCGGGCCGGTCC	-0.117189
CGAGCATTCCGGTTCAGACGCTTTCGGTTG	0.672835
GGTCAGCGCGATGCCCAAGGCCAAGGGCAA	0.748533
TTCAGTTCTGCCTCAATCTGACTCTGGAAA	0.337442
ACACCCGGAACTGCCATACCTGGGAGGTTT	-0.268399
GCCGCCGGCCCGCAGCTGCCGTCTTGGCTG	-0.425820
TGCACAACGTGAGCGATGCCGCAGCGGCTG	-0.366145
GGGAAGATGGCGGCTCAGCCGCTGCGGCAT	0.000556
CGGCCGAACTCACCTCAGCATGTCGGGCTC	0.218018
GGCGCAAGTACTCCTCTGCTTTCCTGGTTA	-0.451636
ACTTACAGTTCATCTCGTTGTCTCTGGGAC	0.157319
GGACTAAATGTGACTCTCACCATTCGGCTT	-0.410126
CGGAAAGGAAGTAGGAAGCATCATTGGGAA	0.018339
AGTAGGAAGCATCATTGGGAAGAAAGGGGA	0.549848
GCATGGACTCGTCCCACGTCTCTTTGGTGC	-0.280332
CCAGCGGTGTAAACCTGCAGAGCATGGACT	1.083502
GAGATGGAAGTTGAGCAAGAGCAGCGGCGC	0.273577
ATGCGTCTGTCCAGGAGGAGAGTCCGGTAA	0.627777
TCCTTGGTTACCGGACTCTCCTCCTGGACA	-0.174108
TCATCTCGTCCGTGGTGATCTTGTCGGTGA	-0.689562
GCTACAAGGACTCGCCCTCCGTCTGGGCCG	-0.356574
CGTCCCGCCAAGTCCTTCAAGTTCTGGGCC	0.307869
GGGCAGGTTCCGCCACCGGCTGCCAGGATC	0.548462
CTGTTCCCGCGGGATTCCATAAGAGGGGTC	0.013276
GAAGGGGAGTCGCTTACCTATTATGGGAAC	0.317504
CGGCTCACCTGCATGATGGTCTTGCGGATT	-0.129566
CTGCTTCACCGTGTTGAGCAAGTTGGGGCC	0.073750
TATTGGTGCTGGTGTGATCCAGCCAGGCCG	-0.203664
CGGCAGCAGTAGCGCTTCAGGCCCAGGGCA	0.361170
CGGACGGTGTCCACCATTTCCACCAGGACG	-0.429357
CGCAGGCCGGGATGTTCGTCCTGGTGGAAA	-0.487986
GCCGGCCTTCGGGTCCCACCTTGCGGGTGA	0.010740
TAGGGGCACGTGTTGCAGGAGAAGCGGTGG	0.395895
CACGATCAGCCCGTTCCCGCAGCCGGGGCA	0.593357
TGAACACGAACGAGTGCGGGTTCGCGGCAT	0.372065
CGTTCGTGTTCACGCGAGGCTGCACGGGTC	-0.134236
AGCGCGTACAACGGGAACGGAGCCCGGTAC	1.076939
CACCGCAGCGGTCCGCAGCGGACAAGGTCT	0.311947
TCATCCACAGGGTCATTTGCATCACGGGCG	-0.157760
GTTTGGAGAAGAAGATGCAGATCCAGGTGC	1.281439
AGACTTTAATTGATAAAGCCAGAGTGGAGA	0.060443
GCGAACCTGGTTCACTCACCTACTTGGTAG	-0.425984
CTACAGATTAATTACCTGTCATTCCGGTCA	-0.310418
TCGAGGAAGAGACATTGTTGTTCTTGGTGT	0.254281
ATCTTAATTAAAGGTTGGTGTTCGAGGAAG	-0.071118
ACGGCCTCCTGCGCGTACTCCACTTGGAAG	-0.182519
CCGAGTCACTGGACTCTCAATATTCGGCAG	-0.197442
GTGCTGAGTAGAGACTGGGCTCTCTGGAAC	0.567251
CTCCATCGACATCCTCCACTCCATCGGTAA	-0.257646
CTCTCCCAGTGAAGCGTGACATTCAGGAAA	-0.529935
GGGACAAGGACAAAGAACAGGAGCTGGTGA	1.119639
GGACAACAGTGAGTATATGCGGAATGGAGA	0.363155
GAGACTTCTTACCCACCAGGCTGCAGGCCC	0.933574
GTGTGGTCAGCACTTCACAGTCACTGGGAT	0.903154
GGGCCACGCGGATGCCCGTGCAGAAGGTGA	-0.068553
TGCTCTGCTCCATGGCGTACTTCTTGGCCT	-0.471375
GAGGCCGTCGTCCCTCTCGATATTTGGCCC	-0.038461
AAATCACTTTACCTTCACAGCACGAGGCCG	0.692309
GGGGGAGCCCGGCTTCTTCGTCACAGGAGA	0.191603
GTCACAGGAGACCGCGCCGGTGGCCGGAGC	0.657156
AAACCTCGCCAGCGCCTGGTTCTCGGGGTC	-0.492534
CAGCCGCTTCTTCAGCCGGCCGTCAGGTAG	0.222886
AAGAAGCGGCTGCGGGCGGCCTGACGGTGG	-0.145184
TCGGGTGCTTCTTGTCGGCTTGAAAGGACT	-0.248600
AGGCCCCACTCACCGTGGACTTCTTGGTGA	-0.080668
CACTGGCATCAGCTTTGCCATTCATGGAAA	0.350417
GGGAAACAACAATTTCTTGTTGTTTGGTTC	-0.388593
AAGCATCAATCAACCAAACAACCCTGGAGC	0.449848
TAAGCTTACATCATGTGACTGTTCAGGTAC	0.107649
CGGTCAATGAGAGAACGGTCAGCTTGGAGC	0.106206
GACTACGGGCGGTTACATCCGCCATGGCCG	0.000048
ACTCCGAGGCCATGGACGTGTTCCAGGAGG	0.184977
GCTCGCAAGATGGCGGACGAGGACGGGGAA	0.684999
GACTTGACGATGCGCACGACCCGCGGGCCG	-0.085408
CGTGCGCATCGTCAAGTCCGAGTCCGGCTA	0.802227
TGCTGAAGGGCGACGGCCCAGTGCAGGGCA	0.373567
AGGTCTTTCGTGGTCAGTAAATTCCGGGAA	0.103658
TCAGTAAATTCCGGGAAATTCAACAGGAGC	-0.347912
CTGGAAAGCTCCTGTTGAATTTCCCGGAAT	-0.198641
CGGGAAATTCAACAGGAGCTTTCCAGGTAA	0.032238
AGGGAGAGGAGGAACTGCGGCGCCTGGAGG	1.449648
TTTCGTCACCGCCATGTCGGGAGGTGGTGT	0.550034
TGAGGGAGGTCATACCCTCCACATCGGGAG	0.075839
AACCTGGGAAACAGGAGGCGGTAAAGGAGG	0.626324
AAAAAGGTACTCACCTAAGCAATCTGGTTC	0.353129
ATGTAGTGCCCTTGGGTACTTGGAGGGAGA	-0.885625
AGATCGCAGAAACTCCAGTACTCGCGGAAA	0.126667
GCCATTGGCATGTTCTTCACCGCCTGGTTC	-0.058560
CTCTTTCCCTCCTCTAGGAGCTCGAGGCCA	0.475947
TCACCATGGAAGTGTCACCATTGCAGGTAC	0.133154
TGTGCTTTCGGTACCTTCGCCCTCGGGGCC	0.187373
GCTCCCGGAGGGCCTGCACCGCCTCGGCTC	-0.021525
GCAAATATGTTCCTCGTGCCATCCTGGTGG	-0.365924
TCCTGACTGCATTCCAGGTCAGTCTGGGGC	-0.021200
CTTTGTGCTGTGTCACTCCATTGCTGGGGG	0.097871
TACCTGTCATTCAGCCGTTCTAAGAGGTAG	-1.067550
TGTTCCTCTTCCTGCAGGTATCGCAGGACT	-0.325771
TCGATTCAGGACACTGGTCTCACTGGGGTG	-0.229238
CGGTCCTCCTCCGAGAGGATGGCCTGGTCC	0.123635
CGTCCTACTCCGCCTTCGAGATGAAGGAGT	0.353047
AAGGCGGAGTAGGACGCGGACAGCAGGGGC	0.712413
TGGATCCAGGTTCGGACCATGGACGGGAGG	-0.062184
TGTGGCGGCAGCGAGTTGAACTTTAGGAGA	0.015689
GTGAGGTACCATTACCTGGCAGTTAGGAGA	-0.103777
TTATCTCGATGTATTGCAGGGTGGTGGCCT	0.686878
CACTGGCTTCCATGTCTTCACCACAGGAAC	-0.376177
GCTCCGCGTCCTTCTGCAGCACCCTGGACA	0.392872
GCCTCAGTCAGGCCATAGCATTCCAGGTAT	0.324726
GCCTGAATGATGACTGCTGAATCACGGGAA	0.011057
TGACTGCTGAATCACGGGAAGCCACGGGTC	0.367769
TGTCCCCACAGGCTGCACAGGAGAAGGATG	0.790945
AGAAGGATGGTATCGTAATAGTGAAGGTGG	-0.203991
GTATCGTAATAGTGAAGGTGGAAGAGGAAG	0.359058
GAGGAAGATGAGGAAGACCACATGTGGGGG	0.657302
CTGGAGGAGGCGTGTCCTGTAGGGTGGAAT	-0.053386
GCGGAATATCTCTGGGTCTGGAGGAGGCGT	-0.411201
GCGTTGGCGGAATATCTCTGGGTCTGGAGG	0.425112
GGGTACGGCTTGTTCTTACAATACCGGTAA	-0.157157
TCGGCAGAAGCGAGACTTTGGGTACGGCTT	-0.269420
TTCCACTACTTACCAGGGACACCTCGGCAG	-0.050798
TGCTCATATTCATCTGACACCATGTGGCCA	0.018032
CAAAGAATCCTGCCTTACCTTCAGAGGACA	-0.239940
TTTCTTCTCCCTACCTAGCCCTGGAGGCTG	-0.125928
CCATGTACTTATTGGCACAAATTCGGGCAG	0.303560
AACATCTTGTTGATGCGGATGACGTGGAAG	-0.395180
ATGTAGGCTCCAAACAGGCATGCGAGGTGC	0.383741
TGATAACTTGGCCAATGTGAACCCTGGCCA	0.608848
CCTTGTTCTGCAGCTTGGTGCGGATGGACA	0.254989
GAGCATGTGATTGAGGCCCTGCGCAGGGCC	0.260728
GAAACTTGAACTTGGCCCTGCGCAGGGCCT	0.152577
GCTGCAGCACTACATACCTTCTGGCGGCCA	-0.050188
AAAGCGGCTCATCCCAGATGGCTGTGGGGT	0.583009
AATCGTGGCCCTCTGGACAAGTGGCGGGCC	0.464299
CAAGTGGCGGGCCCTGCACTCATGAGGGCT	0.042020
AAGTCTCTCGCGACACCCTGTACGAGGCGG	0.334010
CGAGGCGGTGCGGGAAGTCCTGCACGGGAA	0.033709
CTGATCTGCAACTCCACCGTCTCCAGGAAC	0.649260
TGGGGGACCAGCAGCACTGTGACGAGGCTA	0.168892
ACCAGCAGCACTGTGACGAGGCTAAGGCCG	0.643974
GAATCTGCTTGATCAGAGACTCTGAGGCCA	0.097468
GATCAAGCAGATTCCACGAATCCTCGGCCC	0.133975
AAAACATGGTGGCCAAAGTGGATGAGGTGA	0.313116
ACAGCTACAGCCAGACATAACACCTGGGAG	0.124548
CTCTTCCCTGTTGCAGCAGGATCAAGGTGA	0.510618
ACACAGATGTTGAGACAGAGTTTGCGGATG	0.142183
CAAACTCTGTCTCAACATCTGTGTTGGGGA	-0.164425
GACTGACGCGAGCAGCCAAGGTGTTGGAGC	0.342430
AGCCAAGGTGTTGGAGCAGCTCACAGGGCA	-0.050220
GCCCTGTGAGCTGCTCCAACACCTTGGCTG	-0.188437
GATTGCTGTCCACTGCACAGTTCGAGGGGC	0.601309
GGGTATCAAATATGACCCAAGCATTGGTAT	0.323760
GTATCTACGGCCTGGACTTCTATGTGGTAT	-0.813420
CTTCTTGTCTGCGATGCTGAAACCTGGCCT	0.355503
CATCGCAGACAAGAAGCGCAGGACAGGCTG	0.600834
TCATCGATGATGTCATGAGGATGGCGGCCA	0.961684
CATCAACATTACAGCCCACTGACTGGGCAG	-0.379699
TAAAGGAACCATTAAAGAGATCCTGGGGAC	0.725916
CCAGAGAGTTCTCTGGCTAAGGATCGGTGC	0.135031
ATTGTCAACATTGCTCGACAGATGCGGCAC	0.146946
TTTCTGTCTCTTGGTGGTTCCTTGAGGGCT	-0.819422
TGAGGGCTTTGATGATCAGGGCAGAGGCAG	0.927374
TTTGATGATCAGGGCAGAGGCAGAAGGCAC	0.833429
AGGAATCTCTTCTGCAGATTGAGGTGGTGC	-0.644463
GCAACGGGTGACTGGAAGGGCCTGAGGATT	0.720418
TGCCAAGGCAACGGGTGACTGGAAGGGCCT	-0.173999
TGGTGATGACATTGCCAAGGCAACGGGTGA	0.610726
AAAAAGTTGGTGATGACATTGCCAAGGCAA	-0.434256
GGAGGGGATAACGTACCAGACCCAGGGGGC	1.011144
GTGAAGTCGGTGCCACTTCTGCCCTGGCCC	-0.448463
CAGAAGTGGCACCGACTTCACCTCCGGTGC	-0.240512
CCTGAGGTGCACCGGAGGTGAAGTCGGTGC	0.394579
CCCAGTATACCTGAGGTGCACCGGAGGTGA	-0.368778
GGCAGCCATGGCGCCCAGCCGGAATGGCAT	-0.167029
CCATGGCGCCCAGCCGGAATGGCATGGTCT	0.152742
AACCAGCCGGCCCGTAAGATCCGCAGGTGA	-0.114524
CTTCTCTCCACCAGACGTAAGGCCCGGCAA	0.188403
CCTTGGCTTGCCGGGCCTTACGTCTGGTGG	-0.307777
GATGGGCCGGATGGGACCCGACGCGGGGCG	0.966698
CGATGGGCCGGATGGGACCCGACGCGGGGC	0.244639
GCTCCTCCAGGCTGAAGCCGCGGCCGGCGC	1.014508
CGCGGCTTCAGCCTGGAGGAGCTCAGGGTG	0.589281
CCAGTACTCACCCTGAGCTCCTCCAGGCTG	0.507604
GGCAGGTGGCCGGCATTCACAAGAAGGTGG	-0.048712
TCCGGGCCACCTTCTTGTGAATGCCGGCCA	0.541582
TCACAAGAAGGTGGCCCGGACCATCGGCAT	0.154490
GATCCACAGAAATGCCGATGGTCCGGGCCA	0.378212
ATCGGCATTTCTGTGGATCCGAGGAGGCGG	-0.158482
GCACGTTGGCCTGCAGGGACTCCGTGGACT	0.030252
TGCAGGCCAACGTGCAGCGGCTGAAGGAGT	1.059227
AACTGGCCACCCAGCTGACCGGACCGGTCA	0.028068
CCAAGCGGCTGCCGAAGATGGCGGAGGTGC	0.432822
ACAGGTCCTGGTGCTTGATGGTCGAGGCCA	0.312566
CATCGTGGCTAAACAGGTACTGCTGGGTAA	0.162663
CCCTCCCTCTAGGCCGGAAGGTGGTGGTCG	0.377273
GAAGGTGGTGGTCGTACGCTGTGAAGGCAT	-0.071055
AAGTACCTGGCTTTCCTCCGCAAGCGGATG	0.338426
GGGTTGGTGTTCATCCGCTTGCGGAGGAAA	-0.092930
GCGGATGAACACCAACCCTTCCCGAGGCCC	0.156138
CACGGTCCGCCAGAAGATGCGGCTGGGGGC	0.302753
CCTCGCACGGTCCGCCAGAAGATGCGGCTG	-0.311577
TCTGGGGCGCCTGGCTCACGAGGTTGGCTG	0.475229
CTCACGAGGTTGGCTGGAAGTACCAGGCAG	0.301175
AGTACCAGGCAGTGACAGCCACCCTGGAGG	0.072744
GTGACAGCCACCCTGGAGGAGAAGAGGAAA	0.524226
CTTTCTCTTTCCTCTTCTCCTCCAGGGTGG	-0.427331
AAAGAGAAAGCCAAGATCCACTACCGGAAG	0.422922
TACGGAAACAGGCCGAGAAGAACGTGGAGA	0.758037
ATACACAGAGGTCCTCAAGACCCACGGACT	0.285922
CAGACCAGGAGTCCGTGGGTCTTGAGGACC	0.253408
ATTGGGCTCAGACCAGGAGTCCGTGGGTCT	0.803489
GGTCCAAAGGAGACATAGGCCACCCGGCCA	0.525533
GTCGATGGACCTTGCACTCAAGTGAGGAGA	-0.133855
ATCAGTGAGCTGCATGCACTTGAAAGGCAT	-0.505910
GATTTCATCCTCAAGTTTCCGCACAGGTAA	-0.611009
AGTATGTCCGACAAGCCTGGCAGAAGGCAG	0.506265
CTTCAATCTTCTTGGCCCATCGTGTGGCTG	-0.246088
CCAAGAAGATTGAAGCCAGAGAAAGGGTAA	0.162776
AGATGGGTGCATACAAGTACATCCAGGAGC	0.634366
TCTGATGTCATGCGCTTTCTTCTGAGGGTC	-0.938564
CGCTTTCTTCTGAGGGTCCGCTGCTGGCAG	-0.079565
GCCCTGTGGAGAGCAGAGAGCTGGCGGTAC	0.694561
CCTTGCTTGGCCTTGTAGCCCAGTCGGCGC	-0.050431
TATATATAGGATTCGTGTTCGCCGTGGTGG	-0.505323
CCGTAAGTTGCACCCTTAGGAACTGGGCGT	0.444652
AACTTTAGCTGGTTAACACCATGATGGACA	0.166019
CTCGAAGCCTTCAGTCCGTTGCAGAGGTAA	-0.831796
CTAGGAGCGAGCTGGACGCCACTGTGGGGC	0.153888
GAGAGTCCTGAATTCTTACTGGGTTGGTGA	-0.300431
ATAGCTTTATGGAATGGATCAATGAGGATA	-0.288461
ATCAGAAGAAATCCTGACACCCAGTGGATC	0.249165
GACATCTGCAGGCCGAAAGAGCCGTGGCCT	0.312080
GCCGAAAGAGCCGTGGCCTTGGAAAGGGCC	-0.200036
CGGCGAGAGCCACCAATAGTGTGGTGGAAC	0.248671
ACTCTCACTCAGGTGGGAGTGCAGTGGGGC	0.228523
CGGCTCACTGCAACCTCTGTCTCCCGGGTT	0.144559
AACAGATTGTTCCTAAACCAGAAGAGGAGG	0.358736
TTTTCCGTAAGGATCATCTCAATGTGGCAG	-0.104686
GGTTAATCCGACCATGAGCTCTGTAGGTCC	-0.236361
ACCAGAGAATCTACATCTAAACCCTGGGGA	0.300268
ATGGTGGAGTTGGCAGGTGTGCGCAGGTGA	0.455041
TCGTGAAACTGCTCAGGCCATCAAGGGTAT	0.462142
CTTAGAACACTCGTGAAACTGCTCAGGCCA	0.085053
AAATGGTTCGCTATTCACTTGACCCGGAGA	0.068080
TGGGGGCCTGATACTCACTTGGTGTGGCTG	-0.003602
GAGAGGTGTACCGGCATTTCGGCAAGGCCC	-0.775242
TTCCCCTTCCCTAGGTCCTCGCAAGGGCCG	-0.590862
GCCCGCAGCCGCATCCTCAGGGCAGGGGGC	0.271485
GGGTTCAGGAGGTACCCAAACTGAAGGTGA	0.129119
TAACTGATGATGTGCGGGTTCAGGAGGTAC	-0.569700
TGGGGACCATAACTGATGATGTGCGGGTTC	0.110219
ATCCGGGAAAGGGACAGAGGCGGCCGGTTG	1.300949
ATAAACAACCTCTTCAACACAACCTGGTTG	0.347502
TCTTCAACACAACCTGGTTGAATGTGGAGT	0.159796
ACACAACCTGGTTGAATGTGGAGTTGGTTC	-0.153621
AGCCTCACCTTGACCAACAGCCTCAGGTAG	0.613105
CGCCATAACAAGGACCGAAAGGTTCGGCGC	0.179185
CGAACCTTTCGGTCCTTGTTATGGCGGATG	-0.942902
TTCAGCTACGAGAGTACAAGGTAGTGGGTC	0.186383
GCGCAAAGATTCGCATGCGGTAGAGGGGCG	0.858444
TGATTAGGCGCAAAGATTCGCATGCGGTAG	0.163958
CAGGGGAGATTGTCTACTGTGGGCAGGTAT	0.285260
CTGCGGGTGAAGAACTTCGGGATCTGGCTG	1.072758
GGGATCTGGCTGCGCTATGACTCCCGGAGC	-0.182528
CCCGGTATTCCCGGTACATGTTGTGGGTGC	-0.149763
GGAATACCGGGACCTGACCACCGCAGGCGC	0.508314
TGGGTGACAGCGCCTGCGGTGGTCAGGTCC	0.398901
AGCACTGGGTGACAGCGCCTGCGGTGGTCA	0.183505
GCGGGACAGGCAGCTTACAGCACTGGGTGA	0.834693
TCATGATCTGAATGGAGTGGGCTCGGGCGC	0.773998
CCACCTTCATGATCTGAATGGAGTGGGCTC	0.096348
AGATCATGAAGGTGGAGGAGATCGCGGCCA	0.455205
TGTGCTGACGGCGCAGGACCCGGTGGGGCA	0.347545
AAGCGTGGCTTGTGCTGACGGCGCAGGACC	0.411472
AGAAGAAGGTGTTGGGCCTCTTGGTGGTGA	-0.489376
GCTCGCCTCTAGTGTCCTCCGCTGTGGCAA	-0.382528
CTCCGCTGTGGCAAGAAGAAGGTCTGGTTA	0.196763
CCAGGTACTCACGGGAGTTGGCATTGGCGA	0.112443
CAGATCCCAGGTACTCACGGGAGTTGGCAT	0.848156
CCGGAAGGGCAGGCACATGGGCATAGGTAA	0.868346
GCAGGTATCACAGCCTGTACCTGAAGGTGA	0.211839
TCATGGAACACATCCACAAGCTGAAGGCAG	0.878295
CTGAGGCCCGCAGGTCTAAGACCAAGGAAG	0.056506
GTGAAGAGCGCCTCCAGGCCAAGAAGGAGG	0.237237
ATGATCTCCTCCTTCTTGGCCTGGAGGCGC	-0.233834
AAAATGACGAACACAAAGGGAAAGAGGAGA	1.183789
GACGAACACAAAGGGAAAGAGGAGAGGCAC	0.399003
ATAGATTCGCATATATGTGGCCAAAGGAAC	0.895846
CACATATATGCGAATCTATAAGAAAGGTGA	-0.834931
AAAGAAGCCAAAGAGAAAGGTACCTGGGTT	1.186672
TTACCTGGCGCTTTAGTTGAACCCAGGTAC	0.282833
AAAGTGTGCTTCTCTGGGTGGAGCAGGCTA	0.279247
TCTCACAAAGTGTGCTTCTCTGGGTGGAGC	-1.033880
AGAAGCACACTTTGTGAGAACCAATGGGAA	-0.290014
CACACTTTGTGAGAACCAATGGGAAGGAGC	-0.110000
CCAGCAGCTCAGGCTCCTTCCCATTGGTTC	-0.378783
ATAGGGAATAGGTTCCAGCAGCTCAGGCTC	0.636122
TTCTTCTCTCAGTACATCCAGCAGTGGTCA	-0.139286
CTGCTGGTGTGGGTGACATGGTGATGGCCA	0.438463
GAACAGACTTCCCGCTGCTGGTGTGGGTGA	0.306836
ACGGCTGAACAGACTTCCCGCTGCTGGTGT	0.982891
AGCACAATTGATTACAGCTCCTACCGGAAG	0.141148
TCCGGCGTTCAAGATGTCGAAGCGAGGTGA	0.370465
ACAAGATGGCGCCGAAAGCGAAGAAGGAAG	0.472501
GATGGCGCCGAAAGCGAAGAAGGAAGGTGT	0.384187
CTCCTAAAGCTGAAGCCAAAGCGAAGGCTT	-0.283768
AAGCGAAGGCTTTAAAGGCCAAGAAGGCAG	0.216268
AAGATCCGCACGTCACCCACCTTCCGGCGG	0.620678
CAGTGTCTTCGGCCGCCGGAAGGTGGGTGA	0.311199
CGGAGTCGCAGTGTCTTCGGCCGCCGGAAG	0.932542
CGGCGGCCGAAGACACTGCGACTCCGGAGA	0.719192
TTCCGAGGATATTTGGGCTGTCTCCGGAGT	0.585888
GGGCAGTACTGACTTGTTTCTCCTGGGAGC	-0.854600
AGCGGAAACTTGATGATAGCATAGTGGTCA	-0.164539
CTTCATGGCAGACTCAGTGGTCAGCGGAAA	0.932039
ACAACAACACACTTGTGTTCATTGTGGATG	-0.339076
CTCACCGAATCAGGGTGTTGACCTTGGCCA	-0.115901
ACCCTAGGCCTGATGGAGAGAAGAAGGCAT	0.225869
ACGGAAAGCCAAATCTCGCCAAGTAGGAAA	0.178084
GGCTAATGGCACAACTGTCCACGTAGGCAT	-0.292288
ACGTGCGATCCATGCCCATCCGAAAGGATG	-0.392008
CTTCTGTCTCAGCTCTTTGGAAAGAGGGGA	0.230774
CATAATCTTCCTTCGAATGTGGGAAGGTGC	0.026272
GCCTTTTGCGATTCTTGCTTCGGTCGGAAG	-0.334407
TTTTCCACACAGCCATCCAGACTGAGGAAG	0.842943
CTTTGTATTCCTGCAGGCAAGCACCGGAAG	0.797691
TGATGCAGACCACCAGCATTACCGCGGCCG	-0.132017
AATGCTGGTGGTCTGCATCACCACCGGATC	0.271026
TACTATTTGTCGAAGTTGATCCGGTGGTGA	-0.729867
GTTGTTACCTCTTCCTAGCCACCCAGGCTA	0.134001
CCAACTTTCCCAAAGTAGCCTGGGTGGCTA	-0.259125
GGTATGAAGCATTACCACTTAAAGAGGAAC	-0.156573
AGGTTGACAGTTGGGCAGAAGCTCTGGTTC	-0.082413
CACAATTTGTCAAGGTTGACAGTTGGGCAG	-0.754668
TACCGATCGCACCACATCAATGATGGGAGC	-0.222515
GAAGAATTTGGCCTTCACGATGACAGGCTG	0.606222
CCATGGAGGAGAAGAAAGCATTCATGGTGA	0.357886
AATGCTTTCTTCTCCTCCATGGTCTGGAAG	0.032285
TTCTTCTCCTCCATGGTCTGGAAGCGGCCA	-0.173105
TTGGCCATGGCCGCTTCCAGACCATGGAGG	0.668366
AGCGGCCATGGCCAAACTTGGAGGTGGTGT	0.277746
TTGGAGGTGGTGTCAATGAACTTAAGGTCA	0.102365
CCTTGCTGGTGCAGACGAAGCGGCGGGCTC	0.630505
AGAAGCGGGTGCTCACCCTCCGCAAGGTGA	0.166465
GCTGTGTGGTGGGAACCAAGAAGCGGGTGC	0.845505
TCACCATAGTGGACAAAGCCACCCTGGAAA	0.314755
TATCTGACAAGAGCATCAACCCTCTGGTAA	0.601503
TCTTGTCAGATAGGTCATAGTCAGTGGAGG	-0.037167
CTCTGTGGCACGCGCTGGGCAGAAAGGCTA	0.176699
ATCCTGCTCGTGTAGCCTTCTCTGTGGCAC	-0.911431
GCAAGACCCACCGAGGCCTGCGCAAGGTGG	0.488900
TACCTGTGAACCAAGTGTTTGGGCAGGATG	-0.314449
CCTGATGGAGATCCAGGTGAACGGAGGCAC	0.644385
CGGGGCACTGGGCTCACCTGGGTGTGGGCA	0.642979
TCATCCGTGTCATTGCCCACACCCAGGTGA	0.538976
TTACCAAGTACTGCAAGAAATGGCAGGATG	0.592349
GCCATTTCTTGCAGTACTTGGTAAAGGCCT	-0.363250
TGCAAGAGGCGTTTCTATAAGAATTGGTAA	-0.059041
TGGTTGTGGGCATTGTGGGCTACGTGGAAA	0.261309
CCATTGTAGAGACACCACCCATGGTGGTTG	0.361575
AGGTGAACAAGAAGGAGGTGGTGGAGGCTG	0.391491
TTGCAGAGGTGAACAAGAAGGAGGTGGTGG	1.012679
AGGATGTCTGTACATACTGGATCCCGGCCT	0.708239
ACATCGTGCGGGAAGTCGACAGGCCGGGAT	0.083420
AGGCTGGCATGACTCACATCGTGCGGGAAG	0.254336
TGAGTCATGCCAGCCTTGTATCCCAGGAAG	-0.452550
CACAGCCTTCCTGGGATACAAGGCTGGCAT	-0.295816
GCCTTGTATCCCAGGAAGGCTGTGAGGTGG	-0.212506
GTGGGAAGGTGAAGAGCTTCCCTAAGGATG	-0.337230
ACGATGCCTGCTGCTGCGCTTCCGAGGCAG	-0.277020
AGCCGAGGGACCCATGTCTGGGAGCGGAGA	0.108717
AGAAAGTTCTCCGCTCCCAGACATGGGTCC	0.643625
GAAAATACTACAGAGTGTGCACACTGGCTA	0.502866
TAAAACTGGTGTCCATCACTACAGTGGCAA	-0.064025
GCAGACTCTGAAGATGATCAGACAAGGCAA	0.013835
TTTCTTCACTGCGCAGCCTGGCATTGGGGT	0.489920
CCTCCAAGAACCGCAAAGCCATCGTGGAAA	0.356732
TGGAGGAAACATTGTGAGCGATCTCGGCAC	0.364146
AAAAACAAAGCACATGCTGCCCAGTGGCTT	0.108148
TTTTGTTGCTTCCATAACCAATGTTGGGCA	0.195947
GGGCCAGATCTTGATGCCCAACATTGGTTA	0.147882
TCAGCGTAACTGGCGGAAACCCAGAGGCAT	-0.164352
TATTATTTCCTTCAGCGTAACTGGCGGAAA	-0.253049
TTGACATATCGGTCTGACTGGTGCCGGATG	0.395805
GTCCAGCGTTTGACATACCGACGTAGGCTT	0.633612
GCTGTATTGTAGGAAAGCCTACGTCGGTAT	0.492618
TAAAGGTAAACAATTCTATTACCAGGGGTT	-0.451499
GTTTACCTTTATACCAAGAAGGTTGGGAAA	0.185483
AAAATCTGCATGTGGTGTGTGCCCAGGCAG	-0.167638
ATTTAGCACACATGGAACCACCATAGGCCC	0.499164
ATGTGTGCTAAATGTGTTCGTGACAGGTAA	0.076541
GGCTGTACCCGCTGCGGAAGTACGCGGTCA	0.049288
ACCAAGAAGCAGCAGCGGAAGGAGCGGCTG	0.150709
TGAAGACCAAGAAGCAGCAGCGGAAGGAGC	0.927495
AGGTTCTCCTCGTGCTTGTTGAGCCGGCGG	-0.977534
AGACTCACCTTGTAGAATTTCCTGAGGTTT	-0.709049
GCTGCGCGTCGCCAAAGTGACAGGCGGTGC	0.713459
TGAAACAGCTGGACGACCTGAAGGTGGAGC	0.442099
AAGATCAAGGCTCGAGATCTTCGCGGGAAG	-0.354968
GCGGGACATGATTCGGGAGGTGTGTGGCTT	0.726633
AGCGGCGCGCCATGGAGTTACTGAAGGTCT	-0.208383
TTACTGAAGGTCTCCAAGGACAAACGGGCC	0.298333
GTGGGGACGCACATCCGCGCCAAGAGGAAG	0.812989
ACGCACATCCGCGCCAAGAGGAAGCGGGAG	0.508046
AGCGGGAGGAGCTGAGCAACGTACTGGCCG	0.311211
CTGAGCAACGTACTGGCCGCCATGAGGAAA	0.417710
CCATAAAGTGACACAGTACAAGAAGGGCAA	-0.090096
AAGTGACACAGTACAAGAAGGGCAAGGATT	0.994348
TTATGACAGGAAGCAGAGTGGCTATGGTGG	0.451704
CCAACTGCAGATCTAAGAGAATGCTGGCTA	1.066295
ACTGGGAGGAGATAAGAAGAGAAAGGGCCA	0.917717
TGATCGGAAGCAGAGTGGCTATGGTGGGCA	0.184464
AAGTGACACAGTATAAGAAGGGCAAGGATT	1.068099
CGTCGGTAAATACGGGACCCGCTATGGGGC	0.071561
ACTGTGGTTCCTGCATGAAGACAGTGGCTG	0.927163
TTCCTGCATGAAGACAGTGGCTGGCGGTGC	0.793746
CACCGCCAGCCACTGTCTTCATGCAGGAAC	-0.266461
GGAACTAGACTCACTTGTACGTCCAGGCAC	-0.132682
TTACCGTGACAGCGGAAGTGGTACTGGAAA	0.228353
ACTTACATTTGGCATCCTTTCGTCGGGCTG	-0.462741
TTGTCAGTGATGACCAGGGTGTAAAGGTAT	0.295419
CTGTGGTAGGTAAGAAAGGAAAGAAGGCTG	0.382275
TTTAATTACCAGGGATGTTTCTGAAGGCCT	-0.586758
GTGCATCATCTATAATGAGGATAATGGTAT	0.851410
GGGCCCCTGCGCTGGATACGGCGACGGTTT	-0.081307
CTTTGCCAGCTCTCATTCGCTGAGAGGCAT	-0.052018
AAGTTGAAGGCTACAAGAAGACCAAGGAAG	0.893192
TTTGGTAGTTGAAGATAAAGTTGAAGGCTA	0.432303
ATCTTCAACTACCAAAGGAAGTTCAGGAAC	0.535843
CAAACCTTTAGACATGACCAGTGCTGGTAG	0.566499
CTTTAGACATGACCAGTGCTGGTAGGGCTG	-0.126479
ACATGACCAGTGCTGGTAGGGCTGAGGCAG	0.240333
CTGAGGCAGCCAGGGCAGAACAGATGGCGT	0.052699
AACGATACGCCATCTGTTCTGCCCTGGCTG	-0.450850
GTTGTGTTCACTCTACGATGCCAACGGCGC	0.675283
TCGAGGTGGTGGGACTCACCGCTCTGGCCA	0.156101
GGTGAGTCCCACCACCTCGAACTCTGGGAA	0.470268
GGCTCGAATTCCCAGAGTTCGAGGTGGTGG	-0.348854
GCCCTATGCTGTCAGTGAATTAGCAGGTAT	-0.275215
TCGAATAGGAGCCTTGAATACAGCAGGCAA	0.107374
CTTTTCGGAGTACACCGATATCAGTGGGCG	-0.321299
AGGCGTGTGCTCGCCCACTGATATCGGTGT	0.272634
ATTTCACTTGGTATCTCTTAAAGTAGGCCT	-0.372718
CCAAGTGAAATTTAGAAGACGACGAGGTAC	0.139446
TATAGATTGCTTATGCCCGTATAGAGGGGG	0.157305
AGGTGACTGGTGATGAATACAATGTGGAAA	-0.165818
ATCCAAATAGCAGGTGAAGGCACCTGGCTG	0.584202
GGCCTGCATCCAAATAGCAGGTGAAGGCAC	0.905265
TGCAGGCCTTGCCAGAACTACCACTGGCAA	0.302392
AGCCTCCATCCACAGCTCCCTTCAGGGCAC	-0.416185
TCCTTGCTTTCAGAATCATAACCAGGGAAT	-0.017647
TAAAGAACAGCGTAACTCCAGACATGGTAA	0.182852
TTCGTCAGAGCAAACACAGATCGCAGGTAG	0.473123
GCAAACACAGATCGCAGGTAGCCCTGGAGC	-0.021039
AGATCGCAGGTAGCCCTGGAGCTGAGGAAT	-0.086419
AGCGCAAGATTGATCAGAAAGCTGTGGACT	0.128517
GCTGCGGAAGCCCAGACACCAGGAAGGTGA	0.288566
GCTTACTTCAAGAAGAAGAAGCTGCGGAAG	0.243668
TAGAGGAACTCGATTGAGGACCAGAGGTCC	0.485592
GGCTAGTGGCTTATTACTTGTGACTGGTAA	-0.095002
GTGACAAGAACGGCGGTACCCGGGTGGTTA	-0.324486
ACCAGTTGGTGGTGACAAGAACGGCGGTAC	0.115032
GGAAGTACTCAGCCGCTAAATCCAAGGTAA	-0.401986
GAATACCTGCCAATTCCTCTGACAAGGACA	-0.174007
CAACCCTGTCCTTGTCAGAGGAATTGGCAG	0.067842
ACAAGGACAGGGTTGCGGCTGCAATGGGGC	0.154408
CCAAGAAGGTTGATGCTGGTGGCAAGGTGA	-0.356030
CGAAGCCAAGAAGGTTGATGCTGGTGGCAA	0.163698
AAGAGAAGAAACCCGAAGCCAAGAAGGTTG	0.257077
AAGGTGGAGATGCTGGCAACAGGGAGGACC	0.170727
CCATTTTGTAGAAGGTGGAGATGCTGGCAA	0.577770
CTTCAAATTGTCTTCTCCACGAGGTGGAAT	0.038705
GGAGAAGACAATTTGAAGGGCCACAGGAAG	1.322686
TTCAAAGAGGCAAATAACTTCCTGTGGCCC	-0.069995
GTAAATACGGCATCATCTGCATGGAGGATT	0.289405
GGATTGTAGAGCCATATATTGCATGGGGGT	-0.583982
TCGAAGCCTTGTTGAGCTTCACAAAGGTTC	-0.457364
AAGGTTCCATTGAAGATTTGACGAAGGCGA	-0.381637
TTGGCGTTTGTCATCAGAATCAGAGGGTAA	0.028692
AGATGTACAGAACTGAAATTCGAATGGCGA	-0.101445
TCTTTTTCCGGCTGGAACCATGGAGGGTGT	-0.076930
TTTCTGCCCAGCCGAAAGGAAAGAAGGCCA	0.585986
CCCAGCCGAAAGGAAAGAAGGCCAAGGGAA	0.932614
TGAAGAAGCAGGAGGCTAAGAAAGTGGTGA	-0.008665
CGGCAGAGAGCCATCCTCTATAAGCGGCTG	-0.349301
CTGGGTGAACTGGTTAATCGCAGGAGGCAC	0.497850
CTCCTGCGATTAACCAGTTCACCCAGGCCC	-0.223991
GCTTTGTCTCTGGTCTGTACTTGTGGGCCA	-0.386335
AGCAAGAGAAGAAGCAGAGACTGTTGGCCC	0.517959
GGCCCGGGCCGAGAAGAAGGCTGCTGGCAA	1.137372
TCTTGTTCTCCACCAAGGTGGTGACGGTGT	0.586967
GAGCTTTCTTGTTCTCCACCAAGGTGGTGA	-0.196862
TGGTGGAGAACAAGAAAGCTCAGCTGGTGG	0.493246
AGCTGGTGGTGATTGCACACGACGTGGATC	0.265106
AGGGCAGGCAAGAAGACAACCAGCTGGAAG	0.505601
TCCCTTACTGCATTATCAAGGGAAAGGCAA	0.609483
GCGACAGTGGTGCAGGTCTTCCTGTGGACT	-0.724086
AGTTCACCTGTGTGAAGGCGACAGTGGTGC	0.408291
GTACTTACGAGTTCACCTGTGTGAAGGCGA	0.203212
CTTTTAGGGAAGACAAAGGCGCTTTGGCTA	0.687010
GTTCCCCGGAGACGTCCAGTCCGGCGGGCA	0.025260
CAGGGGCATCTCTGCGGATGGTGGAGGGCT	0.028951
AGAGGAACTGCTGGCCACGAGTACGGGGTG	0.591884
AAATATAAGGCAAAGAGGAACTGCTGGCCA	0.535808
AATTGACAAACCCATCTTGAAGGCTGGCCG	0.146786
CCCTACAGGTGTGGTGGCTGGAGGTGGCCG	0.092411
CACCAACCACAGCTCTGTTGGCTGAGGAGA	0.051959
CTGAGGAGATAACCTTCTTGGAGCCGGAGG	0.405235
CGTGGCAAGCTGGCCCGGGCATCAGGGAAC	0.203098
CCTGATGCCCGGGCCAGCTTGCCACGGTCT	0.137953
CCTGGAGGAGAAGCCTGGAGACCGTGGCAA	0.842075
AGGGTACAATCGTGTGCTGCCTGGAGGAGA	-0.145322
CAGGCAGCACACGATTGTACCCTCAGGCAT	0.230918
CAACATTGGCAATGTGCTCCCTGTGGGCAC	-0.406655
TCCCCTTGCAGCCCAGCTCAACATTGGCAA	0.001731
CAAACTGGCCCGTGTGAATGCCCTCGGCGG	-0.079360
ACTGGCCCGTGTGAATGCCCTCGGCGGCAA	0.416504
GACGGAGCTGTTCATTGCCGCCGAGGGCAT	0.647642
GATACGGATCCCGGAAGACCACCTTGGCGA	0.282784
CCCACAGGACATCATCCACGACCCGGGCCG	0.553791
ACGGCTACATCAAGGGCATCGTCAAGGTGC	-0.445675
CGCTGAGCGGCACGGCTACATCAAGGGCAT	-0.584037
CGCCGTGGATTTCGCTGAGCGGCACGGCTA	-0.100843
CTGCGCGCCGTGGATTTCGCTGAGCGGCAC	-0.171999
CCGCGCGCACGTGAAGCACCGTAAAGGCGC	0.253976
TCACGTGCGCGCGGAACACAGACCCGGCGC	0.452866
GATCCGTGGACAGAGGAAGGGCGCCGGGTC	1.023679
CCGTGTGATCCGTGGACAGAGGAAGGGCGC	0.308925
TCTGTCCACGGATCACACGGCCCATGGCGA	1.203350
CCAGAAAGATGAATTAATCCTTGAAGGAAA	-0.003082
TATCCGCAGGGTTCGGATGAGACCAGGTAT	0.373307
ATTTCAACAAGAGACCCATTCTCCTGGATA	-0.098759
GCATACACAGACCTCATCTTGTAACGGAAG	-0.356144
ACATAGGGCTTCCGTTACAAGATGAGGTCT	0.060094
AGAACATGATCAAGGGTGTTACACTGGTAA	-0.862324
TAGTCATGTACAGAACATGATCAAGGGTGT	0.291766
GTACATGACTACAAATAGTCCGAACGGTAG	-0.084919
AACAGAAAGGAACTGGCTACCGTTCGGACT	-0.114641
TACAGCTCCGGGTTGACAAATGGTGGGGTA	-0.065037
TTGATGTGATTGAAGTCCCTCCGCAGGGTT	0.074201
TCTTCTAGTCGACATTACTCTGAAGGGACG	-0.254139
GATGTGCTTTCTCTTACAGAGAGGCGGATT	0.622359
TAGCTGGTGCCGACAAGAAAGCCGAGGCTG	0.622984
CACGTGGCACAGCACTCCGTCTGTAGGTAT	0.453832
GAGCGACCTGCGAGACTCACAAGAGGGGAA	-0.178911
CGCCGTAGCCGTCCAGAGACTGGCAGGCCT	0.059520
CCAGTCTCTGGACGGCTACGGCGTAGGGTG	-0.107462
GCGTAGGGTGGCAGGCACAATCTCCGGGGG	0.253809
AGATGAAGGTAATCACGGAGATACTGGATA	1.039841
CACGGAGATACTGGATACCCTCATTGGTAA	0.192886
AGATACTGGATACCCTCATTGGTAAGGTAC	-0.515041
TTTCTACTGGTACCTTACCAATGAGGGTAT	0.158689
TAAGGTACCAGTAGAAATGTCTCCAGGCAA	0.450708
CTCTCAAGTCCCGAGGCTACGTGAAGGAAC	-0.385202
TGCCTTACAGTCTCTCAAGTCCCGAGGCTA	-0.245439
GCATGGCCTTCATGACATGAAGGTTGGGCA	0.348544
GCCAGCTCCGGGTGCTTAGGCATGTGGACA	-0.083981
AGGAGGGAGTCATGGTGGCCAAGAAGGATG	0.117134
AAAAGGAGTTCATAAATGGCAATCCGGTTC	0.541937
GGGTCCTGCTGGGAGAAACTGGCAAGGAGA	-0.163528
GAAACTGGCAAGGAGAAGCTCCCGCGGTAC	0.149848
CGCGGTACTACAAGAACATCGGTCTGGGCT	0.132398
TCGGTCTGGGCTTCAAGACACCCAAGGAGG	0.448858
CTCGAATGGACACATTACCAGTGAAGGGGC	0.379210
CGGATGTAGTGCAGATAGTCTCGGCGGATG	-0.564556
ATGTTCTTGTGGCGCTTCTCGAAGCGGTTG	-0.826321
GGGCCACTGCGCTCACCTGAAGCAGGGGGA	0.295845
AAGCGCACTGTCTTGCTCAGAGGCCGGCAC	0.394919
GCTTCAACGTGCTCAAGGTCACCAAGGCTG	0.012598
CGTGCTCAAGGTCACCAAGGCTGCCGGCAC	0.873057
ACTTCTGGAACTGCTTCTTGGTGCCGGCAG	0.319739
CACGTGCTAGGCCATCGTGGATGAGGGCAG	0.642310
CCTCATCCACGATGGCCTAGCACGTGGAAT	0.134334
GATGCAAGCACACAAAGATGGGCTTGGCGC	0.794629
AGTTGGATGCAAGCACACAAAGATGGGCTT	0.735303
AGCCTATGTATGTCAAGTTGGTGGAGGCCC	0.120498
CAACAAGAAACTAGGAGAATGGGTAGGCCT	0.060020
TTAAGGACTATGGCAAGGAGTCTCAGGCCA	0.948734
GTGAATCATCTACAGCCTCTGCCCTGGTCG	-0.238104
GAAAGCATCTTGAGAGGAACAGAAAGGTAA	-0.127162
GTTGCTGTTCGAAAGCATCTTGAGAGGAAC	-0.266379
TGAAGTTGACATCTGACGACGTGAAGGAGC	0.130774
TCCCCAGGAAGGGCCTGTCCCAGTCGGCTT	-0.044158
ATCATGGGTCGCATGCATGCTCCCGGGTGA	0.134277
CTCGGGTATGAAGATCGGGCGGATTGGTAA	0.413142
CCCAGGATGTGGCCCAGAGGTGCAAGGAGC	0.731878
CTGGGCAGCCAACATAGCAGCATATGGTGA	1.101858
GTGTGACTGGTGGGATGAAGGTAAAGGCAG	0.351814
TCTGCCGTGTGACTGGTGGGATGAAGGTAA	0.572851
GAAACCATCTGCCGTGTGACTGGTGGGATG	-0.845350
CACTTGCCAGAAAGATCAGTGACATGGACA	0.137870
GTGTCATTGAAGGATGCAAAGATATGGCAG	0.088669
CAGCCTCGGACCTCAGGTGGCTGAAGGAGA	0.885534
AGGTCATCAGCCTCGGACCTCAGGTGGCTG	-0.036095
CGCCGCGGTAGGTGAACTTGCGGAAGGTCC	0.195143
GCTGGTCGAGGTCCACGCCGCGGTAGGTGA	1.072953
CTGTACAGTGCGCGCCAGCGGCGGCGGCTG	0.164617
AGGAGGCGCCGCCCATGGAGAAGCCGGAAG	1.016353
CGGAAGTGGTGAAGACGCACCTGCGGGACA	0.534008
TCGGGTAGGATGATCATGTCCCGCAGGTGC	-0.281493
GGGACATGATCATCCTACCCGAGATGGTGG	0.153376
ACCATGCTGCCCACCATCTCGGGTAGGATG	-0.425096
GGGCAGCATGGTGGGCGTCTACAACGGCAA	-0.347510
TCTACAACGGCAAGACCTTCAACCAGGTGG	-0.310562
GTGATGGAGAACTCGCCCAGGTAGTGGCCG	0.931161
TTGTAGGTGATGGAGAACTCGCCCAGGTAG	0.285378
CTTCATGGTCCATGATGCCAGCTGAGGTTG	0.533427
TTTCATTGTACTGACAACCTCAGCTGGCAT	0.406099
GATTTGACGTGCAACTCAAAGACCTGGAAA	0.280282
AAAATTGTTGTGAACCTCACAGGCAGGCTA	-0.147648
GTTTCTCACTGTGATGATGAAGCATGGTAA	0.093025
TGCTTCATCATCACAGTGAGAAACCGGACG	0.231617
CAGTGAGAAACCGGACGATGACTTTGGAGC	0.454346
AGGCCGTGCTCCAAAGTCATCGTCCGGTTT	0.076204
TTGGAGCACGGCCTAATAAGCACCTGGCGT	0.795948
CCACAATGGTGCGCATGAATGTCCTGGCAG	0.223137
TTGAGTCACGATGGGCTTATCGGTAGGATT	-0.827593
CGAGGGTCAGCTACCAGCAGGGTCCGGTCA	1.208639
AGCAGGGTCCGGTCATACTGGATGAGGATG	0.632302
TCTGGTAATAGGCCACCAGGGCTTTGGAGA	1.076475
TCCGTCAGTCCATCTCCAAAGCCCTGGTGG	0.239795
AGCGTGCGCGGCTCAATCATCTCCAGGGGC	0.242804
AATGGTCTCATCAAGGTGAACGGGCGGCCC	-0.237137
GCAAACGCGGCAATGGTCTCATCAAGGTGA	-0.265038
GACAGCTGTGGCGCACTGCAAACGCGGCAA	-0.258455
TCTTACAGAAGACAGCGACAGCTGTGGCGC	0.377693
ACTGCAGCGGGCCCTTGGACGGCATGGCTC	0.144725
CGTTTTGAAATTCATCCCAACTGTAGGCTG	0.298564
CTTCAGGTCACTCAGCCTACAGTTGGGATG	0.067021
AGGTTGGACAGACTGCCGAAGTCCTGGAAC	0.659637
CTACTTCAATAATCTCCTGATCCAAGGCTG	0.082808
CCTTGTAGGTCTCAGCCTTGGATCAGGAGA	0.158899
AAAGGAGAGACAATTATGTTCCTGAGGTAA	-0.210484
GCATCTGATGAAGCGAATTCAGAGAGGCCC	-0.236268
TTGTTCGTGTGGAAGTCGTTGCCCAGGCGC	-0.260249
GCGAGTACTCAACACCAACATCGATGGGCG	0.040901
TTACCTTAATGGCAGTGATGGCAAAGGCTA	0.110224
CTTCACTTACCTTAATGGCAGTGATGGCAA	0.286814
GTGTGGGCCGAAGATATGCTCATGTGGTGT	-0.061541
AAAGCAGACATTGACCTCACCAAGAGGGCG	-0.117878
AGACATTGACCTCACCAAGAGGGCGGGAGA	0.394627
GTGAGTTCTCCCGCCCTCTTGGTGAGGTCA	-0.635193
GGGCGGGAGAACTCACTGAGGATGAGGTGA	0.622393
ATAATGGTGATCACACGTTCCACCTGGCAG	0.060201
AAGAACCAGTCTGGGATCTTGTACTGGCGT	-0.516573
TTCTGTCTGTTCAAGAACCAGTCTGGGATC	0.153099
CAGACTGGTTCTTGAACAGACAGAAGGATG	0.439064
CCTCTGAATCCAGGTCCTAGCCAATGGTCT	0.187572
CACGGAGCTTGTTGTCCAGACCATTGGCTA	0.146275
TGGACAACAAGCTCCGTGAAGACCTGGAGC	-0.018919
TTCTTCAGTCGCTCCAGGTCTTCACGGAGC	-0.459914
TTGGTGTGCTGGCCTCGGACACGAAGGCTG	0.091594
GCACACCAAGACCACTGGCCGCCGTGGCCG	0.059483
CCACGGTGCGGCCACGGCGGCCAGTGGTCT	1.036506
GGCTCCAGCTGTGGCTACAACATAGGGTTT	-0.093025
TGCAGCGGACTCAGGCTCCAGCTGTGGCTA	-0.435168
ACCCACACCAGAGTCTCCGTGCAGCGGACT	0.460369
GAGACTCTGGTGTGGGTCTTGACGAGGTGG	-1.021197
CGAGGTGGTCAGTGAACTCCTGATAGGGAG	-0.043331
TTGGTGAATACAGTCTCCTTCCAGAGGTCG	0.189750
GAATACAGTCTCCTTCCAGAGGTCGGGGGT	0.347762
TCAGGTAGCTGTAGGTCTTAGAAATGGCAT	-0.507769
TCGATGACTGCTACACCTCAGCCCGGGGCT	0.337609
TGGTACGCCTCATCCCTGCACCCAGGGGCA	-0.146913
AGGCGTACCAGCACAGAGCCGCAGCGGCCT	0.278692
CAGCCTACCTTGCAAGGGACAGTGTGGGGC	0.014429
CGATGGAGAGCTTGGCCAGGATGATGGCCC	0.572180
TGGGTGTTAAGTGCTCCAAGGAGGTGGCCA	0.613728
TCGGTCTGGGTGTTAAGTGCTCCAAGGAGG	0.163808
GAGCACTTAACACCCAGACCGACGTGGCCA	0.309989
GGACTACAATGGCCACGTCGGTCTGGGTGT	0.539461
CAGGACAGCCGGGTACCTTGAACCTGGTGC	0.468919
GCCAGTGCAGAAGCAGACCCGTGCCGGCCA	0.678992
AGGACATGAAGATCAAGTCCCTGGAGGAGA	0.341475
TCACCAAGTTGGGCCGCTTGGTCAAGGACA	-0.093421
TCGGCCTTGCCTCCGCGAGCTCCGCGGCCT	0.073559
GCGGAGGTTTCGGCAGTGGCATCCGGGGCC	0.435422
CGGATGCCACTGCCGAAACCTCCGCGGAAG	-0.200460
CGGGGGCCCTGGTGGCCCTGGGATGGGGAA	0.326442
AGATGCAGAACCCATGGATACAGAGGGCCA	0.029911
TCGAATCTACAGATGCAGAACCCATGGATA	0.151638
AATAGTTGACTTAAGCATCTGCAATGGTGA	-0.513921
AATGGTGACTTCCACCTCAACTCCTGGCTC	0.131251
TCAGTATTGAGCCAGGAGTTGAGGTGGAAG	-0.384252
CTTGTGGTGAAGGTTCTAAGACGTGGGATC	0.500932
CCACGTCTTAGAACCTTCACCACAAGGAGT	0.055306
CCCTCCGATTTACTTTACCTTGGTAGGCAT	-0.176165
TGTAGTGTGTGCTGACTTGATAAGAGGCGC	-0.268057
GAAAAACACCCGTGGAGCCGGAGGTGGCAA	0.636326
CTAACTGTGCCCGATGCGTGCCCAAGGACA	0.134911
AACATAGTGGAGGCCGCAGCAGTCAGGGAC	0.291771
CTTCAGAAATGTCCCTGACTGCTGCGGCCT	0.033818
CATTTCTGAAGCGAGCGTCTTCGATGGTAA	-0.335884
TCACATACAGCTTGGGAAGCACATAGGCTA	-0.054278
GTAATGTAGCTTCACATACAGCTTGGGAAG	-0.360360
CTTTAAGAACTCAGCTCCTTACATGGGCTT	-0.541713
ATCTCCTTCATCCCTCTCCAGAAGAGGAGA	-0.339795
AGAGGAAACACAAGAAGAAACGCCTGGTGC	0.780606
CTGGGCATTTCACATCCATGAAGTAGGAAT	0.298690
CTACTTCATGGATGTGAAATGCCCAGGTGA	-0.162738
CCGTTTGTGCATGGCTAAAGACCGTGGTGA	0.252099
CTCCTGTAGGCTGGCAGAGGACAGTGGAGC	0.529903
CACTGTCCTCTGCCAGCCTACAGGAGGAAA	-0.074214
GCTTTTAGTGCTGCTTCCTCCTGAAGGAAC	-0.191875
ATGTAAAGGCCAAGATCCAGGATAAGGAAG	0.696112
CTTTGCTGGCAAGCAGCTGGAAGATGGACG	0.774770
TCTTGTGCTTATTCTTCTTGGGAGTGGTGT	0.092583
AGAAGAATAAGCACAAGAGAAAGAAGGTTA	0.901382
TCATCAGAAGGGCACTCTCGACGAAGGCGA	0.311957
TCGAGAGTGCCCTTCTGATGAATGTGGTGC	0.388866
ACCCCAGCACCACATTCATCAGAAGGGCAC	-0.342635
AAGTCACTTTGACAGACATTATTGTGGCAA	-0.299922
TTTCCGTCAGTACGCGAAGGATATCGGTTT	0.352226
GCCAGTGTTTCCGTCAGTACGCGAAGGATA	0.080749
TTCGCGTACTGACGGAAACACTGGCGGCAC	0.004751
CGGAAACACTGGCGGCACATATTGAGGCCA	-0.175155
CGCGGGTGGCTCCAGTACAGCTGCTGGTGA	0.666627
AAGATGGGTCACCAGCAGCTGTACTGGAGC	0.171853
TCTTACTCGGGAGCTGGCTGAAGATGGCTA	0.443177
GTTGAGGTGCGAGTTACACCAACCAGGACA	0.639879
CAGAATGTTCTTGGTGAGAAGGGCCGGCGG	-0.095938
ACAGCAGTCAGTTCCCGAATCCGCCGGCCC	0.357659
GAACTGACTGCTGTAGTTCAGAAGAGGTTT	-0.117520
GACTGCTGTAGTTCAGAAGAGGTTTGGCTT	0.458422
TTCAGAAGAGGTTTGGCTTTCCAGAGGGCA	-0.614008
GGGCAATGGCACACAGACCTCTAGTGGCCA	0.201487
CTAGAGGTCTGTGTGCCATTGCCCAGGCAG	0.020275
AACGCAGAGACTCTGCCTGGGCAATGGCAC	0.698289
GTTTGTAACGCAGAGACTCTGCCTGGGCAA	-0.071759
AGAGTCTCTGCGTTACAAACTCCTAGGAGG	0.004088
AAACTCCTAGGAGGGCTTGCTGTGCGGAGG	-0.637116
TAAAGGGCCTGCTATGGTGTGCTGCGGTTC	0.234959
GGTTGTGGTGTCTGGGAAACTCCGAGGACA	-0.510576
TGTGGATGGCCTGATGATCCACAGCGGAGA	-0.189384
TAGTAGTTAACAGGGTCTCCGCTGTGGATC	-0.185814
GCAGTGTCAACGTAGTAGTTAACAGGGTCT	-0.262046
ATCAAGGTGAAGATCATGCTGCCCTGGGAC	0.066699
GCCAATCTTACCAGTTGGGTCCCAGGGCAG	-0.048804
CTCTCTGACCAGCACCATGGCGGTTGGCAA	0.445614
GGCGCTTGTTCTTGCCAACCGCCATGGTGC	-0.444625
TGGCAAGAACAAGCGCCTTACGAAAGGCGG	-0.192094
AAAGACGCTCGTCACCAGGACCCAAGGAAC	0.427488
TAAAAACTGCCTGACTAACTTCCATGGCAT	-0.351822
ACTGCCTGACTAACTTCCATGGCATGGATC	-0.032144
TTGTCACGGGTAAGATCCATGCCATGGAAG	-0.074514
TCACGTTGATGTCAAGACTACCGATGGTTA	0.160183
AGAACAGACGAAGCAAGTAACCATCGGTAG	0.500979
TCCATCATCTTCTTCCGGATTTGGCGGACC	-0.480156
AGATGATGGAAATCATGACCCGAGAGGTGC	0.439412
TGCAGACAAATGACTTGAAAGAAGTGGTCA	0.047119
TTGTCTCTCTCTTCAGCAATGGTGAGGCGG	-0.018932
CGTGGTTCACGTGAAAGATGCCAATGGCAA	0.595173
ATTGGTGTGATCACCAACAGAGAGAGGCAC	0.912177
TATGGTGACTGGAGGTGCTAACCTAGGAAG	0.063115
CCTAGGTAACCTGTGTATGGTGACTGGAGG	0.667504
TACTGATTTCATCAAGTTCGACACTGGTAA	0.159222
GCGGGCATCATGAGTCACCAGATGAGGGAT	0.132860
TACGATGTACAGCAAAGCGACCCTTGGTGT	1.040283
TTTCCGTCTGATCTATGACACCAAGGGTCG	0.444286
AGATGTCATCAGCATTGACAAGACGGGAGA	0.390327
TCTTACCCATGAATCCAGCAGGGTAGGTTA	0.214801
GAAGTAAAGAAGATTTGCATGCAGCGGTTC	0.434442
AGGGGGAGACACTCTCTCAACTTGTGGGGA	0.191448
GTTACAGGCTCCTCGTCCATCCACCGGTCC	0.275755
TATATAAGATACTTACAAACACACCGGTCA	0.382328
AAGCGGGTGGCAGCTCCAAAGCATTGGATG	0.349810
GTCCCAAGAAGCATCTGAAGCGGGTGGCAG	0.571221
TCACCCTGTCCCAGGATGACCGAGTGGGAG	-0.631216
AGTGGGAGACAGCAGCACCAGCGGTGGCAG	0.540689
CCAGACATCAAGCTCTTTGGGAAGTGGAGC	0.436315
TGCAGATCAATGACATTTCCCTGCAGGTGA	-0.369541
GGCGGCATACCGCCCTGCACTGTGAGGCAG	0.121466
CCGTGCATCATCATGGAGTTAGTGAGGCGC	-0.417164
CTGTGAGCAGGTGTATGATCTCGAAGGCAT	-0.021637
AGATCATACACCTGCTCACAGGCGAGGTAG	-0.156087
ATGGCGTTCACCAGGACCTGCAGAGGGTTC	0.441105
GCCCAATGCGTGTGGAGTCCTCCCGGGGAC	-0.554143
GGCGCGCCGGGACTGTGAGACGACAGGCTG	0.760229
CCGGGACTGTGAGACGACAGGCTGTGGATG	0.834693
CTAGGCCATCTGGCTGCTGTGCACAGGCGC	0.033896
GGCTGCTGTGCACAGGCGCTCGTGAGGCTG	-0.240140
CAGCAATGGTCTTAATGTTCCGGAAGGCAG	-0.307146
GCTCATCTGCCAGGCACTCAGCAATGGTCT	-0.111119
AGAAGAAGGACGAGCTGGAGCGTGTGGCCA	0.448099
TTTAAGGGCTTTCTTACAACATACTGGCGG	0.295956
AGGCACTGTAGTATCAGTCAGTCCAGGAAT	0.428603
CTTCTAAGGAGAGAAGGATATTCCTGGACT	0.255863
TTCCTGTTACAGACCAAGGAGAACTGGAGA	0.515289
AAGGGGCATTCCTGTTACAGACCAAGGAGA	0.627417
CCGTGTCCGCCTGCTACTGAGTAAGGGGCA	0.294864
CATGAAGCAGGGTGTCTTGACCCATGGCCG	-0.259954
AATCAGTGGTGGGAACGACAAACAAGGTTT	0.365893
GGTTATGTGGTCCGAATCAGTGGTGGGAAC	0.139326
CACAGAAGTTGCTGCTGACGCTCTGGGTGA	0.205198
CCAGAGCGTCAGCAGCAACTTCTGTGGCCA	-0.140405
CTTCAATGAGTTTCTGGCAGCCAGTGGCTG	0.502083
ATGAGTTTCTGGCAGCCAGTGGCTGGGAAG	0.018513
GCTGAACATCTCCTTCCCAGCCACTGGCTG	0.777609
ACGAGTTCGAGTCCGGCATCTCCCAGGTGA	-0.272309
AGCTGGAGATGAACTCGGACCTCAAGGCTC	0.156348
AACTCGGACCTCAAGGCTCAGCTCAGGGAG	-0.066139
GGGAGCTGAATATTACGGCAGCTAAGGTAA	0.460183
GGAAGCATGTCGTCTTTATCGCTCAGGTAT	-0.523824
TTGGGAAGACCAAGTCCTCAAGGATGGCAT	-0.091584
ACTTGGTCTTCCCAAGCGAAATTGTGGGCA	0.305210
TGGACAAAGCACAGCAGAACAATGTGGAAC	-0.073034
CACAGCAGAACAATGTGGAACACAAGGTAA	0.384502
TTTCTGGTGTCTATAAGAAGCTCACGGGCA	1.049781
CCCAACTCATACTTCCGCTTCTTGTGGTAG	-0.213253
TGGGGCGCCCAGCTGCCAACACCAAGGTGG	0.214116
CCACGCTCGCACCCACCTTGGTGTTGGCAG	0.141630
GCACACGGACTGTGTGGATGCGGCGGGGGC	0.085220
GGTAACAAGAAATACCGTGCCCTGAGGTTG	0.353711
ACGAGCTGGTTCGTACCAAGACCCTGGTGA	0.641017
TGAGCACGATGCAATTCTTCACCAGGGTCT	-0.470543
ATCGACAGCACACCGTACCGACAGTGGTAC	0.803191
GCATAGTGGGACTCGTACCACTGTCGGTAC	0.321062
CGCACCAGCTTGGCTCCCTTCTTGCGGCCC	-0.571467
ACAGGGAAGTAACACGCACCAGCTTGGCTC	0.251816
GTCTCCTGGAGGAGCAGTTCCAGCAGGGCA	-0.425944
CATCGCTTCAAGGCCGGGACAGTGTGGCCG	0.142945
GCCATCTGCTCGGCCACACTGTCCCGGCCT	-0.097670
GCTATGTGCTAGAGGGCAAAGAGTTGGAGT	-0.154079
GGGGAAGCGGAGCCAACATGCCAGTGGCCC	0.603504
AGCGGAGCCAACATGCCAGTGGCCCGGAGC	0.551787
GCGACAAACCCAGCTCCGGGCCACTGGCAT	0.864851
AAGTTTTGCGACAAACCCAGCTCCGGGCCA	0.930085
CGAGATTTCTCGAAGGGTCTCCGCGGGGTC	-0.044886
TCCCCACCAGGCGAGTATGGGCTCCGGAAC	0.533493
AGTATGGGCTCCGGAACAAACGTGAGGTCT	0.301189
AGGTCTGGAGGGTCAAATTTACCCTGGCCA	-0.052201
AATTTACCCTGGCCAAGATCCGCAAGGCCG	0.012598
CATCAAGCGTCAGCAGTTCCCGGGCGGCCT	-0.215514
CTGACGCTTGATGAGAAGGACCCACGGCGT	0.498803
GAAGGACCCACGGCGTCTGTTCGAAGGTGC	-0.002548
TACGCACCTTCGAACAGACGCCGTGGGTCC	0.556237
CTCTTCCCAGGCAACGCCCTGCTGCGGCGG	-0.078942
CCTGCTGCGGCGGCTGGTCCGCATTGGGGT	-0.000768
TGCTGGATGAGGGCAAGATGAAGCTGGATT	0.859874
GCAAGATGAAGCTGGATTACATCCTGGGCC	-0.373707
CCCAGCTTGAAGACCTGGGTCTGCAGGCGT	0.351496
TGGCCAAGCCCAGCTTGAAGACCTGGGTCT	0.554218
GGATCAGCACGCGAGCGTGGTGGATGGACT	0.502088
CGCTGGCGGATCAGCACGCGAGCGTGGTGG	0.286609
CCGAGGTGGTACCTGATATGGCGCTGGCGG	0.218252
GAATCCAGGCGGACAATGAAGGACGGGATG	0.162377
TCTGGGAATCCAGGCGGACAATGAAGGACG	0.240512
TTCTTGGCATTCTTCCTCTTCACGCGGCCC	-0.641912
ACACCTCGGCAGAAGCGAGACTTTGGGTAC	0.376525
AAAAGTGGATGAGTTTCCGCTTTGTGGCCA	0.536188
ATGAGTTTCCGCTTTGTGGCCACATGGTGT	-0.161154
AAAGATGGCTTCCATATCCGGGTGCGGCTC	0.386977
CTTGTTGATGCGGATGACGTGGAAGGGGTG	0.414924
GCACAGGACAACATCTTGTTGATGCGGATG	-0.429292
CCAAAGGCACCTCGCATGCCTGTTTGGAGC	-0.485306
TCACATGCTCCTTGTTCTGCAGCTTGGTGC	-0.138494
GCGCAGGGCCAAGTTCAAGTTTCCTGGCCG	0.447699
AGCACTACATACCTTCTGGCGGCCAGGAAA	-0.044996
CTTCAAATTCATCAGCATTGAACTTGGTGA	-0.037097
CCACTTGTCCAGAGGGCCACGATTGGGGAT	0.008152
AGGTGGACAGGAAGTAGAATTTATTGGTGA	-0.066719
GTAGATACAAAGACATAGGTGGACAGGAAG	0.686522
AGAATGTAGATACAAAGACATAGGTGGACA	0.366080
ATGTCTTTGTATCTACATTCTTGACGGGGA	-0.492187
GAAGGAACTTCCTCTGGGAACCTTTGGGTC	0.260494
GGGCAATGACCCAAAGGTTCCCAGAGGAAG	-0.285583
TGAAGTGAAAGGGCAATGACCCAAAGGTTC	0.163012
TCATTGCCCTTTCACTTCAGAAACAGGTTG	0.349131
GTTGACAACTCAGCCCTGCTCATGAGGCAG	-0.371215
CCCCCCTCCTCTCTCGAAGGTTCCTGGAGA	0.504329
TGCCCGAGAAGCGCTTGTCCTTCTGGGGAT	-0.182265
AGCACTGTGACGAGGCTAAGGCCGTGGATA	-0.112288
CCTTCTTCATTTGGAACTTGATTGTGGACT	-0.195071
TTCCCTCCTCCCAGGTGTTATGTCTGGCTG	-0.643269
ACATTCACCTGGCTGTCAACTTCTTGGTGT	-0.208088
TGCCCATGGTGCTCTTGATATATAAGGCCC	-0.534078
ATTTATTCAAATGTGCCTTAATATAGGCGC	-0.236646
TACACTGTCAGATCCTTTGGCATCCGGAGA	0.468295
GAGGGGCCAAGGCAGAAGAAATCTTGGAGA	0.533454
AAGAAATCTTGGAGAAGGGTCTAAAGGTGA	0.196903
GAAACGGGAATTTATTTGCCAGGAAGGATG	-0.310990
TCCTGCTCTTACCAGAGAGTTCTCTGGCTA	0.195625
GTTTTTCTGTTTCTTTCTGTCTCTTGGTGG	-0.224963
GGTTCCTTGAGGGCTTTGATGATCAGGGCA	-0.333168
GCTTCAAGACCATGCCATTCCGGCTGGGCG	-0.491819
GCCGCTGCCAGTCCTTGTGGAAGTGGGGCT	0.732062
GCCACGCGCCGCTGCCAGTCCTTGTGGAAG	-0.654313
CACCTGCGGATCTTACGGGCCGGCTGGTTG	0.622317
CGATGCGGCGCGCCTTGGCTTGCCGGGCCT	0.065020
GGGGCAGCGCACGATGGGCCGGATGGGACC	0.175209
CTCCGTGGACTTGTTCCGCCTCCTCGGATC	-0.314772
GAGTCCCTGCAGGCCAACGTGCAGCGGCTG	0.411436
CGGGCATGACCGGTCCGGTCAGCTGGGTGG	-0.214711
TCAAAGCCTTCGCTAGTCTCCGTATGGCCC	-0.138062
AAAGAGCCAAGGAAGCCGCAGAACAGGATG	0.537095
GTCGAGGCCATCTCCTGGGCCGCCTGGCGG	0.534717
GCCTGGCGGCCATCGTGGCTAAACAGGTAC	0.218599
ACGCTGTGAAGGCATCAACATTTCTGGCAA	0.204120
GGTCCAGAGCGGCCTGGCCTCGCTTGGTTT	0.203639
CAAACACCTTGAGACGGTCCAGAGCGGCCT	-0.070251
CAGACGCACGACCTTGAGGGCAGCAGGAAC	0.976081
TAAGCTGGGACTCACCTTTCTTGTAGGCTT	-0.785299
TACTTCCAGCCAACCTCGTGAGCCAGGCGC	0.211577
TGCACTTATTCTTGGCAGAGGCTACGGAAA	-0.045940
ATTCTTGGCAGAGGCTACGGAAACAGGCCG	1.097566
CAATTTTCTTCTCCACGTTCTTCTCGGCCT	-0.488897
TCAGGCGCTTCGTGGAGGTTGGCCGGGTGG	-0.084868
ATTGTAGATGTTATTGATCAGAACAGGGTA	0.101040
CACCAGAAGTATGTCCGACAAGCCTGGCAG	0.404099
CCCTTTCTCTGGCTTCAATCTTCTTGGCCC	-0.622845
TTTCTGGGCAGGAACCTTCTGGGCTGGAGC	-0.224245
GTGGCTTTCTGGGCAGGAACCTTCTGGGCT	0.373411
CTGCTTTCTGGCCTGTGGCTTTCTGGGCAG	-0.267323
GAGCAGGCGCTGCTTTCTGGCCTGTGGCTT	0.559159
GCTTTTGGAGCAGGCGCTGCTTTCTGGCCT	-0.025396
GAAAGCACCTGCTCCAAAGGCATCTGGCAA	0.973043
TTATGCTTTCTTGCCAGATGCCTTTGGAGC	0.120514
AGGCTTGCCGTAAGTTGCACCCTTAGGAAC	0.008852
TGAAGGCTTCGAGCAAACTTTAGCTGGTTA	0.334978
TTTTTTCCTATTCTAGGAGCGAGCTGGACG	0.635455
TCAGGATTTCTTCTGATAGCTTTATGGAAT	-0.277602
TGGTTTGGTGATCCACTGGGTGTCAGGATT	0.582197
AGCCCACGCATCTCCCTGTGCTTGTGGACT	-0.451817
TGCAGGCCGAAAGAGCCGTGGCCTTGGAAA	0.364864
AACTTGTGGCCCTTTCCAAGGCCACGGCTC	0.342725
ATTGGTGGCTCTCGCCGGGCAGCTTGGAGA	0.241652
CCTGAGTGAGAGTGAGACTCCATCTGGAAA	0.164199
GATGGAGTCTCACTCTCACTCAGGTGGGAG	0.181455
TTCTTCAGTTTCTTCTGGGATATCTGGGGA	0.159753
TTTCTTCTGGGCAACCTCCTCTTCTGGTTT	-0.156325
CTGGGCAACCTCCTCTTCTGGTTTAGGAAC	-0.005406
CGCATCTTAGGTGCTTTGTTCACTTGGATA	-1.035120
CCATTTTCTTTCAGGCCAAGCAATGGGGCT	-0.102144
AACTCCACCATTGTAACGTCGGAATGGTAC	-0.175824
GTTCCAATCTTCGTGTTCACTTTAAGGTAT	-0.492287
TTATTTTCTAGCATGCAAATCAAGAGGTTC	-0.089817
TGGCACGCTCGAACTTCCGGCCCTTGGAGC	1.028921
AGCAGGACAGTGCCACAGCCCTTAGGGGAG	-0.011989
GCAAGATCCTCACTTTCGACCAGCTGGCCC	0.222855
CCCCCTGCCCTGAGGATGCGGCTGCGGGCC	-0.282235
TATGTGCACTGCGCGTGACCAGCCGGGCCC	0.342167
GCCCCCGCCAGCTCACCTTCAGTTTGGGTA	-0.271399
CCATAACTGATGATGTGCGGGTTCAGGAGG	1.172480
CCTGAACCCGCACATCATCAGTTATGGTCC	0.054285
TAAGATCCGGAAGATGAAGCTTCCTGGCCG	0.366580
AACCGGCCGCCTCTGTCCCTTTCCCGGATG	0.170297
AGGTTGTTTATGAGTCGCACCAACCGGCCG	0.170833
GGTTGAATGTGGAGTTGGTTCTTCTGGCCA	-0.377156
CTTCTGGCCAGAAACCTGTATAACTGGAGG	-0.220239
GTCTTCCCGTCCCTCCAGTTATACAGGTTT	-0.383120
AGCACGCCATGAAGGCCTCGGGCACGGTAA	0.095354
TCCACAGACCGAGACATGGGTGCCCGGCAC	0.457917
TGGAGTGGGCTCGGGCGCGGTGCCGGGCAC	0.729108
TCTCCTCCACCTTCATGATCTGAATGGAGT	-0.250907
GAGATCGCGGCCAGCAAGTGCCGCCGGCCG	0.229437
TGACAGCCGGCCGGCGGCACTTGCTGGCCG	0.152564
CCAAGAGGCCCAACACCTTCTTCTAGGTGC	-0.276320
GTGTCCTCCGCTGTGGCAAGAAGAAGGTCT	0.355864
TATGCTTTCCCAGGTCAGCAGATCCGGAAG	0.068371
GCAGATCCGGAAGCTCATCAAAGATGGGCT	0.084768
CGCAAGCCTGTGACGGTCCATTCCCGGGCT	-0.247767
GGAAAAACACCTTGGCCCGCCGGAAGGGCA	0.180751
TGTGCCTGCCCTTCCGGCGGGCCAAGGTGT	0.943473
TCCATGTGACCTTCTCTGGCATTCGGGCAT	-0.119521
TCTCCTCATCCATGTGACCTTCTCTGGCAT	-0.083620
AAACTTACGCCAGGAGCTTCTTGCGGGCCT	-0.466472
CTTCCCTGACCAGTGACCAGGCTGAGGCCC	0.835260
ACCTGCGGGCCTCAGCCTGGTCACTGGTCA	0.511540
CTTCACGGCGCTTGCGTGCTTCCTTGGTCT	-0.832494
GCAAGCGCCGTGAAGAGCGCCTCCAGGCCA	0.749473
AAGTCTTGATGATCTCCTCCTTCTTGGCCT	-0.383055
TTCACACGTTTCAGGAAGCTATCTCGGCTC	-0.590633
ATGCTGCCAGCATTGGATGCAATCCGGGGC	0.436339
TTTTAATGCAGGTTCTGCCATTACAGGACC	0.524056
CCTACCGGAAGACCCAAGGAAATCCGGAAT	0.874483
ACACACACCTTCCTTCTTCGCTTTCGGCGC	-0.212081
GGGAGCGCTCTTCCGAGGATATTTGGGCTG	0.000463
TGATGATAGCATAGTGGTCAAGCCTGGGAG	-0.040372
CAGCCTGTTTAATCTGGTGCTTGTTGGCTT	0.125680
AGCTTCTTCACAGCCTGTTTAATCTGGTGC	-0.343008
TACTTTATTCCTGCATCTTCTCAATGGTTT	-0.639268
AGGAAGAAACCATTGAGAAGATGCAGGAAT	1.084812
AAGCCAAATCTCGCCAAGTAGGAAAGGAAA	-0.341803
TGGCGAGATTTGGCTTTCCGTTCGAGGATC	0.068459
ATTGGCAAAGTAGTCCAGGTTTACAGGAAG	0.212439
TGGACACTATAAAGGTCAGCAAATTGGCAA	0.044012
CACACCTGAACTTCATCATCCTTTCGGATG	-0.258116
TAGGGGCCACGTGAGCCACGGCCACGGCCG	0.628224
CACTTACCTATGCGGCCGTGGCCGTGGCTC	-0.316848
ACCACCAGCATTACCGCGGCCGCCGGGGTG	0.137580
ACTTACTATTTGTCGAAGTTGATCCGGTGG	-0.429009
TCTTCCTAGCCACCCAGGCTACTTTGGGAA	0.037642
CCAACTGTCAACCTTGACAAATTGTGGACT	0.551221
TCTTCTAGGGCTACTACAAAGTTCTGGGAA	0.308797
GCCTTCACGATGACAGGCTGCTTTGGGAGC	0.442795
CCTCAGCTCTTCTGCTGAAGAATTTGGCCT	0.202797
TCTGGAAGCGGCCATGGCCAAACTTGGAGG	0.495522
GTCAGGACCTGCCTCACCTTGCGGAGGGTG	-0.025249
TGCGGAGGGTGAGCACCCGCTTCTTGGTTC	0.610204
GACCAATGACTTTGTCATGCTGAAAGGCTG	-0.710383
TTGATCAGCTTGCCGTCCTTGATAAGGTAG	-0.457685
TGGCCAGGGCTACCTTATCAAGGACGGCAA	-0.138993
CATTCAGATTTATAAGATTGGCCAGGGCTA	0.115899
GGCCTGCGCAAGGTGGCCTGTATTGGGGCA	0.351404
ATACAGGCCACCTTGCGCAGGCCTCGGTGG	1.107791
GCAGCTTCTTGGTGTGCCAACGACTGGTGA	0.209752
CAGGATGAGATGATCGACGTCATCGGGGTG	0.653286
TCTCGCGGGCCCAGTCCAGCTTCTCGGCCA	-0.102072
TCGGCCACAGTGCCTCCGTTCACCTGGATC	-0.411221
CCTGAAGGCATAAATCTAAGAAGAAGGCCT	0.245557
TGTGCTCAGCAAAGACAGTCTTGAAGGTCC	-0.389844
GCAGGAAGCCGAGGGACCCATGTCTGGGAG	0.420261
TGATCAGACAAGGCAAAGCGAAATTGGTCA	0.927468
CCGCCTCACTCACCGTCTTCTTTGCGGCCA	-0.634660
CCATCGTGGAAAGAGCTGCCCAACTGGCCA	-0.012571
GCAGCTCTTTCCACGATGGCTTTGCGGTTC	-0.183113
AGCACTTCCAGCTCCTTGACGTTGTGGACC	-0.530765
TCCAGCTCCTTGACGTTGTGGACCAGGAAC	-0.399550
AAGCACATGCTGCCCAGTGGCTTCCGGAAG	0.718247
TACGAACCCTGTTGTCAATGCCTCTGGGTT	0.009789
CTGACTGGTGCCGGATGAACTTCTTGGTTC	-0.102927
ATTTTGGTGCTTTCCCAACCTTCTTGGTAT	-0.268342
TCCAAAACAAAGAAACATGTCAGCAGGGCC	0.346957
TGTCACGAACACATTTAGCACACATGGAAC	0.234477
TTCCGCTGCTGCTTCTTGGTCTTCAGGTTC	-0.191120
GCGGCGCATGGCACGTGTCTTCTTAGGCCG	-0.234699
ATGGCACGTGTCTTCTTAGGCCGCAGGTCC	0.406018
CGTGTCTTCTTAGGCCGCAGGTCCAGGGGC	0.593983
TAATAACTGTGAGAACACGGGCAATGGATT	1.148901
GTGAGAACACGGGCAATGGATTTCCGGACG	0.339228
GCCTCACTTACATCTTAGAGAGCTTGGAGG	0.462032
TGGAGGCCGCACCGCCTGTCACTTTGGCGA	-0.786608
CCTGTCACTTTGGCGACGCGCAGCTGGGAC	0.572148
CGCAGCTGGGACAGCTCCACCTTCAGGTCG	-0.007083
CTTTGTGGCCCTTGTTGAGGCCCACGGCCA	0.640337
TTGCTCACGTTCTTGGTCACTTTGTGGCCC	-0.492287
TGTGCCTGGGCTTGCTCACGTTCTTGGTCA	-0.007779
TGTCCCGCACGAACTTGGTGTGTTTGGTCA	0.201734
TAAATTTGAGGGCCCGTTTGTCCTTGGAGA	-0.647943
CCGATCGCACTTCCTCATGGGAGTCGGTAG	0.380489
TCCTATATACTTCCGTTTGCCTCGCGGTTT	-0.618507
GAAAGAAAGAAACCGCGAGGCAAACGGAAG	1.025019
CTACCATGCTTGCGTGAGCGCTATCGGCGC	-0.102144
CCTTCTTGTACTGTGTCACTTTATGGGGTT	-0.245727
CTTCCTGTCATAACGCCGCTTTCCTGGGAA	-0.062404
TGCATATCCTTACGGCAATTAACTGGGAAA	-0.998053
CAGCATCCTCTTGGATCTGCAGTTAGGCTC	-0.188500
TTCTTTGTGGTCTTAGCCTTCTTCCGGAAA	-0.032418
TTCCGATCATAGCGCCTCCTTCCCTGGGCA	-0.586495
GATTCTTTGTATGCCCAGGGAAGGAGGCGC	0.551115
CGATCCCGACTTTCTTGGTACGTTTGGCCT	-0.341875
CTTTCCCTCTAGGTTTGGCAGTGAAGGAAC	0.211757
ATCAAATTTAAGAGTTTATGCAGCAGGCTT	-0.331073
AAAACTCCACTCACATTCCTGGCCTGGCGA	-0.101928
TCACATTCCTGGCCTGGCGAAGAATGGTGT	0.535976
CTGGCCTGGCGAAGAATGGTGTTCCGGCGC	0.067874
TGCTCGAAGGGCTCTTTGGATCTCTGGGCT	-0.100132
GATCTGTATTAATCATCTTGTGCATGGGAA	0.107328
AAGTTAGATGAATTGTACGGCACTTGGCGT	1.107314
TGCATTTGGACTGAAAGTGCTTTCCGGAAG	0.374731
ATTATCCTCATTATAGATGATGCACGGGCC	0.172817
TTCAACTTTATCTTCAACTACCAAAGGAAG	-0.062781
GGTTTTTGTTAGGTCATCGTATTGAGGAAG	0.065012
AGTGCTGGTAGGGCTGAGGCAGCCAGGGCA	0.584477
TCACTCTACGATGCCAACGGCGCCAGGTTT	1.094940
GTCATCAGACTAGTGCTGAGTCTTGGGGTA	-0.246911
GGTGTGAACAAAGTTCACAATATCTGGTCG	0.766690
ATGTCACTTTGCCTGCTGTATTCAAGGCTC	-0.732376
GGTTTGTTAAAGTTGTTAAGAATAAGGCCT	0.288432
CAGCATATTGTACTGGCCTGCTGCTGGCCC	0.489991
TGTACTGGCCTGCTGCTGGCCCGCAGGGTA	-0.070408
GTACTGGCCTGCTGCTGGCCCGCAGGGTAT	-0.049194
TGTGGAAAGCATTGATGGTCAGCCAGGTGC	0.032262
TAGCGCATGTAATCTGCAACATTCTGGCCC	0.250523
TCTGTGTCGAAGATCTCACCTTCCTGGTGT	0.241153
CGAAGATCTCACCTTCCTGGTGTCTGGGCT	0.575782
GTTGAAGTGGCAATGACAAATTTCTGGTGT	0.509254
AAATTTCTGGTGTGTTCTTCGTAGAGGAAC	-0.956654
AATAAGCCACTAGCCAGCTGCTTCAGGAAA	0.775128
GGCGTCCAGTGAGGATGATCAGAATGGTCC	-0.270676
CAGTTTTCTCACGTGCTGACTGAAGGGTTT	-0.597779
CACATCTTCAGTAGGATAATATCTAGGCTG	-0.711702
ATTCTTCTAATAAGCCTGTTGATCTGGTCC	-0.832258
TAACGCTTTGATTGCTCGATCTCTTGGTAG	-0.403793
TTAGTTCATTTACTGACTTCAGATTGGGGT	-0.365537
AACAAGGCTTCGATTAACATGCTGAGGATT	0.311726
ATGGAGTGAGCCCAAAGGTTCGAAAGGTGT	0.074177
TGATTCTGATGACAAACGCCAATTTGGGTT	0.250326
ACGTTTTCTTTCTGCCCAGCCGAAAGGAAA	-0.342602
TCTGCCGCTGCAACCTGATATAGCGGGGCC	0.087053
GCACTTTCAGCCGCTTATAGAGGATGGCTC	0.158183
CACCTGTTTGGCGGTCCAGGGCCTGGGTGA	0.293221
AGAACCTCACCTGTTTGGCGGTCCAGGGCC	0.664589
GGCCAGCTTAAGCAGCTGAGTAGCTGGAAA	0.199841
CTGCTTCTTCTCTTGCTTTGTCTCTGGTCT	-0.515169
GAGAAGAAGCAGAGACTGTTGGCCCGGGCC	-0.546813
CCCCTTTGCCAGCAGCCTTCTTCTCGGCCC	-0.882538
GCATTATCAAGGGAAAGGCAAGACTGGGAC	0.698889
AAGACAAAGGCGCTTTGGCTAAGCTGGTGG	0.139161
TTGGCTAAGCTGGTGGAAGCTATCAGGACC	0.120373
CCTCATCGTATCTGTCATTGTAATTGGTCC	-0.478629
GGGTCTCATTGCTGCCCGCCGGACTGGACG	-0.160560
AATGAGACCCACTTTGCGGCCAGCAGGGGC	0.603237
GCCTTCAAGATGGGTTTGTCAATTCGGCCA	-1.145064
GATACTCACCAACCACAGCTCTGTTGGCTG	0.105199
TGTTGGCTGAGGAGATAACCTTCTTGGAGC	0.009153
TTGGAGCCGGAGGGCAGCTTCACACGGGTC	-0.028032
AGGGCAGCTTCACACGGGTCTTCTTGGTCT	-0.218514
CTTCACACGGGTCTTCTTGGTCTCAGGGTT	0.220151
TGGTCTCAGGGTTGTGGGAGATAACGGTGG	0.246299
CCGGGCCAGCTTGCCACGGTCTCCAGGCTT	0.308548
CGTGTGCTGCCTGGAGGAGAAGCCTGGAGA	0.695162
GGGAGCACATTGCCAATGTTGAGCTGGGCT	-0.436093
CCAGTTTGTGTATTGCGGCAAGAAGGGTTA	0.114290
TCATTGCCGCCGAGGGCATTCACACGGGCC	-0.636356
CGCTTCTTAAACCGATACGGATCCCGGAAG	0.991232
CGCCCCTCGCCAAGGTGGTCTTCCGGGATC	-0.600991
GGACATCATCCACGACCCGGGCCGCGGCGC	0.934630
TGACATTGAGCTTGTTTCAAATTCAGGTTT	-0.172375
CTTCAAGGATTAATTCATCTTTCTGGGCTT	-0.395501
CATTCTCCTGGATAACAACGTTGATGGGGA	0.493604
CATCAATGTAGAACTCAGCCTTCTTGGAAA	-0.104166
CTTTCTCTTACAGAGAGGCGGATTTGGTCG	0.812494
GGAAGATACTCACAAACTGGAATTCGGTTG	0.873444
CAGCCCCAGCCTCGGCTTTCTTGTCGGCAC	-1.291819
AGAGACTGGCAGGCCTCGGCCTAAAGGTAT	0.178271
TTTAGGCCGAGGCCTGCCAGTCTCTGGACG	0.914247
TGGACGGCTACGGCGTAGGGTGGCAGGCAC	0.927895
GCAAACTGTTCCTTCACGTAGCCTCGGGAC	-0.143160
ATAAATGGCAATCCGGTTCTTCTTAGGCAT	-0.604113
CGGCCGGGAAGATGGCGGACATTCAGGTGC	0.374774
TTCAAAACAAGAAGAGGGTCCTGCTGGGAG	0.005196
GAAGAGGGTCCTGCTGGGAGAAACTGGCAA	0.929823
AGACCGATGTTCTTGTAGTACCGCGGGAGC	-0.116929
CTTCACTGGTAATGTGTCCATTCGAGGGCG	-0.405357
CTGCCTCCACAGGGACGTCCAGATCGGTGA	-0.123302
CCCACTGTGACGATGTCACCGATCTGGACG	0.225638
ACTGCTTCTTGGTGCCGGCAGCCTTGGTGA	-0.097392
ACCCGTAACCCACCGCCATGGCCGAGGAAG	0.104618
TAACCCACCGCCATGGCCGAGGAAGGGTGA	0.547296
CCTGGGCTCACCCTTCCTCGGCCATGGCGG	0.664037
TAAGCATTGCTGCTGGAGGTGTAATGGACG	-0.070114
GCAGCTTCGCGAATTCCACGTGCTAGGCCA	0.373890
GGTTGATTTGGTGTTCAGCACAAAGGGCCT	0.075497
AGCCTTACCTTAATTAGGTTGATTTGGTGT	-0.402416
ATCCTTAGCAGCCTTACCTTAATTAGGTTG	-0.069453
TTGGTTGCAGTTGTGTAGTAGTTAAGGTAA	-0.212519
GTACACAGACAAATTTATGCGACCAGGGCA	0.392021
TTGGTCTTATAATATCGAGCCAAACGGTGA	0.375163
TAATATCGAGCCAAACGGTGAATCCGGCTC	0.589458
CTTAATTAAATGGTAGAGATCTTCAGGAAG	0.170060
AATTTTAAGAATTCTTAAGTCTAAGGGACT	0.176369
CACTCACCGATCTGTGAAGGAGTAAGGCCC	0.222645
TCTGTGAAGGAGTAAGGCCCTTCTTGGCCA	0.474950
GCAGATTTACAAACTGGCCAAGAAGGGCCT	0.523442
CCGATCTTCATACCCGAGCGGGCAAGGGCT	0.334893
CGGCCCTCAGAGCCCTTGCCCGCTCGGGTA	-0.494055
CGGGCAAGGGCTCTGAGGGCCGACTGGGCC	0.682950
GTGATACCCAGCTCCTTGCACCTCTGGGCC	-0.040482
CATATGCTGCTATGTTGGCTGCCCAGGATG	-0.124558
GGTGGCTGAAGGAGAGAATGTATTTGGTGT	0.117429
GCGGCGTGGACCTCGACCAGCTGCTGGACA	1.135991
TGTACAGCTGCATCAGCTGCTCGCTGGGGA	0.370132
TGAAGCGCCTGCGCAAGGCCAAGAAGGAGG	0.469094
TCTCCATGGGCGGCGCCTCCTTCTTGGCCT	-0.498265
CCGCAGGTGCGTCTTCACCACTTCCGGCTT	0.697741
ACACCTTGATCTCCACCTGGTTGAAGGTCT	0.443611
TGGTCTCCCGCAGCCCGAGATGATCGGCCA	0.283778
CGATGCCGGGCCGGCCATGCTTTACGGGCT	-0.330404
AAGGAAAGGCCAACTTACCCAAACTGGCGG	0.488517
AATCTGCTTCCATCCCGCCAGTTTGGGTAA	0.536841
GGTCTTTGAGTTGCACGTCAAATCTGGGGC	0.125133
CTTACCTTGTTTAGCCTGCCTGTGAGGTTC	-1.086270
GAAATCATTGATGACCACAGAGCTGGGAAA	0.618559
AGAGGCAAACGCCAGGTGCTTATTAGGCCG	-0.552369
TTTCTGGTAGCGAGCGCGGGCACCAGGGCC	0.761978
TGAGGATGTCTTTGATCTCCTTCTTGGAAG	-0.526732
AGGACCCATGCTCACTCACATTTCTGGTAA	0.023729
TCACATTTCTGGTAATAGGCCACCAGGGCT	0.449956
AGTTCCTGGGACTCACCATAAATCTGGGCC	0.041034
TGGTGGTCACGTGGCCCAGATTTATGGTGA	-0.007711
TGTAGACATCCGTGTCCGTGTAAAGGGTGG	-0.245429
GCTTCTCGGCAAGGAGCGATTTGCTGGTGT	-0.085344
CCCGCTGCAGTCTGTGCAGGTCTTCGGACG	0.122308
ACTTCGGCAGTCTGTCCAACCTTCAGGTCA	-0.125501
AAGCTTCAGCATTTCCTTAGTGTCAGGATC	-0.013724
TCGTTTCCTTGTAGGTCTCAGCCTTGGATC	-0.359765
CTCTCTCCTCCTCCTGCAGCTTGATGGAGA	-0.157102
GAGGTATCTCCATCAAGCTGCAGGAGGAGG	0.829605
CAGCTTGATGGAGATACCTCTTACTGGGCC	0.137498
TCCACACGAACAAGCGCGTGTGCGAGGAGA	-0.187562
TGATGACCCGGGCCGCCTTCTTCACGGTTT	-0.655626
CTTACCCTACTTCACTTACCTTAATGGCAG	-0.779502
CCTCAGTGAGTTCTCCCGCCCTCTTGGTGA	-0.145051
CCAGTGGTCTTGGTGTGCTGGCCTCGGACA	0.562160
CACTGGCCGCCGTGGCCGCACCGTGGGTGT	-0.154729
TTGGACACACCCACGGTGCGGCCACGGCGG	0.131501
CTTATTTCTTCTTGGACACACCCACGGTGC	-0.156047
CCAGAGTCTCCGTGCAGCGGACTCAGGCTC	1.164482
CTGTATTCACCAAGTCTCCCTATCAGGAGT	-0.360566
TAGAAATGGCATCAAAGGTGGCCTTGGCTG	0.476964
CACCTGCCACCAGCCTACCTTGCAAGGGAC	-0.040563
CACGGATGGCGGTGGCCACCTCCTTGGAGC	-0.527854
TTTTCGCAGGCATTTGTTGCTATCGGGGAC	-0.090375
CCAACGACCGACGCGTACCTTAATAGGCAG	-0.011508
GACCGACGCGTACCTTAATAGGCAGGGAGA	-0.418415
TTAGTGGATGCCCGTCACCAAGTTGGGCCG	0.284529
GCGGAGCTCGCGGAGGCAAGGCCGAGGATA	0.559821
AATACACTTCTCAAAGTGTACTGCTGGCCC	-0.437743
TGTACTGCTGGCCCTCTGTATCCATGGGTT	-0.723287
CGGCTTGTTAGGGTGATTCGAATTCGGTGA	0.273180
GGTGAATTGCCACCTCCGGCTCCACGGGTG	0.085523
CAGCGAATAGGCTGCACGTGGCCGCGGCCC	0.061202
TCGGGCACAGTTAGTGCAGCGAATAGGCTG	-0.097134
GAATTTCTTAATGGCCTTGTCCTTGGGCAC	-0.532637
TGTTTCGAATGACGAATTTCTTAATGGCCT	-0.761791
AGAAATTCGTCATTCGAAACATAGTGGAGG	-0.003624
AAATACTCACCGCAGGTCTAAATCGGGGTG	-0.259078
TCAGCTCCTTACATGGGCTTTGGTGGGGGA	-0.151562
TTTCACATCCATGAAGTAGGAATTGGGGCT	0.501469
CTGCTTCCTCCTGAAGGAACATCCTGGAGG	0.364055
TGATCAGCAGAGACTGATCTTTGCTGGCAA	-0.208630
GACTGATCTTTGCTGGCAAGCAGCTGGAAG	0.324416
AACTGGCTCACCTTATAATATTTCAGGACA	0.187985
TAACTCATACAGTTACTTGTCTTCTGGTTT	0.030289
GGAGGAGATGGGTGTCACCTCCATAGGCAG	0.034815
GTGTCACCTCCATAGGCAGTGCCAAGGAAG	0.110413
AGCTGTCTTCCTTGGCACTGCCTATGGAGG	0.031728
AGGCAGTGCCAAGGAAGACAGCTCAGGTCT	0.584550
CGGCACATATTGAGGCCATATTTCCGGATC	-0.614100
CCGGCACGGTCTGATCCGGAAATATGGCCT	0.318808
CCCAGAGGCTCACCTTCCTCTTCTTGGATA	-0.212400
TTGTTTGGATTAGTTTGTCGCTGATGGCAT	0.416891
ACAGAAATCATTATCTTAGCCACCAGGTAA	0.082002
CCCCCCCAGAACACAGAATGTTCTTGGTGA	0.144803
CTTGGTGAGAAGGGCCGGCGGATTCGGGAA	0.641712
CAAAGGCTGCGAGGTTGTGGTGTCTGGGAA	0.630023
TCATCAGGCCATCCACAAACTTCATGGATT	0.034305
GATCATGCTGCCCTGGGACCCAACTGGTAA	0.343665
GGGTTCCACAATGCTCACGTGGTCAGGCAG	0.591036
TCTTTGGGTTCCACAATGCTCACGTGGTCA	-0.055532
AATATTTCTTATATTGAACATAGCAGGTGC	0.057029
TGCTATGTTCAATATAAGAAATATTGGAAA	0.248188
TTCTTTTGTAGAAATTGCATCTGATGGTCT	0.158850
TTACTTGCTTCGTCTGTTCTGTGTTGGTTT	-0.633646
CAGCACCAACAGGTCCGCCAAATCCGGAAG	0.673829
GTCTTTTGTCTCTCTCTTCAGCAATGGTGA	-0.849435
CTTCCTGCCTAGGTAACCTGTGTATGGTGA	0.650241
TGAATGATACCATTCAGATTGATTTGGAGA	0.003557
TGTGCAAAGTGAGAAAGATCTTTGTGGGCA	0.030625
AAACTTCTTACCCATGAATCCAGCAGGGTA	-0.118145
TGGCAGCTCCAAAGCATTGGATGCTGGATA	0.441972
GGAGTTAGTGAGGCGCTCCACAATGGGACA	-0.003438
AGCCCCAGGCTCACCTGGTTCACACGGCGC	-0.698972
CCCCTGCTGTCTTCCTAGGCCATCTGGCTG	0.279090
GCTCCAGCTCGTCCTTCTTCTTAATGGCAT	-0.645467
CTGCGTCTCTTCGCAATTTGTTCCTGGCGC	-0.184260
ATCTTAGACTAACCTTCATTCTCTTGGCCA	-0.429539
GCAATACGCCGCCGTTTGTGCTGCAGGACA	-0.331801
CTGAATCTTGGGTGCTTTGGTCCTAGGTTT	-0.247509
TGATACTACAGTGCCTCGCCGCCTGGGCCC	-0.041902
ATGCAAATCTGAGCGTTCTCAACTTGGTTA	-0.421628
CTCAGTAGCAGGCGGACACGGCCATGGGTC	0.355952
TGTTTGTCGTTCCCACCACTGATTCGGACC	-0.159209
TCATCGTCCACTTCAATGAGTTTCTGGCAG	0.518342
CGAACTCGTCCGGCTTCTCGCCATTGGGCT	0.207554
CGAGAAGCCGGACGAGTTCGAGTCCGGCAT	0.309119
TTTTTTTCTTTAGGAAATTGAAGTTGGTGG	-0.122988
GATTTTCTGGAAAGATTTCAGTTGAGGAAC	-0.382054
TCCAATTCGCGTACTAGCCGGACTTGGATT	0.665882
TTTTTCTCCAATTCGCGTACTAGCCGGACT	-0.051500
TGCACGATGCCATCCTTGAGGACTTGGTCT	0.084315
ATTTTTGTTTACAATTGAAACTCTGGGAAT	0.220847
CCGCTTCCACATGCAGGCATCTCTCGGGAC	0.375667
CTCATACTTCCGCTTCTTGTGGTAGGGCTT	-0.517999
CGATGCAATTCTTCACCAGGGTCTTGGTAC	0.867066
GGCAAAGAGTTGGAGTTCTATCTTAGGAAA	-0.746185
TTGGTCGAGACGAGATTTCTCGAAGGGTCT	-0.435689
TCTCGACCAAGAGCTGAAGCTGATCGGTGA	0.273689
CTGGCCAAGATCCGCAAGGCCGCCCGGGAA	0.246538
GTCAGCAGTTCCCGGGCGGCCTTGCGGATC	-0.142782
CAGGCAACGCCCTGCTGCGGCGGCTGGTCC	0.979774
CTCTCTAAGAAATCCTCTATCTTCAGGCCC	-0.048138
GTGCTGATCCGCCAGCGCCATATCAGGTAC	0.466923
GCCCATCCGAGGTGGTACCTGATATGGCGC	-0.159817
GACTTCTCTCTGCGCTCTCCCTACGGGGGT	-0.660755
